DateTime,USD,EUR,GBP,AUD,NZD,CAD,CHF,TRY,ZAR,MXN,NOK,SEK,HKD
2019/6/3 0:00,108.1330,120.9400,136.8040,75.2020,70.8530,80.1170,108.3540,18.4727,7.4310,5.5116,12.3750,11.4121,13.82
2019/6/3 0:01,108.1330,120.9420,136.8030,75.2090,70.8570,80.1180,108.3540,18.4726,7.4311,5.5116,12.3753,11.4129,13.82
2019/6/3 0:02,108.1400,120.9560,136.8190,75.2130,70.8610,80.1230,108.3740,18.4738,7.4316,5.5121,12.3765,11.4136,13.82
2019/6/3 0:03,108.1420,120.9580,136.8280,75.2110,70.8620,80.1240,108.3780,18.4741,7.4315,5.5123,12.3769,11.4142,13.82
2019/6/3 0:04,108.1480,120.9620,136.8260,75.2170,70.8680,80.1300,108.3910,18.4752,7.4321,5.5125,12.3767,11.4148,13.82
2019/6/3 0:05,108.1420,120.9550,136.8160,75.2070,70.8630,80.1240,108.3950,18.4741,7.4316,5.5122,12.3764,11.4142,13.82
2019/6/3 0:06,108.1480,120.9590,136.8220,75.2160,70.8670,80.1300,108.4020,18.4752,7.4320,5.5127,12.3768,11.4146,13.82
2019/6/3 0:07,108.1470,120.9580,136.8230,75.2160,70.8670,80.1330,108.4010,18.4750,7.4325,5.5125,12.3767,11.4142,13.82
2019/6/3 0:08,108.1510,120.9610,136.8300,75.2200,70.8740,80.1320,108.4050,18.4757,7.4331,5.5129,12.3766,11.4132,13.82
2019/6/3 0:09,108.1530,120.9590,136.8310,75.2180,70.8750,80.1340,108.3990,18.4760,7.4335,5.5128,12.3769,11.4125,13.82
2019/6/3 0:10,108.1580,120.9630,136.8370,75.2220,70.8800,80.1370,108.4030,18.4768,7.4327,5.5132,12.3775,11.4152,13.82
2019/6/3 0:11,108.1650,120.9710,136.8460,75.2290,70.8860,80.1430,108.4100,18.4780,7.4331,5.5135,12.3776,11.4163,13.82
2019/6/3 0:12,108.1680,120.9760,136.8490,75.2290,70.8860,80.1450,108.4130,18.4786,7.4336,5.5136,12.3782,11.4141,13.82
2019/6/3 0:13,108.1700,120.9760,136.8510,75.2210,70.8810,80.1460,108.4160,18.4790,7.4341,5.5136,12.3782,11.4132,13.82
2019/6/3 0:14,108.1690,120.9760,136.8470,75.2190,70.8800,80.1450,108.4150,18.4787,7.4344,5.5135,12.3781,11.4166,13.82
2019/6/3 0:15,108.1680,120.9720,136.8390,75.2140,70.8750,80.1440,108.4120,18.4786,7.4332,5.5132,12.3778,11.4152,13.82
2019/6/3 0:16,108.1600,120.9660,136.8200,75.2120,70.8740,80.1370,108.4080,18.4772,7.4333,5.5129,12.3777,11.4154,13.82
2019/6/3 0:17,108.1610,120.9670,136.8280,75.2120,70.8750,80.1380,108.4090,18.4774,7.4327,5.5131,12.3778,11.4154,13.82
2019/6/3 0:18,108.1500,120.9550,136.8100,75.2040,70.8680,80.1300,108.3970,18.4760,7.4316,5.5125,12.3764,11.4139,13.82
2019/6/3 0:19,108.1470,120.9500,136.8030,75.2020,70.8650,80.1280,108.3940,18.4750,7.4326,5.5123,12.3761,11.4135,13.82
2019/6/3 0:20,108.1510,120.9560,136.8070,75.2070,70.8660,80.1330,108.3980,18.4758,7.4330,5.5127,12.3766,11.4139,13.82
2019/6/3 0:21,108.1410,120.9400,136.7890,75.1880,70.8500,80.1240,108.3880,18.4741,7.4323,5.5121,12.3747,11.4114,13.82
2019/6/3 0:22,108.1360,120.9400,136.7760,75.1790,70.8470,80.1210,108.3810,18.4733,7.4320,5.5111,12.3743,11.4117,13.82
2019/6/3 0:23,108.1350,120.9370,136.7750,75.1740,70.8430,80.1150,108.3800,18.4731,7.4319,5.5111,12.3740,11.4117,13.82
2019/6/3 0:24,108.1240,120.9240,136.7510,75.1670,70.8370,80.1060,108.3790,18.4711,7.4303,5.5105,12.3728,11.4097,13.82
2019/6/3 0:25,108.1220,120.9170,136.7460,75.1640,70.8330,80.1060,108.3690,18.4708,7.4300,5.5104,12.3717,11.4073,13.82
2019/6/3 0:26,108.1220,120.9060,136.7430,75.1560,70.8230,80.1000,108.3600,18.4708,7.4307,5.5081,12.3708,11.4051,13.82
2019/6/3 0:27,108.1200,120.9040,136.7400,75.1620,70.8200,80.0970,108.3630,18.4705,7.4312,5.5087,12.3712,11.4069,13.82
2019/6/3 0:28,108.1280,120.9140,136.7410,75.1680,70.8250,80.1040,108.3670,18.4718,7.4309,5.5091,12.3720,11.4080,13.82
2019/6/3 0:29,108.1270,120.9180,136.7380,75.1690,70.8250,80.1020,108.3660,18.4715,7.4306,5.5091,12.3718,11.4090,13.82
2019/6/3 0:30,108.1210,120.9060,136.7310,75.1550,70.8190,80.0990,108.3650,18.4706,7.4302,5.5084,12.3708,11.4083,13.82
2019/6/3 0:31,108.1170,120.9010,136.7270,75.1470,70.8190,80.0940,108.3590,18.4700,7.4299,5.5085,12.3701,11.4080,13.82
2019/6/3 0:32,108.1230,120.9020,136.7230,75.1440,70.8160,80.0990,108.3590,18.4708,7.4302,5.5090,12.3709,11.4080,13.82
2019/6/3 0:33,108.1290,120.9080,136.7170,75.1580,70.8280,80.1030,108.3660,18.4720,7.4307,5.5092,12.3713,11.4079,13.82
2019/6/3 0:34,108.1270,120.9100,136.7190,75.1560,70.8290,80.1030,108.3630,18.4716,7.4313,5.5095,12.3712,11.4083,13.82
2019/6/3 0:35,108.1300,120.9150,136.7240,75.1610,70.8310,80.1030,108.3680,18.4723,7.4314,5.5096,12.3720,11.4088,13.82
2019/6/3 0:36,108.1280,120.9150,136.7220,75.1560,70.8300,80.1040,108.3670,18.4720,7.4318,5.5095,12.3716,11.4086,13.82
2019/6/3 0:37,108.1270,120.9130,136.7210,75.1580,70.8290,80.1030,108.3650,18.4718,7.4318,5.5094,12.3715,11.4077,13.82
2019/6/3 0:38,108.1280,120.9230,136.7230,75.1640,70.8310,80.1040,108.3670,18.4720,7.4318,5.5098,12.3711,11.4082,13.82
2019/6/3 0:39,108.1290,120.9170,136.7120,75.1580,70.8280,80.1040,108.3660,18.4720,7.4322,5.5097,12.3720,11.4082,13.82
2019/6/3 0:40,108.1220,120.9090,136.7150,75.1540,70.8250,80.0990,108.3600,18.4709,7.4314,5.5094,12.3715,11.4077,13.82
2019/6/3 0:41,108.1270,120.9190,136.7290,75.1570,70.8290,80.1030,108.3650,18.4711,7.4318,5.5096,12.3710,11.4089,13.82
2019/6/3 0:42,108.1220,120.9130,136.7160,75.1530,70.8250,80.0990,108.3600,18.4701,7.4314,5.5094,12.3710,11.4073,13.82
2019/6/3 0:43,108.1280,120.9220,136.7240,75.1720,70.8320,80.1030,108.3650,18.4711,7.4316,5.5098,12.3720,11.4080,13.82
2019/6/3 0:44,108.1270,120.9180,136.7240,75.1700,70.8310,80.1030,108.3640,18.4708,7.4315,5.5102,12.3718,11.4088,13.82
2019/6/3 0:45,108.1270,120.9180,136.7270,75.1670,70.8310,80.1020,108.3640,18.4708,7.4315,5.5102,12.3718,11.4089,13.82
2019/6/3 0:46,108.1280,120.9100,136.7220,75.1680,70.8310,80.1030,108.3610,18.4710,7.4316,5.5102,12.3701,11.4071,13.82
2019/6/3 0:47,108.1250,120.9050,136.7110,75.1680,70.8300,80.1020,108.3590,18.4705,7.4314,5.5100,12.3695,11.4065,13.82
2019/6/3 0:48,108.1260,120.9020,136.7170,75.1710,70.8290,80.1030,108.3530,18.4705,7.4313,5.5100,12.3696,11.4072,13.82
2019/6/3 0:49,108.1190,120.8930,136.7080,75.1640,70.8220,80.0970,108.3450,18.4679,7.4308,5.5097,12.3689,11.4068,13.82
2019/6/3 0:50,108.1120,120.8870,136.6940,75.1490,70.8130,80.0920,108.3400,18.4665,7.4303,5.5092,12.3678,11.4060,13.82
2019/6/3 0:51,108.1110,120.8840,136.6900,75.1510,70.8120,80.0910,108.3360,18.4665,7.4303,5.5092,12.3675,11.4053,13.82
2019/6/3 0:52,108.1100,120.8800,136.6930,75.1450,70.8110,80.0900,108.3350,18.4663,7.4301,5.5089,12.3675,11.4042,13.82
2019/6/3 0:53,108.1080,120.8760,136.6870,75.1370,70.8070,80.0830,108.3330,18.4648,7.4271,5.5058,12.3673,11.4044,13.82
2019/6/3 0:54,108.1050,120.8670,136.6840,75.1310,70.8020,80.0810,108.3250,18.4643,7.4274,5.5057,12.3662,11.4040,13.82
2019/6/3 0:55,108.1120,120.8660,136.6910,75.1360,70.8070,80.0860,108.3230,18.4653,7.4277,5.5062,12.3662,11.4048,13.82
2019/6/3 0:56,108.1000,120.8440,136.6750,75.1260,70.8000,80.0770,108.3120,18.4633,7.4268,5.5054,12.3644,11.4025,13.82
2019/6/3 0:57,108.1010,120.8250,136.6550,75.1180,70.7890,80.0720,108.3080,18.4636,7.4256,5.5048,12.3624,11.4011,13.82
2019/6/3 0:58,108.0820,120.8040,136.6280,75.1040,70.7780,80.0590,108.2940,18.4605,7.4242,5.5040,12.3603,11.3984,13.82
2019/6/3 0:59,108.0700,120.7890,136.6150,75.0870,70.7680,80.0510,108.3010,18.4581,7.4234,5.5032,12.3564,11.3970,13.82
2019/6/3 1:00,108.0910,120.8150,136.6440,75.1120,70.7810,80.0650,108.3150,18.4620,7.4254,5.5044,12.3606,11.3994,13.82
2019/6/3 1:01,108.1040,120.8290,136.6620,75.1190,70.7900,80.0730,108.3240,18.4643,7.4262,5.5050,12.3616,11.3999,13.82
2019/6/3 1:02,108.1100,120.8340,136.6670,75.1130,70.7810,80.0780,108.3320,18.4653,7.4264,5.5053,12.3624,11.4005,13.82
2019/6/3 1:03,108.1210,120.8490,136.6870,75.1340,70.8030,80.0890,108.3430,18.4664,7.4273,5.5058,12.3637,11.4015,13.82
2019/6/3 1:04,108.1080,120.8270,136.6650,75.1120,70.7820,80.0750,108.3300,18.4649,7.4263,5.5052,12.3619,11.3996,13.82
2019/6/3 1:05,108.1140,120.8320,136.6740,75.1220,70.7880,80.0820,108.3290,18.4637,7.4267,5.5055,12.3627,11.4007,13.82
2019/6/3 1:06,108.1250,120.8450,136.6880,75.1330,70.7920,80.0930,108.3280,18.4655,7.4277,5.5059,12.3640,11.4019,13.82
2019/6/3 1:07,108.1340,120.8560,136.6990,75.1420,70.7990,80.1120,108.3370,18.4671,7.4282,5.5065,12.3646,11.4030,13.82
2019/6/3 1:08,108.1430,120.8730,136.7110,75.1470,70.8070,80.1250,108.3450,18.4687,7.4297,5.5102,12.3660,11.4045,13.82
2019/6/3 1:09,108.1370,120.8590,136.7120,75.1400,70.7980,80.1150,108.3360,18.4677,7.4290,5.5098,12.3648,11.4036,13.82
2019/6/3 1:10,108.1370,120.8660,136.7150,75.1320,70.7970,80.1140,108.3400,18.4673,7.4292,5.5096,12.3654,11.4041,13.82
2019/6/3 1:11,108.1420,120.8710,136.7220,75.1370,70.8020,80.1170,108.3430,18.4685,7.4294,5.5098,12.3661,11.4046,13.82
2019/6/3 1:12,108.1310,120.8590,136.7080,75.1260,70.7950,80.1100,108.3330,18.4667,7.4283,5.5095,12.3655,11.4035,13.82
2019/6/3 1:13,108.1250,120.8490,136.7020,75.1250,70.7930,80.1040,108.3340,18.4656,7.4281,5.5092,12.3631,11.4027,13.82
2019/6/3 1:14,108.1370,120.8700,136.7170,75.1400,70.8080,80.1150,108.3500,18.4689,7.4293,5.5101,12.3676,11.4052,13.82
2019/6/3 1:15,108.1380,120.8770,136.7170,75.1430,70.8120,80.1190,108.3500,18.4724,7.4293,5.5099,12.3680,11.4054,13.82
2019/6/3 1:16,108.1400,120.8800,136.7310,75.1420,70.8150,80.1210,108.3530,18.4736,7.4292,5.5089,12.3683,11.4055,13.82
2019/6/3 1:17,108.1360,120.8750,136.7230,75.1410,70.8130,80.1180,108.3500,18.4726,7.4289,5.5087,12.3678,11.4050,13.82
2019/6/3 1:18,108.1260,120.8680,136.7090,75.1440,70.8040,80.1100,108.3480,18.4714,7.4283,5.5092,12.3674,11.4043,13.82
2019/6/3 1:19,108.1310,120.8740,136.7180,75.1600,70.8210,80.1140,108.3480,18.4716,7.4286,5.5098,12.3679,11.4049,13.82
2019/6/3 1:20,108.1330,120.8730,136.7200,75.1600,70.8210,80.1160,108.3450,18.4721,7.4289,5.5098,12.3679,11.4048,13.82
2019/6/3 1:21,108.1330,120.8770,136.7310,75.1700,70.8250,80.1210,108.3470,18.4722,7.4290,5.5103,12.3683,11.4051,13.82
2019/6/3 1:22,108.1400,120.8840,136.7410,75.1750,70.8280,80.1260,108.3490,18.4740,7.4295,5.5106,12.3690,11.4058,13.82
2019/6/3 1:23,108.1430,120.8910,136.7440,75.1780,70.8310,80.1290,108.3590,18.4767,7.4299,5.5108,12.3693,11.4062,13.82
2019/6/3 1:24,108.1460,120.8970,136.7450,75.1800,70.8310,80.1290,108.3580,18.4795,7.4302,5.5110,12.3701,11.4079,13.82
2019/6/3 1:25,108.1720,120.9230,136.7790,75.1950,70.8480,80.1510,108.3750,18.4731,7.4318,5.5134,12.3731,11.4104,13.82
2019/6/3 1:26,108.1720,120.9250,136.7790,75.1990,70.8500,80.1510,108.3730,18.4731,7.4319,5.5133,12.3733,11.4100,13.82
2019/6/3 1:27,108.1630,120.9100,136.7690,75.1970,70.8440,80.1470,108.3630,18.4725,7.4307,5.5129,12.3719,11.4082,13.82
2019/6/3 1:28,108.1630,120.9110,136.7670,75.1940,70.8420,80.1450,108.3620,18.4716,7.4311,5.5128,12.3720,11.4079,13.82
2019/6/3 1:29,108.1630,120.9100,136.7660,75.1910,70.8390,80.1450,108.3630,18.4729,7.4310,5.5128,12.3719,11.4078,13.82
2019/6/3 1:30,108.1920,120.9320,136.7810,75.2100,70.8530,80.1660,108.3700,18.4765,7.4330,5.5159,12.3742,11.4099,13.82
2019/6/3 1:31,108.1800,120.9190,136.7670,75.2140,70.8550,80.1630,108.3590,18.4783,7.4326,5.5154,12.3730,11.4088,13.82
2019/6/3 1:32,108.1800,120.9190,136.7670,75.2090,70.8550,80.1630,108.3560,18.4792,7.4323,5.5155,12.3730,11.4091,13.82
2019/6/3 1:33,108.1800,120.9220,136.7660,75.2070,70.8540,80.1690,108.3500,18.4849,7.4337,5.5153,12.3731,11.4090,13.82
2019/6/3 1:34,108.1740,120.9180,136.7680,75.2050,70.8500,80.1620,108.3640,18.4845,7.4333,5.5150,12.3730,11.4100,13.82
2019/6/3 1:35,108.1770,120.9210,136.7740,75.2090,70.8520,80.1660,108.3640,18.4844,7.4337,5.5152,12.3731,11.4108,13.82
2019/6/3 1:36,108.1730,120.9170,136.7680,75.2020,70.8470,80.1630,108.3620,18.4788,7.4334,5.5150,12.3728,11.4104,13.82
2019/6/3 1:37,108.1670,120.9100,136.7610,75.1780,70.8320,80.1530,108.3560,18.4792,7.4326,5.5146,12.3724,11.4100,13.82
2019/6/3 1:38,108.1640,120.9060,136.7560,75.1670,70.8210,80.1510,108.3530,18.4791,7.4323,5.5134,12.3716,11.4097,13.82
2019/6/3 1:39,108.1650,120.9030,136.7450,75.1630,70.8190,80.1500,108.3520,18.4800,7.4319,5.5134,12.3711,11.4087,13.82
2019/6/3 1:40,108.1740,120.9180,136.7560,75.1860,70.8270,80.1630,108.3610,18.4818,7.4328,5.5139,12.3726,11.4098,13.82
2019/6/3 1:41,108.1730,120.9120,136.7470,75.1780,70.8250,80.1570,108.3560,18.4808,7.4328,5.5146,12.3720,11.4094,13.82
2019/6/3 1:42,108.1830,120.9230,136.7590,75.1880,70.8320,80.1650,108.3590,18.4854,7.4337,5.5151,12.3731,11.4104,13.82
2019/6/3 1:43,108.1840,120.9120,136.7500,75.1800,70.8210,80.1610,108.3260,18.4856,7.4323,5.5142,12.3721,11.4072,13.82
2019/6/3 1:44,108.1940,120.9210,136.7640,75.1870,70.8300,80.1720,108.3270,18.4875,7.4317,5.5148,12.3729,11.4098,13.82
2019/6/3 1:45,108.1900,120.9190,136.7590,75.1900,70.8340,80.1700,108.3260,18.4879,7.4328,5.5146,12.3728,11.4093,13.82
2019/6/3 1:46,108.2160,120.9430,136.7890,75.2080,70.8430,80.1880,108.3380,18.4914,7.4358,5.5160,12.3756,11.4106,13.82
2019/6/3 1:47,108.2220,120.9390,136.8010,75.2020,70.8450,80.1880,108.3390,18.5061,7.4363,5.5155,12.3750,11.4087,13.82
2019/6/3 1:48,108.2200,120.9360,136.7960,75.1980,70.8450,80.1860,108.3400,18.4872,7.4352,5.5139,12.3752,11.4098,13.82
2019/6/3 1:49,108.2150,120.9260,136.7900,75.1950,70.8380,80.1830,108.3230,18.4982,7.4355,5.5136,12.3741,11.4090,13.82
2019/6/3 1:50,108.2090,120.9240,136.7850,75.1920,70.8380,80.1770,108.3210,18.4991,7.4351,5.5132,12.3741,11.4072,13.82
2019/6/3 1:51,108.1950,120.9040,136.7490,75.1760,70.8280,80.1630,108.3060,18.4968,7.4337,5.5115,12.3722,11.4063,13.82
2019/6/3 1:52,108.1890,120.9020,136.7310,75.1670,70.8240,80.1570,108.3010,18.4949,7.4336,5.5112,12.3717,11.4069,13.82
2019/6/3 1:53,108.1950,120.9090,136.7390,75.1720,70.8290,80.1630,108.3110,18.4961,7.4341,5.5125,12.3724,11.4060,13.82
2019/6/3 1:54,108.1900,120.9030,136.7340,75.1660,70.8220,80.1590,108.3090,18.4978,7.4336,5.5115,12.3732,11.4048,13.82
2019/6/3 1:55,108.1910,120.9050,136.7340,75.1590,70.8190,80.1650,108.3090,18.4968,7.4337,5.5116,12.3750,11.4081,13.82
2019/6/3 1:56,108.1970,120.9170,136.7430,75.1630,70.8220,80.1680,108.3500,18.4990,7.4340,5.5117,12.3757,11.4088,13.82
2019/6/3 1:57,108.2030,120.9160,136.7510,75.1640,70.8270,80.1730,108.3570,18.5001,7.4345,5.5123,12.3762,11.4086,13.82
2019/6/3 1:58,108.1980,120.9160,136.7460,75.1580,70.8220,80.1690,108.3530,18.4993,7.4257,5.5117,12.3760,11.4082,13.82
2019/6/3 1:59,108.2160,120.9270,136.7570,75.1670,70.8320,80.1830,108.3640,18.5033,7.4264,5.5112,12.3768,11.4094,13.82
2019/6/3 2:00,108.2320,120.9500,136.7730,75.1900,70.8420,80.1830,108.3600,18.5254,7.4272,5.5136,12.3798,11.4127,13.82
2019/6/3 2:01,108.2310,120.9580,136.7660,75.1990,70.8510,80.1890,108.3910,18.5252,7.4282,5.5156,12.3813,11.4131,13.82
2019/6/3 2:02,108.2310,120.9330,136.7120,75.1740,70.8380,80.1730,108.3820,18.5226,7.4263,5.5123,12.3790,11.4110,13.82
2019/6/3 2:03,108.2270,120.9240,136.7150,75.1820,70.8400,80.1810,108.3760,18.5268,7.4264,5.5131,12.3799,11.4104,13.82
2019/6/3 2:04,108.2270,120.9240,136.7260,75.1830,70.8410,80.1760,108.3700,18.5259,7.4275,5.5130,12.3802,11.4106,13.82
2019/6/3 2:05,108.2280,120.9320,136.7420,75.1930,70.8490,80.1770,108.3700,18.5368,7.4316,5.5137,12.3816,11.4138,13.82
2019/6/3 2:06,108.2260,120.9340,136.7420,75.1950,70.8490,80.1750,108.3660,18.5323,7.4280,5.5142,12.3824,11.4137,13.82
2019/6/3 2:07,108.2130,120.9290,136.7360,75.1950,70.8520,80.1700,108.3580,18.5367,7.4223,5.5160,12.3831,11.4141,13.82
2019/6/3 2:08,108.2010,120.9160,136.7190,75.1910,70.8440,80.1740,108.3490,18.5336,7.4239,5.5163,12.3810,11.4115,13.82
2019/6/3 2:09,108.2130,120.9180,136.7410,75.2120,70.8630,80.1850,108.3200,18.5359,7.4270,5.5175,12.3805,11.4098,13.82
2019/6/3 2:10,108.2030,120.9120,136.7430,75.2040,70.8570,80.1740,108.3570,18.5344,7.4278,5.5176,12.3794,11.4085,13.82
2019/6/3 2:11,108.2100,120.9260,136.7610,75.2200,70.8630,80.1850,108.3600,18.5363,7.4293,5.5181,12.3803,11.4099,13.82
2019/6/3 2:12,108.2100,120.9250,136.7600,75.2110,70.8610,80.1800,108.3600,18.5357,7.4292,5.5179,12.3812,11.4098,13.82
2019/6/3 2:13,108.2380,120.9480,136.7670,75.2230,70.8720,80.1990,108.3700,18.5348,7.4284,5.5190,12.3862,11.4124,13.82
2019/6/3 2:14,108.2400,120.9330,136.7310,75.2060,70.8650,80.1910,108.3760,18.5244,7.4254,5.5180,12.3830,11.4113,13.82
2019/6/3 2:15,108.2360,120.9490,136.7710,75.2090,70.8690,80.1840,108.3820,18.5255,7.4251,5.5170,12.3835,11.4109,13.82
2019/6/3 2:16,108.2600,120.9460,136.7770,75.2080,70.8730,80.2060,108.3930,18.5262,7.4259,5.5163,12.3830,11.4106,13.82
2019/6/3 2:17,108.2630,120.9400,136.7610,75.1970,70.8620,80.2030,108.3880,18.5277,7.4235,5.5159,12.3782,11.4065,13.82
2019/6/3 2:18,108.2500,120.9330,136.7530,75.1950,70.8580,80.1880,108.3680,18.5250,7.4177,5.5144,12.3758,11.4061,13.82
2019/6/3 2:19,108.2400,120.9250,136.7380,75.1760,70.8490,80.1810,108.3710,18.5228,7.4180,5.5139,12.3722,11.4054,13.82
2019/6/3 2:20,108.2340,120.9070,136.7280,75.1670,70.8390,80.1650,108.3690,18.5151,7.4175,5.5106,12.3700,11.4036,13.82
2019/6/3 2:21,108.2330,120.8940,136.7130,75.1590,70.8330,80.1650,108.3570,18.5044,7.4161,5.5106,12.3703,11.4021,13.82
2019/6/3 2:22,108.2400,120.9050,136.7440,75.1590,70.8380,80.1720,108.3670,18.5057,7.4159,5.5113,12.3716,11.4029,13.82
2019/6/3 2:23,108.2450,120.9190,136.7490,75.1720,70.8470,80.1780,108.3690,18.5059,7.4174,5.5116,12.3731,11.4044,13.82
2019/6/3 2:24,108.2440,120.9290,136.7510,75.1740,70.8520,80.1740,108.3760,18.5063,7.4171,5.5101,12.3741,11.4054,13.82
2019/6/3 2:25,108.2460,120.9350,136.7510,75.1800,70.8540,80.1710,108.3930,18.5089,7.4217,5.5099,12.3746,11.4064,13.82
2019/6/3 2:26,108.2680,120.9510,136.7660,75.1950,70.8650,80.1840,108.4020,18.5121,7.4208,5.5116,12.3762,11.4075,13.82
2019/6/3 2:27,108.2640,120.9430,136.7570,75.1900,70.8650,80.1820,108.4000,18.5196,7.4210,5.5117,12.3743,11.4066,13.82
2019/6/3 2:28,108.2600,120.9380,136.7540,75.1850,70.8610,80.1790,108.3970,18.5131,7.4211,5.5109,12.3737,11.4075,13.82
2019/6/3 2:29,108.2680,120.9340,136.7580,75.1810,70.8580,80.1840,108.3930,18.5139,7.4226,5.5114,12.3688,11.4100,13.82
2019/6/3 2:30,108.2660,120.9400,136.7510,75.1910,70.8640,80.1830,108.4020,18.5055,7.4227,5.5113,12.3776,11.4165,13.82
2019/6/3 2:31,108.2870,120.9450,136.7720,75.1950,70.8700,80.1940,108.4100,18.5083,7.4242,5.5123,12.3740,11.4129,13.82
2019/6/3 2:32,108.2910,120.9480,136.7760,75.2020,70.8730,80.1980,108.4170,18.5004,7.4246,5.5125,12.3729,11.4089,13.82
2019/6/3 2:33,108.3010,120.9670,136.7990,75.2080,70.8800,80.1980,108.4360,18.5025,7.4246,5.5144,12.3745,11.4122,13.82
2019/6/3 2:34,108.2960,120.9570,136.8090,75.2160,70.8780,80.1940,108.4320,18.5011,7.4288,5.5156,12.3762,11.4142,13.82
2019/6/3 2:35,108.3200,120.9840,136.8450,75.2320,70.8920,80.2190,108.4460,18.5160,7.4305,5.5159,12.3792,11.4129,13.82
2019/6/3 2:36,108.3590,121.0100,136.8520,75.2350,70.8970,80.2400,108.4720,18.5151,7.4264,5.5179,12.3811,11.4172,13.82
2019/6/3 2:37,108.3520,121.0030,136.8430,75.2270,70.8920,80.2360,108.4730,18.5126,7.4279,5.5173,12.3802,11.4167,13.82
2019/6/3 2:38,108.3670,121.0190,136.8610,75.2400,70.9010,80.2530,108.4800,18.5151,7.4294,5.5178,12.3826,11.4194,13.82
2019/6/3 2:39,108.3700,121.0230,136.8660,75.2380,70.9020,80.2540,108.4820,18.5148,7.4298,5.5190,12.3836,11.4197,13.82
2019/6/3 2:40,108.3610,121.0240,136.8680,75.2330,70.8990,80.2480,108.4770,18.5157,7.4323,5.5184,12.3848,11.4194,13.82
2019/6/3 2:41,108.3510,121.0190,136.8790,75.2300,70.8980,80.2420,108.4870,18.5132,7.4316,5.5182,12.3840,11.4200,13.82
2019/6/3 2:42,108.3490,121.0160,136.8890,75.2220,70.8930,80.2330,108.4970,18.5130,7.4287,5.5179,12.3806,11.4204,13.82
2019/6/3 2:43,108.3390,121.0100,136.8780,75.2220,70.8940,80.2210,108.4870,18.5092,7.4268,5.5177,12.3809,11.4198,13.82
2019/6/3 2:44,108.3570,121.0110,136.8710,75.2290,70.8950,80.2290,108.4840,18.5120,7.4292,5.5172,12.3813,11.4185,13.82
2019/6/3 2:45,108.3690,120.9760,136.8570,75.2220,70.8910,80.2320,108.4600,18.5217,7.4289,5.5187,12.3778,11.4150,13.82
2019/6/3 2:46,108.3630,120.9660,136.8570,75.2110,70.8770,80.2230,108.4410,18.5181,7.4252,5.5186,12.3764,11.4135,13.82
2019/6/3 2:47,108.3780,120.9840,136.8990,75.2280,70.8950,80.2440,108.4400,18.5224,7.4274,5.5195,12.3779,11.4145,13.82
2019/6/3 2:48,108.3760,120.9970,136.9140,75.2310,70.8970,80.2390,108.4450,18.5226,7.4277,5.5194,12.3791,11.4157,13.82
2019/6/3 2:49,108.3660,120.9870,136.9060,75.2240,70.8910,80.2290,108.4460,18.5086,7.4277,5.5187,12.3789,11.4151,13.82
2019/6/3 2:50,108.3610,120.9850,136.8970,75.2250,70.8960,80.2310,108.4660,18.5065,7.4233,5.5183,12.3781,11.4149,13.82
2019/6/3 2:51,108.3550,120.9860,136.8990,75.2250,70.8930,80.2240,108.4460,18.5055,7.4250,5.5180,12.3779,11.4151,13.82
2019/6/3 2:52,108.3540,120.9840,136.8940,75.2220,70.8910,80.2240,108.4120,18.5047,7.4265,5.5181,12.3778,11.4149,13.82
2019/6/3 2:53,108.3650,120.9910,136.9140,75.2260,70.8960,80.2340,108.3690,18.5097,7.4274,5.5187,12.3788,11.4155,13.82
2019/6/3 2:54,108.3590,120.9900,136.9130,75.2240,70.8950,80.2270,108.3870,18.5077,7.4274,5.5185,12.3785,11.4154,13.82
2019/6/3 2:55,108.3600,120.9790,136.9150,75.2210,70.8940,80.2300,108.3730,18.5074,7.4247,5.5185,12.3775,11.4145,13.82
2019/6/3 2:56,108.3480,120.9630,136.9050,75.2140,70.8890,80.2150,108.3630,18.5047,7.4239,5.5177,12.3752,11.4127,13.82
2019/6/3 2:57,108.3530,120.9570,136.9070,75.2100,70.9000,80.2110,108.3580,18.5066,7.4278,5.5176,12.3749,11.4124,13.82
2019/6/3 2:58,108.3240,120.9110,136.8700,75.1890,70.8770,80.1710,108.3500,18.5019,7.4270,5.5171,12.3701,11.4069,13.82
2019/6/3 2:59,108.3310,120.9390,136.8790,75.1940,70.8890,80.1800,108.3680,18.5031,7.4300,5.5196,12.3743,11.4091,13.82
2019/6/3 3:00,108.3530,120.9480,136.8620,75.2070,70.8990,80.1950,108.4080,18.5240,7.4280,5.5181,12.3763,11.4099,13.82
2019/6/3 3:01,108.3600,120.9540,136.8930,75.2140,70.8970,80.2000,108.4180,18.5222,7.4275,5.5203,12.3775,11.4096,13.82
2019/6/3 3:02,108.3300,120.9390,136.8750,75.1930,70.8860,80.1830,108.4200,18.5312,7.4263,5.5189,12.3750,11.4076,13.82
2019/6/3 3:03,108.3250,120.9470,136.8780,75.1880,70.8930,80.1720,108.4170,18.5257,7.4241,5.5178,12.3742,11.4075,13.82
2019/6/3 3:04,108.3250,120.9490,136.8920,75.1870,70.8860,80.1760,108.4290,18.5161,7.4227,5.5169,12.3736,11.4035,13.82
2019/6/3 3:05,108.3270,120.9530,136.9020,75.1990,70.8970,80.1820,108.4300,18.5069,7.4226,5.5157,12.3762,11.4036,13.82
2019/6/3 3:06,108.3120,120.9430,136.8860,75.1910,70.8960,80.1750,108.4510,18.5048,7.4230,5.5147,12.3744,11.4029,13.82
2019/6/3 3:07,108.3080,120.9340,136.8720,75.1990,70.9060,80.1780,108.4560,18.5021,7.4222,5.5150,12.3742,11.4006,13.82
2019/6/3 3:08,108.3000,120.9310,136.9010,75.1920,70.9000,80.1830,108.4600,18.5091,7.4243,5.5161,12.3765,11.4020,13.82
2019/6/3 3:09,108.3090,120.9360,136.8850,75.1880,70.9000,80.1840,108.4560,18.5094,7.4214,5.5156,12.3750,11.4011,13.82
2019/6/3 3:10,108.3000,120.9340,136.8690,75.1910,70.9050,80.1840,108.4680,18.5085,7.4277,5.5186,12.3780,11.4018,13.82
2019/6/3 3:11,108.2740,120.9110,136.8500,75.1670,70.8940,80.1520,108.4610,18.4999,7.4241,5.5163,12.3738,11.3968,13.82
2019/6/3 3:12,108.2530,120.8960,136.8390,75.1580,70.8920,80.1420,108.4590,18.4986,7.4220,5.5151,12.3706,11.3941,13.82
2019/6/3 3:13,108.2190,120.8610,136.8030,75.1410,70.8740,80.1160,108.4230,18.4920,7.4217,5.5115,12.3647,11.3889,13.82
2019/6/3 3:14,108.1890,120.8200,136.7720,75.1200,70.8610,80.0910,108.4360,18.4895,7.4190,5.5098,12.3610,11.3849,13.82
2019/6/3 3:15,108.1780,120.7890,136.7220,75.1000,70.8500,80.0710,108.4140,18.4839,7.4163,5.5094,12.3532,11.3779,13.82
2019/6/3 3:16,108.1950,120.8280,136.7610,75.1280,70.8710,80.0990,108.4530,18.4924,7.4226,5.5119,12.3592,11.3837,13.82
2019/6/3 3:17,108.1710,120.8260,136.7470,75.1170,70.8690,80.0810,108.4710,18.4883,7.4253,5.5109,12.3589,11.3820,13.82
2019/6/3 3:18,108.1970,120.8190,136.7400,75.1200,70.8660,80.1050,108.4500,18.4881,7.4216,5.5095,12.3604,11.3805,13.82
2019/6/3 3:19,108.2070,120.8540,136.7760,75.1400,70.8750,80.1120,108.4530,18.4860,7.4215,5.5109,12.3614,11.3833,13.82
2019/6/3 3:20,108.1950,120.8620,136.7860,75.1320,70.8830,80.0970,108.4710,18.4768,7.4234,5.5113,12.3627,11.3850,13.82
2019/6/3 3:21,108.2210,120.8760,136.8190,75.1500,70.9030,80.1310,108.4630,18.4764,7.4249,5.5126,12.3645,11.3858,13.82
2019/6/3 3:22,108.2000,120.8540,136.8330,75.1490,70.8950,80.1200,108.4480,18.4730,7.4281,5.5118,12.3630,11.3857,13.82
2019/6/3 3:23,108.1910,120.8560,136.8230,75.1530,70.8990,80.1050,108.4460,18.4731,7.4279,5.5132,12.3657,11.3899,13.82
2019/6/3 3:24,108.1990,120.8720,136.8320,75.1650,70.9080,80.1130,108.4470,18.4788,7.4292,5.5137,12.3664,11.3897,13.82
2019/6/3 3:25,108.1870,120.8600,136.8080,75.1560,70.9010,80.0940,108.4320,18.4621,7.4274,5.5131,12.3646,11.3884,13.82
2019/6/3 3:26,108.1770,120.8470,136.7710,75.1570,70.8960,80.0860,108.4240,18.4588,7.4257,5.5112,12.3631,11.3847,13.82
2019/6/3 3:27,108.1970,120.8480,136.7970,75.1580,70.8970,80.0950,108.4360,18.4535,7.4239,5.5098,12.3625,11.3865,13.82
2019/6/3 3:28,108.2040,120.8670,136.8060,75.1630,70.9020,80.1050,108.4530,18.4515,7.4208,5.5097,12.3648,11.3871,13.82
2019/6/3 3:29,108.2080,120.8490,136.8010,75.1570,70.8970,80.1030,108.4430,18.4420,7.4215,5.5100,12.3636,11.3863,13.82
2019/6/3 3:30,108.2040,120.8500,136.7880,75.1540,70.9000,80.1070,108.4470,18.4442,7.4192,5.5104,12.3677,11.3928,13.82
2019/6/3 3:31,108.2050,120.8630,136.7970,75.1460,70.9020,80.0890,108.4490,18.4424,7.4236,5.5097,12.3682,11.3906,13.82
2019/6/3 3:32,108.2260,120.8920,136.8370,75.1640,70.9160,80.1220,108.5050,18.4418,7.4224,5.5110,12.3713,11.3945,13.82
2019/6/3 3:33,108.2180,120.8940,136.8350,75.1490,70.9110,80.1000,108.5410,18.4339,7.4216,5.5096,12.3697,11.3948,13.82
2019/6/3 3:34,108.2190,120.8790,136.8390,75.1410,70.9030,80.0850,108.5610,18.4003,7.4169,5.5058,12.3664,11.3933,13.82
2019/6/3 3:35,108.2190,120.8610,136.8340,75.1370,70.8980,80.0890,108.5470,18.3748,7.4135,5.5047,12.3644,11.3889,13.82
2019/6/3 3:36,108.2370,120.8640,136.8390,75.1480,70.9020,80.1040,108.5840,18.3799,7.4136,5.5052,12.3659,11.3881,13.82
2019/6/3 3:37,108.2630,120.8780,136.8690,75.1520,70.9000,80.1170,108.5850,18.3839,7.4140,5.5080,12.3667,11.3890,13.82
2019/6/3 3:38,108.2290,120.8490,136.8260,75.1250,70.8860,80.0820,108.5500,18.3923,7.4125,5.5064,12.3621,11.3847,13.82
2019/6/3 3:39,108.2270,120.8400,136.8140,75.1160,70.8810,80.0750,108.5270,18.3925,7.4133,5.5061,12.3612,11.3830,13.82
2019/6/3 3:40,108.2270,120.8440,136.8390,75.1290,70.8890,80.0780,108.5310,18.3978,7.4156,5.5066,12.3590,11.3840,13.82
2019/6/3 3:41,108.2260,120.8520,136.8490,75.1250,70.8790,80.0780,108.5360,18.3973,7.4149,5.5080,12.3584,11.3848,13.82
2019/6/3 3:42,108.2390,120.8740,136.8720,75.1330,70.8880,80.0920,108.5750,18.4165,7.4162,5.5093,12.3610,11.3848,13.82
2019/6/3 3:43,108.2450,120.8530,136.8700,75.1290,70.8840,80.0930,108.5900,18.3938,7.4131,5.5060,12.3576,11.3835,13.82
2019/6/3 3:44,108.2420,120.8890,136.8990,75.1340,70.8990,80.0890,108.6210,18.3973,7.4159,5.5069,12.3626,11.3886,13.82
2019/6/3 3:45,108.2180,120.8540,136.8970,75.1200,70.8770,80.0610,108.6270,18.3936,7.4137,5.5040,12.3544,11.3864,13.82
2019/6/3 3:46,108.2150,120.8600,136.8990,75.1190,70.8720,80.0430,108.6320,18.3658,7.4134,5.5037,12.3559,11.3868,13.82
2019/6/3 3:47,108.2020,120.8600,136.9000,75.1150,70.8740,80.0320,108.6520,18.3651,7.4103,5.5030,12.3567,11.3885,13.82
2019/6/3 3:48,108.2010,120.8770,136.9040,75.1290,70.8830,80.0380,108.6830,18.3753,7.4129,5.5043,12.3607,11.3904,13.82
2019/6/3 3:49,108.1870,120.8520,136.8810,75.1180,70.8770,80.0210,108.6720,18.3817,7.4093,5.5011,12.3570,11.3875,13.82
2019/6/3 3:50,108.2010,120.8680,136.9140,75.1250,70.8760,80.0420,108.6860,18.3678,7.4083,5.5016,12.3590,11.3905,13.82
2019/6/3 3:51,108.2120,120.8980,136.9390,75.1520,70.9010,80.0850,108.6790,18.3793,7.4100,5.5047,12.3639,11.3958,13.82
2019/6/3 3:52,108.2250,120.9150,136.9540,75.1530,70.9000,80.0930,108.6630,18.3959,7.4127,5.5080,12.3644,11.3991,13.82
2019/6/3 3:53,108.2230,120.9190,136.9530,75.1500,70.8960,80.0800,108.6520,18.3993,7.4126,5.5078,12.3615,11.3973,13.82
2019/6/3 3:54,108.2350,120.9130,136.9650,75.1550,70.8980,80.0900,108.6370,18.4004,7.4110,5.5091,12.3622,11.3995,13.82
2019/6/3 3:55,108.2640,120.9420,136.9780,75.1750,70.9150,80.1120,108.6660,18.4042,7.4141,5.5107,12.3652,11.4014,13.82
2019/6/3 3:56,108.2450,120.9360,136.9870,75.1800,70.9160,80.1030,108.6630,18.4141,7.4202,5.5104,12.3657,11.4037,13.82
2019/6/3 3:57,108.2580,120.9310,136.9500,75.1650,70.9010,80.0980,108.6850,18.4036,7.4167,5.5090,12.3630,11.4023,13.82
2019/6/3 3:58,108.2500,120.9350,136.9810,75.1650,70.9070,80.0960,108.6690,18.4107,7.4166,5.5069,12.3629,11.4021,13.82
2019/6/3 3:59,108.2470,120.9410,136.9690,75.1680,70.9130,80.0710,108.6700,18.4144,7.4169,5.5077,12.3619,11.4017,13.82
2019/6/3 4:00,108.2360,120.9300,136.9890,75.1660,70.9130,80.0630,108.6650,18.4127,7.4177,5.5080,12.3572,11.3990,13.82
2019/6/3 4:01,108.2620,120.9530,137.0200,75.1850,70.9210,80.0890,108.6460,18.4263,7.4208,5.5098,12.3612,11.4005,13.82
2019/6/3 4:02,108.2750,120.9780,137.0370,75.1990,70.9350,80.1110,108.6590,18.4361,7.4239,5.5117,12.3631,11.4030,13.82
2019/6/3 4:03,108.2670,120.9640,137.0160,75.1950,70.9310,80.1120,108.6390,18.4323,7.4230,5.5109,12.3617,11.4019,13.82
2019/6/3 4:04,108.2840,120.9650,137.0050,75.1960,70.9280,80.1300,108.6260,18.4275,7.4218,5.5118,12.3600,11.4011,13.82
2019/6/3 4:05,108.2920,120.9480,137.0040,75.1860,70.9150,80.1320,108.6320,18.4179,7.4210,5.5111,12.3576,11.3992,13.82
2019/6/3 4:06,108.2820,120.9320,137.0000,75.1770,70.9180,80.1200,108.6660,18.4130,7.4170,5.5095,12.3562,11.3976,13.82
2019/6/3 4:07,108.2980,120.9490,137.0330,75.1930,70.9280,80.1370,108.6980,18.4201,7.4202,5.5102,12.3581,11.3996,13.82
2019/6/3 4:08,108.2870,120.9340,136.9860,75.1890,70.9220,80.1290,108.6610,18.4160,7.4197,5.5107,12.3566,11.3953,13.82
2019/6/3 4:09,108.2850,120.9170,136.9300,75.1790,70.9190,80.1170,108.6390,18.4159,7.4186,5.5106,12.3543,11.3937,13.82
2019/6/3 4:10,108.2630,120.9010,136.9050,75.1790,70.9200,80.1050,108.6050,18.4107,7.4182,5.5103,12.3522,11.3923,13.82
2019/6/3 4:11,108.2690,120.9240,136.9130,75.1870,70.9270,80.1100,108.6190,18.4124,7.4198,5.5107,12.3538,11.3937,13.82
2019/6/3 4:12,108.2550,120.9360,136.9380,75.2020,70.9550,80.1050,108.6380,18.4304,7.4244,5.5123,12.3566,11.3992,13.82
2019/6/3 4:13,108.2490,120.9360,136.9570,75.1960,70.9430,80.1010,108.6340,18.4229,7.4235,5.5124,12.3595,11.3969,13.82
2019/6/3 4:14,108.2520,120.9290,136.9470,75.1940,70.9390,80.1040,108.6580,18.4342,7.4227,5.5130,12.3532,11.3953,13.82
2019/6/3 4:15,108.2710,120.9420,136.9720,75.2080,70.9440,80.1210,108.6500,18.4371,7.4255,5.5143,12.3577,11.3976,13.82
2019/6/3 4:16,108.2840,120.9830,136.9920,75.2310,70.9730,80.1320,108.6480,18.4402,7.4290,5.5168,12.3635,11.4020,13.82
2019/6/3 4:17,108.2720,120.9640,136.9440,75.2140,70.9560,80.1170,108.6330,18.4388,7.4231,5.5164,12.3606,11.4017,13.82
2019/6/3 4:18,108.2680,120.9590,136.9460,75.2150,70.9580,80.1150,108.6360,18.4387,7.4224,5.5163,12.3593,11.3997,13.82
2019/6/3 4:19,108.2550,120.9270,136.9190,75.1980,70.9460,80.0950,108.6320,18.4349,7.4215,5.5157,12.3549,11.3959,13.82
2019/6/3 4:20,108.2500,120.9150,136.9150,75.2020,70.9490,80.0840,108.6320,18.4450,7.4246,5.5153,12.3463,11.3947,13.82
2019/6/3 4:21,108.2480,120.9360,136.9390,75.2110,70.9590,80.0890,108.6450,18.4467,7.4268,5.5154,12.3537,11.3976,13.82
2019/6/3 4:22,108.2660,120.9550,136.9710,75.2260,70.9730,80.1070,108.6510,18.4567,7.4279,5.5167,12.3569,11.3991,13.82
2019/6/3 4:23,108.2800,120.9820,137.0330,75.2440,70.9810,80.1230,108.6550,18.4616,7.4295,5.5167,12.3608,11.4031,13.82
2019/6/3 4:24,108.2790,120.9850,137.0220,75.2400,70.9800,80.1340,108.6510,18.4619,7.4316,5.5189,12.3593,11.4035,13.82
2019/6/3 4:25,108.2600,120.9650,137.0020,75.2210,70.9620,80.1070,108.6340,18.4531,7.4290,5.5172,12.3537,11.4012,13.82
2019/6/3 4:26,108.2600,120.9600,137.0030,75.2180,70.9620,80.1030,108.6270,18.4513,7.4277,5.5168,12.3512,11.4003,13.82
2019/6/3 4:27,108.2590,120.9540,136.9960,75.2080,70.9600,80.0970,108.6110,18.4485,7.4273,5.5167,12.3523,11.4002,13.82
2019/6/3 4:28,108.2660,120.9460,136.9800,75.2120,70.9590,80.1020,108.5950,18.4519,7.4280,5.5158,12.3568,11.4032,13.82
2019/6/3 4:29,108.2430,120.9270,136.9250,75.1870,70.9390,80.0780,108.5790,18.4517,7.4267,5.5140,12.3555,11.4043,13.82
2019/6/3 4:30,108.2290,120.9250,136.9010,75.1800,70.9380,80.0620,108.5720,18.4498,7.4250,5.5134,12.3547,11.4009,13.82
2019/6/3 4:31,108.2350,120.9290,136.9140,75.1980,70.9500,80.0800,108.5550,18.4493,7.4277,5.5136,12.3581,11.4007,13.82
2019/6/3 4:32,108.2430,120.9330,136.9070,75.2030,70.9510,80.0800,108.5630,18.4420,7.4272,5.5137,12.3574,11.4002,13.82
2019/6/3 4:33,108.2360,120.9160,136.8870,75.1920,70.9440,80.0800,108.5580,18.4396,7.4265,5.5107,12.3567,11.4004,13.82
2019/6/3 4:34,108.2140,120.8850,136.8230,75.1690,70.9310,80.0390,108.5530,18.4200,7.4228,5.5077,12.3529,11.3972,13.82
2019/6/3 4:35,108.2100,120.9030,136.8580,75.1710,70.9330,80.0430,108.5530,18.4282,7.4242,5.5081,12.3541,11.3972,13.82
2019/6/3 4:36,108.2200,120.9280,136.8810,75.1810,70.9390,80.0500,108.5620,18.4382,7.4259,5.5086,12.3567,11.3993,13.82
2019/6/3 4:37,108.2030,120.9030,136.8200,75.1530,70.9180,80.0220,108.5600,18.4373,7.4233,5.5066,12.3507,11.3958,13.82
2019/6/3 4:38,108.1880,120.8970,136.8130,75.1450,70.9130,80.0000,108.5590,18.4331,7.4226,5.5060,12.3470,11.3912,13.82
2019/6/3 4:39,108.1850,120.8850,136.7930,75.1420,70.9080,80.0060,108.5570,18.4364,7.4243,5.5067,12.3461,11.3886,13.82
2019/6/3 4:40,108.2020,120.9150,136.8330,75.1550,70.9150,80.0280,108.5590,18.4488,7.4261,5.5079,12.3510,11.3941,13.82
2019/6/3 4:41,108.1990,120.9230,136.8330,75.1550,70.9160,80.0200,108.5720,18.4487,7.4259,5.5078,12.3512,11.3951,13.82
2019/6/3 4:42,108.2200,120.9450,136.8770,75.1800,70.9410,80.0480,108.5810,18.4544,7.4288,5.5096,12.3567,11.3978,13.82
2019/6/3 4:43,108.2200,120.9360,136.8620,75.1810,70.9440,80.0510,108.5700,18.4481,7.4287,5.5089,12.3549,11.3967,13.82
2019/6/3 4:44,108.2260,120.9450,136.8550,75.1860,70.9490,80.0570,108.5780,18.4467,7.4285,5.5090,12.3562,11.3975,13.82
2019/6/3 4:45,108.2220,120.9330,136.8390,75.1810,70.9470,80.0540,108.5730,18.4450,7.4285,5.5087,12.3543,11.3981,13.82
2019/6/3 4:46,108.2230,120.9390,136.8560,75.1820,70.9440,80.0530,108.5740,18.4462,7.4289,5.5079,12.3550,11.3985,13.82
2019/6/3 4:47,108.2110,120.9510,136.8490,75.1870,70.9510,80.0510,108.5730,18.4440,7.4298,5.5094,12.3549,11.3970,13.82
2019/6/3 4:48,108.2120,120.9390,136.8640,75.1860,70.9460,80.0510,108.5530,18.4458,7.4319,5.5104,12.3568,11.3992,13.82
2019/6/3 4:49,108.2140,120.9480,136.8680,75.1870,70.9480,80.0530,108.5560,18.4380,7.4313,5.5107,12.3573,11.3997,13.82
2019/6/3 4:50,108.2440,120.9740,136.9100,75.2080,70.9650,80.0820,108.5740,18.4344,7.4350,5.5115,12.3607,11.4020,13.82
2019/6/3 4:51,108.2500,120.9710,136.8690,75.2110,70.9600,80.0890,108.5570,18.4300,7.4336,5.5132,12.3601,11.3994,13.82
2019/6/3 4:52,108.2530,120.9720,136.8850,75.2140,70.9670,80.0860,108.5620,18.4350,7.4335,5.5133,12.3595,11.3998,13.82
2019/6/3 4:53,108.2710,121.0080,136.9110,75.2390,70.9850,80.1060,108.5890,18.4395,7.4376,5.5156,12.3634,11.4067,13.82
2019/6/3 4:54,108.2650,121.0120,136.9140,75.2350,70.9840,80.1080,108.5840,18.4391,7.4383,5.5149,12.3624,11.4057,13.82
2019/6/3 4:55,108.2710,121.0200,136.9240,75.2360,70.9820,80.1110,108.5980,18.4430,7.4392,5.5146,12.3668,11.4066,13.82
2019/6/3 4:56,108.2730,121.0150,136.9000,75.2370,70.9830,80.1100,108.5860,18.4447,7.4393,5.5136,12.3664,11.4056,13.82
2019/6/3 4:57,108.2660,121.0250,136.9030,75.2360,70.9800,80.1040,108.5980,18.4388,7.4391,5.5132,12.3670,11.4066,13.82
2019/6/3 4:58,108.2530,121.0210,136.8800,75.2330,70.9830,80.0890,108.5950,18.4417,7.4387,5.5116,12.3688,11.4063,13.82
2019/6/3 4:59,108.2720,121.0440,136.8770,75.2410,70.9840,80.1110,108.6080,18.4451,7.4402,5.5112,12.3724,11.4082,13.82
2019/6/3 5:00,108.2620,121.0420,136.8410,75.2430,70.9890,80.1080,108.6040,18.4420,7.4382,5.5116,12.3748,11.4083,13.82
2019/6/3 5:01,108.2730,121.0580,136.8680,75.2500,70.9950,80.1060,108.6170,18.4451,7.4379,5.5125,12.3736,11.4082,13.82
2019/6/3 5:02,108.2590,121.0400,136.8440,75.2430,70.9880,80.0960,108.5820,18.4428,7.4385,5.5120,12.3725,11.4057,13.82
2019/6/3 5:03,108.2690,121.0610,136.8980,75.2550,71.0000,80.1220,108.6050,18.4431,7.4404,5.5135,12.3730,11.4081,13.82
2019/6/3 5:04,108.2760,121.0800,136.9080,75.2630,71.0040,80.1210,108.6240,18.4447,7.4418,5.5138,12.3748,11.4097,13.82
2019/6/3 5:05,108.2760,121.0670,136.8800,75.2520,70.9970,80.1220,108.6080,18.4446,7.4415,5.5139,12.3728,11.4097,13.82
2019/6/3 5:06,108.2750,121.0590,136.8490,75.2430,70.9950,80.1180,108.6090,18.4317,7.4371,5.5123,12.3706,11.4084,13.82
2019/6/3 5:07,108.2580,121.0450,136.8270,75.2410,70.9870,80.1010,108.6070,18.4289,7.4363,5.5104,12.3680,11.4062,13.82
2019/6/3 5:08,108.2570,121.0480,136.8400,75.2410,70.9860,80.1060,108.6230,18.4287,7.4335,5.5084,12.3721,11.4070,13.82
2019/6/3 5:09,108.2820,121.0600,136.8620,75.2550,71.0000,80.1320,108.6360,18.4320,7.4379,5.5120,12.3775,11.4090,13.82
2019/6/3 5:10,108.2840,121.0690,136.8650,75.2580,71.0030,80.1360,108.6390,18.4305,7.4384,5.5111,12.3814,11.4099,13.82
2019/6/3 5:11,108.2880,121.0610,136.8530,75.2590,71.0050,80.1380,108.6330,18.4277,7.4390,5.5113,12.3788,11.4091,13.82
2019/6/3 5:12,108.2840,121.0560,136.8670,75.2480,70.9920,80.1370,108.6240,18.4243,7.4366,5.5099,12.3797,11.4090,13.82
2019/6/3 5:13,108.2880,121.0660,136.8800,75.2540,70.9950,80.1380,108.6330,18.4267,7.4354,5.5101,12.3805,11.4100,13.82
2019/6/3 5:14,108.2990,121.0790,136.8930,75.2590,71.0040,80.1520,108.6450,18.4317,7.4349,5.5109,12.3845,11.4138,13.82
2019/6/3 5:15,108.2860,121.0560,136.8780,75.2490,70.9960,80.1380,108.6410,18.4308,7.4331,5.5100,12.3811,11.4122,13.82
2019/6/3 5:16,108.2920,121.0560,136.8870,75.2520,70.9980,80.1490,108.6280,18.4306,7.4348,5.5093,12.3809,11.4122,13.82
2019/6/3 5:17,108.2940,121.0620,136.8920,75.2550,70.9980,80.1530,108.6200,18.4301,7.4351,5.5117,12.3817,11.4125,13.82
2019/6/3 5:18,108.3000,121.0730,136.8980,75.2540,71.0010,80.1540,108.6370,18.4323,7.4359,5.5131,12.3805,11.4101,13.82
2019/6/3 5:19,108.3170,121.0860,136.9160,75.2630,71.0040,80.1720,108.6440,18.4306,7.4371,5.5138,12.3829,11.4139,13.82
2019/6/3 5:20,108.3030,121.0740,136.9080,75.2620,71.0050,80.1720,108.6170,18.4298,7.4360,5.5131,12.3820,11.4124,13.82
2019/6/3 5:21,108.2880,121.0510,136.8900,75.2500,70.9960,80.1600,108.6000,18.4266,7.4359,5.5123,12.3794,11.4083,13.82
2019/6/3 5:22,108.2950,121.0540,136.9080,75.2540,71.0000,80.1650,108.5980,18.4278,7.4372,5.5126,12.3768,11.4057,13.82
2019/6/3 5:23,108.3010,121.0590,136.9380,75.2600,71.0070,80.1660,108.6030,18.4229,7.4408,5.5129,12.3785,11.4084,13.82
2019/6/3 5:24,108.3000,121.0530,136.9390,75.2580,71.0100,80.1700,108.5900,18.4235,7.4430,5.5129,12.3775,11.4043,13.82
2019/6/3 5:25,108.3110,121.0600,136.9380,75.2670,71.0100,80.1840,108.5730,18.4317,7.4449,5.5146,12.3794,11.4080,13.82
2019/6/3 5:26,108.3260,121.0730,136.9550,75.2900,71.0310,80.2100,108.5760,18.4467,7.4542,5.5164,12.3834,11.4092,13.82
2019/6/3 5:27,108.3290,121.0600,136.9480,75.2880,71.0220,80.1960,108.5550,18.4489,7.4548,5.5168,12.3828,11.4078,13.82
2019/6/3 5:28,108.3190,121.0470,136.9140,75.2820,71.0210,80.1980,108.5520,18.4587,7.4568,5.5170,12.3827,11.4047,13.82
2019/6/3 5:29,108.3200,121.0470,136.9160,75.2870,71.0290,80.1940,108.5220,18.4618,7.4550,5.5193,12.3833,11.4059,13.82
2019/6/3 5:30,108.3180,121.0310,136.9060,75.2740,71.0200,80.1890,108.5190,18.4700,7.4534,5.5189,12.3815,11.4049,13.82
2019/6/3 5:31,108.3240,121.0350,136.9150,75.2760,71.0190,80.1930,108.4960,18.4702,7.4538,5.5195,12.3800,11.4036,13.82
2019/6/3 5:32,108.3180,121.0300,136.9100,75.2800,71.0200,80.1940,108.4870,18.4666,7.4514,5.5194,12.3771,11.4028,13.82
2019/6/3 5:33,108.3200,121.0270,136.9100,75.2820,71.0270,80.2020,108.4840,18.4639,7.4530,5.5194,12.3778,11.4031,13.82
2019/6/3 5:34,108.3150,121.0220,136.9010,75.2770,71.0190,80.1970,108.4890,18.4619,7.4498,5.5190,12.3775,11.4050,13.82
2019/6/3 5:35,108.3130,121.0130,136.9030,75.2680,71.0160,80.1950,108.4730,18.4603,7.4495,5.5189,12.3738,11.4028,13.82
2019/6/3 5:36,108.3010,120.9910,136.8870,75.2580,71.0040,80.1700,108.4520,18.4490,7.4466,5.5183,12.3698,11.3998,13.82
2019/6/3 5:37,108.3000,120.9850,136.8850,75.2590,71.0030,80.1760,108.4090,18.4503,7.4482,5.5188,12.3707,11.4014,13.82
2019/6/3 5:38,108.3230,121.0110,136.9160,75.2740,71.0180,80.2040,108.4330,18.4583,7.4516,5.5195,12.3754,11.4036,13.82
2019/6/3 5:39,108.3230,120.9930,136.9180,75.2730,71.0170,80.1940,108.4310,18.4611,7.4515,5.5194,12.3744,11.4032,13.82
2019/6/3 5:40,108.3230,120.9980,136.9230,75.2730,71.0160,80.1990,108.4380,18.4622,7.4515,5.5201,12.3745,11.4036,13.82
2019/6/3 5:41,108.3150,120.9930,136.9280,75.2690,71.0110,80.1980,108.4170,18.4616,7.4488,5.5189,12.3739,11.4030,13.82
2019/6/3 5:42,108.3250,121.0130,136.9480,75.2770,71.0210,80.2090,108.4350,18.4621,7.4476,5.5194,12.3751,11.4057,13.82
2019/6/3 5:43,108.3260,121.0200,136.9520,75.2800,71.0290,80.2040,108.4250,18.4555,7.4463,5.5202,12.3758,11.4063,13.82
2019/6/3 5:44,108.3380,121.0260,136.9560,75.2890,71.0370,80.2140,108.4370,18.4654,7.4469,5.5198,12.3768,11.4070,13.82
2019/6/3 5:45,108.3210,120.9990,136.9200,75.2760,71.0260,80.2050,108.4280,18.4666,7.4460,5.5188,12.3734,11.4044,13.82
2019/6/3 5:46,108.3260,121.0210,136.9610,75.2810,71.0290,80.2060,108.4370,18.4748,7.4470,5.5191,12.3758,11.4067,13.82
2019/6/3 5:47,108.3400,121.0380,136.9530,75.2890,71.0380,80.2190,108.4270,18.4822,7.4480,5.5198,12.3782,11.4082,13.82
2019/6/3 5:48,108.3430,121.0440,136.9630,75.2910,71.0400,80.2220,108.4110,18.4807,7.4495,5.5199,12.3785,11.4088,13.82
2019/6/3 5:49,108.3370,121.0360,136.9390,75.2970,71.0440,80.2240,108.4180,18.4806,7.4485,5.5196,12.3784,11.4077,13.82
2019/6/3 5:50,108.3380,121.0300,136.9330,75.2960,71.0450,80.2240,108.4190,18.4801,7.4473,5.5206,12.3780,11.4077,13.82
2019/6/3 5:51,108.3360,121.0400,136.9470,75.2970,71.0460,80.2200,108.4370,18.4798,7.4474,5.5203,12.3777,11.4078,13.82
2019/6/3 5:52,108.3380,121.0390,136.9540,75.2950,71.0480,80.2210,108.4040,18.4807,7.4474,5.5201,12.3772,11.4085,13.82
2019/6/3 5:53,108.3410,121.0530,136.9770,75.2970,71.0490,80.2220,108.4060,18.4813,7.4478,5.5192,12.3792,11.4099,13.82
2019/6/3 5:54,108.3490,121.0710,137.0100,75.3030,71.0670,80.2290,108.4090,18.4833,7.4515,5.5194,12.3811,11.4118,13.82
2019/6/3 5:55,108.3540,121.0810,137.0050,75.3060,71.0620,80.2370,108.4170,18.4839,7.4531,5.5201,12.3836,11.4133,13.82
2019/6/3 5:56,108.3620,121.0730,136.9820,75.3010,71.0540,80.2360,108.4130,18.4842,7.4526,5.5189,12.3821,11.4133,13.82
2019/6/3 5:57,108.3600,121.0780,136.9820,75.3040,71.0520,80.2360,108.4140,18.4817,7.4532,5.5200,12.3827,11.4133,13.82
2019/6/3 5:58,108.3490,121.0630,136.9530,75.3110,71.0570,80.2330,108.4270,18.4804,7.4543,5.5195,12.3819,11.4147,13.82
2019/6/3 5:59,108.3400,121.0520,136.9700,75.3090,71.0500,80.2310,108.4080,18.4763,7.4542,5.5186,12.3804,11.4134,13.82
2019/6/3 6:00,108.3390,121.0580,136.9960,75.3220,71.0660,80.2310,108.4080,18.4759,7.4562,5.5193,12.3809,11.4146,13.82
2019/6/3 6:01,108.3420,121.0560,137.0040,75.3250,71.0780,80.2340,108.4030,18.4718,7.4564,5.5194,12.3798,11.4142,13.82
2019/6/3 6:02,108.3470,121.0730,137.0280,75.3380,71.0930,80.2480,108.4020,18.4740,7.4568,5.5205,12.3816,11.4163,13.82
2019/6/3 6:03,108.3710,121.0910,137.0590,75.3490,71.1030,80.2660,108.4160,18.4772,7.4578,5.5216,12.3836,11.4184,13.82
2019/6/3 6:04,108.3670,121.0860,137.0420,75.3460,71.1020,80.2690,108.4120,18.4765,7.4573,5.5212,12.3840,11.4185,13.82
2019/6/3 6:05,108.3690,121.1020,137.0600,75.3490,71.1010,80.2690,108.4150,18.4788,7.4578,5.5225,12.3871,11.4218,13.82
2019/6/3 6:06,108.3570,121.1050,137.0850,75.3520,71.0950,80.2600,108.4170,18.4555,7.4584,5.5217,12.3881,11.4221,13.82
2019/6/3 6:07,108.3610,121.1040,137.0950,75.3420,71.0830,80.2590,108.4220,18.4545,7.4553,5.5199,12.3851,11.4195,13.82
2019/6/3 6:08,108.3750,121.1120,137.1090,75.3480,71.0890,80.2680,108.4320,18.4577,7.4578,5.5207,12.3861,11.4205,13.82
2019/6/3 6:09,108.3640,121.0990,137.0930,75.3460,71.0880,80.2600,108.4210,18.4555,7.4580,5.5197,12.3849,11.4193,13.82
2019/6/3 6:10,108.3570,121.0960,137.0770,75.3400,71.0850,80.2540,108.4370,18.4524,7.4574,5.5187,12.3856,11.4192,13.82
2019/6/3 6:11,108.3560,121.0980,137.0760,75.3420,71.0880,80.2590,108.4270,18.4531,7.4576,5.5197,12.3863,11.4194,13.82
2019/6/3 6:12,108.3420,121.0950,137.0560,75.3350,71.0870,80.2490,108.4200,18.4506,7.4578,5.5203,12.3884,11.4207,13.82
2019/6/3 6:13,108.3450,121.1020,137.0620,75.3410,71.0990,80.2580,108.4190,18.4513,7.4580,5.5225,12.3898,11.4219,13.82
2019/6/3 6:14,108.3390,121.0950,137.0360,75.3320,71.0970,80.2490,108.4010,18.4548,7.4576,5.5221,12.3896,11.4214,13.82
2019/6/3 6:15,108.3380,121.0950,137.0210,75.3290,71.0990,80.2470,108.4010,18.4552,7.4564,5.5199,12.3901,11.4209,13.82
2019/6/3 6:16,108.3440,121.1030,137.0440,75.3310,71.0970,80.2560,108.3900,18.4573,7.4567,5.5191,12.3931,11.4221,13.82
2019/6/3 6:17,108.3530,121.1010,137.0430,75.3360,71.1040,80.2590,108.3800,18.4597,7.4574,5.5196,12.3936,11.4233,13.82
2019/6/3 6:18,108.3480,121.1100,137.0350,75.3380,71.1000,80.2610,108.3860,18.4667,7.4582,5.5192,12.3949,11.4239,13.82
2019/6/3 6:19,108.3440,121.1120,137.0240,75.3420,71.1030,80.2550,108.3890,18.4628,7.4583,5.5201,12.3940,11.4236,13.82
2019/6/3 6:20,108.3370,121.1060,136.9960,75.3430,71.1020,80.2460,108.3940,18.4593,7.4575,5.5190,12.3983,11.4234,13.82
2019/6/3 6:21,108.3370,121.0910,136.9920,75.3400,71.1060,80.2450,108.3930,18.4570,7.4575,5.5199,12.3947,11.4220,13.82
2019/6/3 6:22,108.3360,121.0850,136.9940,75.3420,71.1040,80.2450,108.4050,18.4560,7.4573,5.5196,12.3940,11.4211,13.82
2019/6/3 6:23,108.3360,121.0990,136.9910,75.3480,71.1120,80.2500,108.4040,18.4607,7.4579,5.5209,12.3944,11.4226,13.82
2019/6/3 6:24,108.3320,121.1010,136.9830,75.3450,71.1120,80.2460,108.4060,18.4570,7.4576,5.5206,12.3951,11.4226,13.82
2019/6/3 6:25,108.3270,121.1020,136.9840,75.3450,71.1080,80.2480,108.4040,18.4536,7.4569,5.5183,12.3948,11.4219,13.82
2019/6/3 6:26,108.3260,121.1080,136.9810,75.3450,71.1080,80.2480,108.3900,18.4551,7.4569,5.5187,12.3957,11.4225,13.82
2019/6/3 6:27,108.3190,121.1090,136.9900,75.3440,71.1120,80.2440,108.4060,18.4539,7.4572,5.5187,12.3924,11.4223,13.82
2019/6/3 6:28,108.3200,121.1080,136.9990,75.3410,71.1040,80.2480,108.4060,18.4548,7.4573,5.5194,12.3927,11.4231,13.82
2019/6/3 6:29,108.3270,121.1190,137.0140,75.3460,71.1080,80.2600,108.3940,18.4529,7.4580,5.5193,12.3947,11.4250,13.82
2019/6/3 6:30,108.3300,121.1190,136.9970,75.3530,71.1100,80.2620,108.3970,18.4533,7.4575,5.5182,12.3947,11.4256,13.82
2019/6/3 6:31,108.3330,121.1190,137.0110,75.3600,71.1210,80.2630,108.3920,18.4544,7.4571,5.5198,12.3957,11.4257,13.82
2019/6/3 6:32,108.3260,121.1050,137.0110,75.3560,71.1150,80.2470,108.3890,18.4527,7.4568,5.5193,12.3948,11.4250,13.82
2019/6/3 6:33,108.3250,121.1020,136.9850,75.3500,71.1100,80.2470,108.3930,18.4525,7.4563,5.5185,12.3940,11.4245,13.82
2019/6/3 6:34,108.3190,121.0930,136.9810,75.3410,71.1010,80.2370,108.3940,18.4510,7.4545,5.5180,12.3926,11.4231,13.82
2019/6/3 6:35,108.3150,121.0840,136.9840,75.3400,71.1000,80.2340,108.3910,18.4500,7.4539,5.5174,12.3933,11.4231,13.82
2019/6/3 6:36,108.3230,121.0940,136.9870,75.3440,71.1040,80.2470,108.4000,18.4513,7.4543,5.5178,12.3945,11.4241,13.82
2019/6/3 6:37,108.3230,121.0930,136.9650,75.3440,71.1050,80.2460,108.4140,18.4517,7.4522,5.5178,12.3938,11.4232,13.82
2019/6/3 6:38,108.3240,121.0990,136.9630,75.3440,71.1040,80.2460,108.4250,18.4515,7.4537,5.5179,12.3924,11.4239,13.82
2019/6/3 6:39,108.3130,121.0940,136.9510,75.3390,71.0970,80.2390,108.4250,18.4474,7.4535,5.5171,12.3919,11.4230,13.82
2019/6/3 6:40,108.3060,121.0890,136.9650,75.3330,71.0910,80.2430,108.4180,18.4446,7.4529,5.5167,12.3919,11.4220,13.82
2019/6/3 6:41,108.3040,121.0770,136.9840,75.3110,71.0800,80.2370,108.4170,18.4451,7.4507,5.5141,12.3905,11.4211,13.82
2019/6/3 6:42,108.3060,121.0840,137.0010,75.3220,71.0870,80.2430,108.3960,18.4462,7.4525,5.5153,12.3946,11.4236,13.82
2019/6/3 6:43,108.3080,121.0840,136.9890,75.3300,71.0840,80.2470,108.3830,18.4465,7.4536,5.5142,12.3936,11.4231,13.82
2019/6/3 6:44,108.3000,121.0880,136.9920,75.3260,71.0800,80.2340,108.3850,18.4452,7.4524,5.5140,12.3943,11.4239,13.82
2019/6/3 6:45,108.3080,121.1020,136.9920,75.3320,71.0840,80.2390,108.3870,18.4465,7.4524,5.5146,12.3954,11.4249,13.82
2019/6/3 6:46,108.3100,121.1060,137.0060,75.3330,71.0850,80.2410,108.3900,18.4476,7.4530,5.5151,12.3959,11.4254,13.82
2019/6/3 6:47,108.3100,121.1090,136.9710,75.3370,71.0840,80.2340,108.3940,18.4519,7.4534,5.5155,12.3967,11.4258,13.82
2019/6/3 6:48,108.3050,121.1120,136.9770,75.3400,71.0810,80.2320,108.4010,18.4520,7.4531,5.5155,12.3957,11.4251,13.82
2019/6/3 6:49,108.3070,121.1100,136.9460,75.3390,71.0820,80.2320,108.4030,18.4519,7.4522,5.5151,12.3941,11.4236,13.82
2019/6/3 6:50,108.3000,121.1040,136.9480,75.3300,71.0770,80.2330,108.3950,18.4499,7.4505,5.5143,12.3941,11.4227,13.82
2019/6/3 6:51,108.2960,121.1140,136.9680,75.3340,71.0750,80.2370,108.3990,18.4489,7.4549,5.5161,12.3957,11.4238,13.82
2019/6/3 6:52,108.3000,121.1110,136.9510,75.3340,71.0780,80.2330,108.3950,18.4436,7.4517,5.5144,12.3958,11.4231,13.82
2019/6/3 6:53,108.2990,121.1170,136.9830,75.3360,71.0770,80.2320,108.4010,18.4450,7.4516,5.5144,12.3960,11.4220,13.82
2019/6/3 6:54,108.3000,121.1230,136.9930,75.3360,71.0770,80.2290,108.4040,18.4459,7.4529,5.5116,12.3968,11.4226,13.82
2019/6/3 6:55,108.3000,121.1240,136.9800,75.3380,71.0770,80.2280,108.4020,18.4420,7.4518,5.5113,12.3979,11.4250,13.82
2019/6/3 6:56,108.3050,121.1270,136.9830,75.3400,71.0800,80.2310,108.4040,18.4417,7.4508,5.5106,12.4008,11.4257,13.82
2019/6/3 6:57,108.3080,121.1330,137.0060,75.3400,71.0810,80.2340,108.4080,18.4438,7.4514,5.5110,12.4034,11.4263,13.82
2019/6/3 6:58,108.3000,121.1260,136.9700,75.3340,71.0770,80.2290,108.4150,18.4423,7.4507,5.5100,12.3993,11.4228,13.82
2019/6/3 6:59,108.2940,121.1140,136.9610,75.3300,71.0710,80.2290,108.4040,18.4401,7.4472,5.5066,12.4007,11.4231,13.82
2019/6/3 7:00,108.2960,121.1310,136.9520,75.3340,71.0750,80.2360,108.4240,18.4402,7.4493,5.5081,12.4012,11.4231,13.82
2019/6/3 7:01,108.2960,121.1220,136.9350,75.3230,71.0610,80.2270,108.4220,18.4372,7.4466,5.5066,12.4018,11.4230,13.82
2019/6/3 7:02,108.3000,121.1270,136.9600,75.3340,71.0700,80.2460,108.4320,18.4211,7.4468,5.5079,12.4003,11.4221,13.82
2019/6/3 7:03,108.2940,121.1280,136.9340,75.3310,71.0730,80.2350,108.4350,18.4349,7.4491,5.5074,12.4010,11.4219,13.82
2019/6/3 7:04,108.2910,121.1250,136.9250,75.3270,71.0710,80.2280,108.4570,18.4331,7.4488,5.5080,12.4005,11.4217,13.82
2019/6/3 7:05,108.2930,121.1210,136.9170,75.3280,71.0630,80.2300,108.4550,18.4287,7.4478,5.5061,12.3997,11.4207,13.82
2019/6/3 7:06,108.2950,121.1220,136.9100,75.3230,71.0640,80.2300,108.4510,18.4239,7.4477,5.5050,12.3993,11.4218,13.82
2019/6/3 7:07,108.3000,121.1220,136.8920,75.3240,71.0680,80.2290,108.4750,18.4244,7.4477,5.5043,12.3981,11.4221,13.82
2019/6/3 7:08,108.3080,121.1280,136.9160,75.3390,71.0730,80.2360,108.4690,18.4253,7.4490,5.5056,12.3991,11.4223,13.82
2019/6/3 7:09,108.3090,121.1240,136.9010,75.3410,71.0730,80.2410,108.4790,18.4263,7.4486,5.5056,12.3994,11.4222,13.82
2019/6/3 7:10,108.3070,121.1240,136.9000,75.3400,71.0730,80.2350,108.4770,18.4264,7.4479,5.5068,12.3993,11.4230,13.82
2019/6/3 7:11,108.3060,121.1310,136.8950,75.3490,71.0810,80.2440,108.4890,18.4263,7.4479,5.5063,12.4001,11.4229,13.82
2019/6/3 7:12,108.3080,121.1270,136.8920,75.3490,71.0820,80.2480,108.4890,18.4251,7.4481,5.5065,12.4003,11.4224,13.82
2019/6/3 7:13,108.3090,121.1420,136.8930,75.3520,71.0850,80.2460,108.5020,18.4254,7.4480,5.5058,12.3987,11.4227,13.82
2019/6/3 7:14,108.3240,121.1510,136.8590,75.3610,71.0910,80.2510,108.5170,18.4276,7.4492,5.5076,12.3997,11.4231,13.82
2019/6/3 7:15,108.3080,121.1400,136.8460,75.3580,71.0850,80.2340,108.4990,18.4261,7.4503,5.5068,12.3983,11.4225,13.82
2019/6/3 7:16,108.3030,121.1380,136.8550,75.3570,71.0890,80.2310,108.5170,18.4255,7.4509,5.5075,12.3967,11.4220,13.82
2019/6/3 7:17,108.3060,121.1420,136.8630,75.3600,71.0900,80.2370,108.5200,18.4263,7.4533,5.5074,12.3996,11.4225,13.82
2019/6/3 7:18,108.3070,121.1420,136.8550,75.3600,71.0920,80.2390,108.5190,18.4278,7.4535,5.5071,12.3970,11.4211,13.82
2019/6/3 7:19,108.3160,121.1530,136.8100,75.3660,71.0970,80.2440,108.5280,18.4289,7.4560,5.5074,12.3973,11.4219,13.82
2019/6/3 7:20,108.3250,121.1870,136.8380,75.3860,71.1050,80.2650,108.5330,18.4315,7.4580,5.5100,12.4026,11.4259,13.82
2019/6/3 7:21,108.3180,121.1800,136.8300,75.3800,71.0980,80.2580,108.5310,18.4322,7.4576,5.5088,12.4012,11.4247,13.82
2019/6/3 7:22,108.3410,121.1910,136.8790,75.3950,71.1050,80.2710,108.5470,18.4351,7.4591,5.5108,12.4040,11.4263,13.82
2019/6/3 7:23,108.3410,121.1870,136.8770,75.3960,71.1060,80.2690,108.5570,18.4341,7.4594,5.5089,12.4053,11.4259,13.82
2019/6/3 7:24,108.3490,121.1970,136.9040,75.4000,71.1090,80.2840,108.5660,18.4365,7.4598,5.5110,12.4048,11.4266,13.82
2019/6/3 7:25,108.3490,121.1910,136.9040,75.4030,71.1090,80.2880,108.5650,18.4365,7.4598,5.5117,12.4043,11.4261,13.82
2019/6/3 7:26,108.3440,121.1900,136.8970,75.3990,71.1060,80.2910,108.5590,18.4356,7.4594,5.5108,12.4037,11.4260,13.82
2019/6/3 7:27,108.3420,121.1900,136.8880,75.4050,71.1180,80.2870,108.5580,18.4350,7.4593,5.5102,12.4038,11.4261,13.82
2019/6/3 7:28,108.3620,121.2110,136.9210,75.4190,71.1270,80.3100,108.5680,18.4384,7.4608,5.5101,12.4064,11.4283,13.82
2019/6/3 7:29,108.3740,121.2230,136.9430,75.4260,71.1350,80.3260,108.5650,18.4405,7.4617,5.5108,12.4098,11.4306,13.82
2019/6/3 7:30,108.3780,121.2410,136.9590,75.4320,71.1440,80.3360,108.5490,18.4389,7.4618,5.5108,12.4102,11.4317,13.82
2019/6/3 7:31,108.3720,121.2440,136.9510,75.4350,71.1580,80.3320,108.5750,18.4403,7.4611,5.5091,12.4084,11.4317,13.82
2019/6/3 7:32,108.3740,121.2490,136.9420,75.4540,71.1750,80.3340,108.5660,18.4400,7.4618,5.5085,12.4109,11.4334,13.82
2019/6/3 7:33,108.3810,121.2560,136.9530,75.4570,71.1800,80.3410,108.5730,18.4422,7.4621,5.5089,12.4111,11.4339,13.82
2019/6/3 7:34,108.3730,121.2460,136.9460,75.4470,71.1760,80.3370,108.5790,18.4407,7.4610,5.5075,12.4099,11.4326,13.82
2019/6/3 7:35,108.3790,121.2510,136.9370,75.4520,71.1790,80.3320,108.5750,18.4414,7.4614,5.5065,12.4107,11.4333,13.82
2019/6/3 7:36,108.3770,121.2520,136.8940,75.4520,71.1710,80.3300,108.5750,18.4396,7.4615,5.5059,12.4089,11.4330,13.82
2019/6/3 7:37,108.3780,121.2500,136.8470,75.4460,71.1700,80.3230,108.5850,18.4380,7.4593,5.5042,12.4080,11.4328,13.82
2019/6/3 7:38,108.3670,121.2510,136.8160,75.4470,71.1750,80.3120,108.5830,18.4360,7.4587,5.5039,12.4074,11.4328,13.82
2019/6/3 7:39,108.3770,121.2570,136.8530,75.4530,71.1750,80.3250,108.5860,18.4386,7.4585,5.5044,12.4074,11.4328,13.82
2019/6/3 7:40,108.3810,121.2510,136.8790,75.4500,71.1620,80.3390,108.5890,18.4390,7.4570,5.5035,12.4076,11.4312,13.82
2019/6/3 7:41,108.3880,121.2280,136.8430,75.4400,71.1570,80.3390,108.5670,18.4409,7.4568,5.5032,12.4038,11.4291,13.82
2019/6/3 7:42,108.3870,121.2280,136.8450,75.4360,71.1580,80.3310,108.5460,18.4417,7.4587,5.5027,12.4025,11.4256,13.82
2019/6/3 7:43,108.3900,121.2250,136.8460,75.4340,71.1570,80.3300,108.5290,18.4432,7.4584,5.5027,12.4019,11.4262,13.82
2019/6/3 7:44,108.3910,121.2270,136.8250,75.4390,71.1590,80.3290,108.5390,18.4427,7.4587,5.5027,12.4009,11.4263,13.82
2019/6/3 7:45,108.3700,121.2020,136.7910,75.4170,71.1350,80.3150,108.5210,18.4393,7.4546,5.4997,12.3962,11.4219,13.82
2019/6/3 7:46,108.3770,121.1920,136.7730,75.4070,71.1280,80.3200,108.5180,18.4405,7.4550,5.4989,12.3981,11.4224,13.82
2019/6/3 7:47,108.3810,121.2040,136.7780,75.4210,71.1400,80.3200,108.5220,18.4413,7.4585,5.5025,12.3997,11.4237,13.82
2019/6/3 7:48,108.3680,121.1840,136.7420,75.4150,71.1340,80.3020,108.5070,18.4390,7.4576,5.5021,12.3974,11.4212,13.82
2019/6/3 7:49,108.3720,121.1830,136.7580,75.4150,71.1350,80.2990,108.5040,18.4401,7.4584,5.5022,12.3976,11.4221,13.82
2019/6/3 7:50,108.3790,121.2050,136.7580,75.4080,71.1390,80.3030,108.5120,18.4436,7.4575,5.5028,12.4003,11.4247,13.82
2019/6/3 7:51,108.3790,121.2090,136.7680,75.4130,71.1380,80.3020,108.5080,18.4436,7.4590,5.5028,12.4005,11.4248,13.82
2019/6/3 7:52,108.3680,121.2060,136.7850,75.4050,71.1310,80.2890,108.5110,18.4404,7.4582,5.5022,12.4000,11.4243,13.82
2019/6/3 7:53,108.3660,121.1950,136.7260,75.4020,71.1270,80.2860,108.5070,18.4399,7.4548,5.5019,12.3988,11.4224,13.82
2019/6/3 7:54,108.3730,121.2020,136.7020,75.3970,71.1250,80.2830,108.5110,18.4372,7.4544,5.4998,12.3989,11.4230,13.82
2019/6/3 7:55,108.3600,121.1640,136.6760,75.3850,71.1140,80.2610,108.4880,18.4181,7.4510,5.4960,12.3954,11.4191,13.82
2019/6/3 7:56,108.3650,121.1540,136.6670,75.3790,71.1090,80.2600,108.4810,18.3980,7.4510,5.4935,12.3947,11.4168,13.82
2019/6/3 7:57,108.3640,121.1380,136.6740,75.3780,71.0980,80.2570,108.4690,18.4037,7.4512,5.4926,12.3930,11.4162,13.82
2019/6/3 7:58,108.3730,121.1510,136.6920,75.3820,71.1130,80.2710,108.4870,18.3920,7.4524,5.4949,12.3941,11.4180,13.82
2019/6/3 7:59,108.3720,121.1670,136.7020,75.3820,71.1140,80.2820,108.5080,18.3961,7.4518,5.4952,12.3992,11.4197,13.82
2019/6/3 8:00,108.3670,121.1810,136.6920,75.3930,71.1220,80.2880,108.5400,18.3952,7.4501,5.4927,12.3974,11.4195,13.82
2019/6/3 8:01,108.3660,121.1930,136.7080,75.3890,71.1210,80.2960,108.5560,18.4029,7.4480,5.4902,12.4008,11.4223,13.82
2019/6/3 8:02,108.3550,121.1770,136.6800,75.3910,71.1240,80.2850,108.5510,18.4034,7.4457,5.4899,12.3960,11.4177,13.82
2019/6/3 8:03,108.3520,121.1690,136.6900,75.3820,71.1220,80.2750,108.5530,18.3952,7.4441,5.4889,12.3930,11.4157,13.82
2019/6/3 8:04,108.3470,121.1650,136.6990,75.3870,71.1180,80.2700,108.5380,18.4040,7.4456,5.4886,12.3937,11.4148,13.82
2019/6/3 8:05,108.3360,121.1510,136.6980,75.3760,71.1120,80.2520,108.5190,18.4047,7.4444,5.4875,12.3914,11.4119,13.82
2019/6/3 8:06,108.3320,121.1620,136.7070,75.3690,71.1070,80.2480,108.5230,18.4038,7.4435,5.4848,12.3918,11.4124,13.82
2019/6/3 8:07,108.3370,121.1760,136.7050,75.3700,71.1100,80.2450,108.5530,18.4038,7.4404,5.4809,12.3914,11.4133,13.82
2019/6/3 8:08,108.3300,121.1800,136.7040,75.3670,71.1080,80.2350,108.5640,18.4026,7.4401,5.4798,12.3909,11.4111,13.82
2019/6/3 8:09,108.3270,121.1720,136.7040,75.3610,71.1050,80.2330,108.5470,18.4054,7.4424,5.4838,12.3891,11.4108,13.82
2019/6/3 8:10,108.3620,121.2020,136.7550,75.3970,71.1250,80.2750,108.5530,18.4230,7.4482,5.4870,12.3946,11.4155,13.82
2019/6/3 8:11,108.3550,121.2010,136.7540,75.3860,71.1230,80.2690,108.5610,18.4179,7.4470,5.4845,12.3970,11.4173,13.82
2019/6/3 8:12,108.3300,121.1770,136.7290,75.3760,71.1150,80.2530,108.5470,18.4151,7.4434,5.4834,12.3930,11.4152,13.82
2019/6/3 8:13,108.3400,121.1830,136.7420,75.3710,71.1130,80.2650,108.5540,18.4156,7.4437,5.4848,12.3953,11.4158,13.82
2019/6/3 8:14,108.3290,121.1660,136.7270,75.3640,71.1060,80.2520,108.5470,18.4128,7.4405,5.4796,12.3928,11.4121,13.82
2019/6/3 8:15,108.3320,121.1700,136.7400,75.3670,71.1080,80.2650,108.5390,18.4151,7.4385,5.4778,12.3949,11.4131,13.82
2019/6/3 8:16,108.3170,121.1640,136.7330,75.3590,71.1000,80.2380,108.5250,18.4257,7.4397,5.4827,12.3931,11.4111,13.82
2019/6/3 8:17,108.3130,121.1690,136.7490,75.3630,71.1050,80.2440,108.5200,18.4380,7.4415,5.4827,12.3977,11.4131,13.82
2019/6/3 8:18,108.2980,121.1750,136.7510,75.3710,71.1200,80.2450,108.5320,18.4372,7.4419,5.4820,12.3998,11.4160,13.82
2019/6/3 8:19,108.3030,121.1750,136.7540,75.3650,71.1240,80.2430,108.5420,18.4496,7.4442,5.4801,12.3991,11.4159,13.82
2019/6/3 8:20,108.2960,121.1930,136.7570,75.3760,71.1290,80.2310,108.5560,18.4378,7.4470,5.4806,12.4031,11.4184,13.82
2019/6/3 8:21,108.2800,121.2100,136.7630,75.3790,71.1290,80.2340,108.5740,18.4461,7.4469,5.4781,12.4060,11.4224,13.82
2019/6/3 8:22,108.2790,121.2290,136.7520,75.3840,71.1290,80.2360,108.5920,18.4609,7.4528,5.4788,12.4083,11.4237,13.82
2019/6/3 8:23,108.2960,121.2470,136.8010,75.3910,71.1300,80.2700,108.6030,18.4633,7.4554,5.4805,12.4154,11.4266,13.82
2019/6/3 8:24,108.3000,121.2560,136.7950,75.4130,71.1500,80.2960,108.6070,18.4848,7.4583,5.4816,12.4154,11.4254,13.82
2019/6/3 8:25,108.2900,121.2540,136.7630,75.4090,71.1460,80.2760,108.6080,18.4822,7.4583,5.4799,12.4204,11.4314,13.82
2019/6/3 8:26,108.2830,121.2520,136.7260,75.3900,71.1350,80.2660,108.5860,18.4802,7.4584,5.4799,12.4183,11.4305,13.82
2019/6/3 8:27,108.2610,121.2430,136.7110,75.3780,71.1220,80.2330,108.5840,18.4713,7.4558,5.4801,12.4172,11.4299,13.82
2019/6/3 8:28,108.2530,121.2250,136.6910,75.3680,71.1120,80.2250,108.5540,18.4645,7.4576,5.4838,12.4145,11.4285,13.82
2019/6/3 8:29,108.2620,121.2270,136.6880,75.3710,71.1160,80.2280,108.5780,18.4639,7.4579,5.4843,12.4136,11.4314,13.82
2019/6/3 8:30,108.2710,121.2220,136.6810,75.3780,71.1130,80.2420,108.5640,18.4636,7.4587,5.4862,12.4137,11.4320,13.82
2019/6/3 8:31,108.2880,121.2400,136.6920,75.3820,71.1220,80.2540,108.5660,18.4683,7.4601,5.4876,12.4183,11.4364,13.82
2019/6/3 8:32,108.2800,121.2170,136.6800,75.3920,71.1300,80.2490,108.5370,18.4653,7.4649,5.4876,12.4171,11.4332,13.82
2019/6/3 8:33,108.2850,121.2240,136.6800,75.3950,71.1330,80.2590,108.5460,18.4658,7.4610,5.4906,12.4163,11.4336,13.82
2019/6/3 8:34,108.2870,121.2340,136.6940,75.3900,71.1340,80.2590,108.5410,18.4661,7.4624,5.4901,12.4157,11.4327,13.82
2019/6/3 8:35,108.2860,121.2270,136.7240,75.3910,71.1440,80.2530,108.5490,18.4651,7.4623,5.4885,12.4167,11.4323,13.82
2019/6/3 8:36,108.2750,121.2160,136.6870,75.3840,71.1280,80.2450,108.5460,18.4625,7.4615,5.4881,12.4155,11.4302,13.82
2019/6/3 8:37,108.2750,121.2170,136.6630,75.3820,71.1280,80.2390,108.5420,18.4626,7.4614,5.4884,12.4140,11.4285,13.82
2019/6/3 8:38,108.2810,121.2190,136.6650,75.3810,71.1290,80.2380,108.5440,18.4695,7.4651,5.4897,12.4136,11.4286,13.82
2019/6/3 8:39,108.2830,121.2300,136.6780,75.3920,71.1260,80.2400,108.5570,18.4728,7.4668,5.4935,12.4157,11.4288,13.82
2019/6/3 8:40,108.2770,121.2300,136.6920,75.4000,71.1380,80.2520,108.5580,18.4754,7.4701,5.4956,12.4175,11.4306,13.82
2019/6/3 8:41,108.2860,121.2310,136.6920,75.4040,71.1350,80.2660,108.5550,18.4750,7.4754,5.4960,12.4188,11.4314,13.82
2019/6/3 8:42,108.2740,121.2210,136.6890,75.3980,71.1290,80.2600,108.5600,18.4785,7.4783,5.4929,12.4178,11.4301,13.82
2019/6/3 8:43,108.2900,121.2230,136.6870,75.3960,71.1270,80.2650,108.5530,18.4836,7.4836,5.4926,12.4186,11.4299,13.82
2019/6/3 8:44,108.2900,121.2400,136.6950,75.4060,71.1360,80.2710,108.5490,18.4839,7.4837,5.4934,12.4205,11.4321,13.82
2019/6/3 8:45,108.3250,121.2620,136.7450,75.4150,71.1400,80.2920,108.5450,18.4899,7.4759,5.4938,12.4217,11.4333,13.82
2019/6/3 8:46,108.3270,121.2510,136.7440,75.4100,71.1430,80.2990,108.5340,18.4900,7.4772,5.4949,12.4219,11.4330,13.82
2019/6/3 8:47,108.3380,121.2600,136.7550,75.4070,71.1460,80.3100,108.5420,18.4905,7.4781,5.4934,12.4249,11.4321,13.82
2019/6/3 8:48,108.3440,121.2770,136.7770,75.4250,71.1520,80.3180,108.5390,18.4875,7.4757,5.4927,12.4278,11.4341,13.82
2019/6/3 8:49,108.3510,121.2810,136.7650,75.4290,71.1540,80.3020,108.5350,18.4878,7.4740,5.4942,12.4294,11.4348,13.82
2019/6/3 8:50,108.3490,121.2800,136.7610,75.4280,71.1530,80.3160,108.5440,18.4909,7.4759,5.4947,12.4340,11.4382,13.82
2019/6/3 8:51,108.3500,121.2650,136.7390,75.4270,71.1420,80.3190,108.5350,18.4899,7.4772,5.4949,12.4322,11.4375,13.82
2019/6/3 8:52,108.3300,121.2650,136.7600,75.4230,71.1500,80.3070,108.5330,18.4857,7.4799,5.4939,12.4309,11.4367,13.82
2019/6/3 8:53,108.3270,121.2630,136.7640,75.4220,71.1360,80.3010,108.5260,18.4905,7.4870,5.4967,12.4315,11.4339,13.82
2019/6/3 8:54,108.3300,121.2830,136.7730,75.4190,71.1360,80.3060,108.5270,18.4909,7.4829,5.4968,12.4343,11.4363,13.82
2019/6/3 8:55,108.3190,121.2880,136.7720,75.4080,71.1190,80.3050,108.5240,18.4909,7.4822,5.4960,12.4374,11.4369,13.82
2019/6/3 8:56,108.3250,121.2770,136.7630,75.4160,71.1210,80.3160,108.5310,18.4900,7.4829,5.4963,12.4367,11.4356,13.82
2019/6/3 8:57,108.3260,121.2720,136.7660,75.4160,71.1150,80.3180,108.5430,18.4942,7.4841,5.4933,12.4372,11.4355,13.82
2019/6/3 8:58,108.3550,121.2950,136.8350,75.4280,71.1280,80.3320,108.5400,18.4992,7.4847,5.4947,12.4415,11.4379,13.82
2019/6/3 8:59,108.3430,121.2900,136.8390,75.4240,71.1290,80.3190,108.5500,18.4974,7.4816,5.4944,12.4353,11.4368,13.82
2019/6/3 9:00,108.3270,121.2790,136.8190,75.4140,71.1260,80.3010,108.5430,18.4933,7.4794,5.4923,12.4312,11.4351,13.82
2019/6/3 9:01,108.3310,121.2770,136.8050,75.4160,71.1290,80.3090,108.5450,18.4930,7.4778,5.4945,12.4302,11.4357,13.82
2019/6/3 9:02,108.3350,121.2650,136.7840,75.4190,71.1230,80.3020,108.5410,18.4942,7.4780,5.4941,12.4277,11.4312,13.82
2019/6/3 9:03,108.3480,121.2650,136.7840,75.4090,71.1180,80.3090,108.5340,18.4954,7.4786,5.4945,12.4257,11.4293,13.82
2019/6/3 9:04,108.3730,121.2390,136.8030,75.3980,71.1060,80.3230,108.5030,18.4982,7.4801,5.4965,12.4238,11.4274,13.82
2019/6/3 9:05,108.3680,121.2380,136.7870,75.3970,71.1000,80.3250,108.4880,18.4854,7.4768,5.4956,12.4236,11.4272,13.82
2019/6/3 9:06,108.3740,121.2260,136.7950,75.3870,71.0930,80.3230,108.4800,18.4859,7.4778,5.4959,12.4234,11.4258,13.82
2019/6/3 9:07,108.3790,121.2380,136.7880,75.3900,71.0880,80.3240,108.4710,18.4854,7.4778,5.4968,12.4268,11.4273,13.82
2019/6/3 9:08,108.3750,121.2300,136.7940,75.3900,71.0930,80.3220,108.4610,18.4847,7.4767,5.4968,12.4202,11.4261,13.82
2019/6/3 9:09,108.3670,121.2350,136.7670,75.3760,71.0830,80.3080,108.4730,18.4802,7.4740,5.4929,12.4194,11.4271,13.82
2019/6/3 9:10,108.3660,121.2350,136.7360,75.3630,71.0730,80.2960,108.4820,18.4648,7.4723,5.4925,12.4175,11.4262,13.82
2019/6/3 9:11,108.3600,121.2280,136.7440,75.3660,71.0750,80.2910,108.4750,18.4601,7.4731,5.4927,12.4194,11.4259,13.82
2019/6/3 9:12,108.3540,121.2280,136.7580,75.3620,71.0770,80.2830,108.4670,18.4582,7.4729,5.4947,12.4203,11.4257,13.82
2019/6/3 9:13,108.3440,121.2210,136.7490,75.3600,71.0780,80.2720,108.4690,18.4489,7.4762,5.4955,12.4182,11.4248,13.82
2019/6/3 9:14,108.3330,121.2390,136.7600,75.3610,71.0890,80.2700,108.4870,18.4453,7.4755,5.4970,12.4219,11.4272,13.82
2019/6/3 9:15,108.3380,121.2480,136.7500,75.3560,71.0860,80.2690,108.4910,18.4478,7.4764,5.4961,12.4193,11.4250,13.82
2019/6/3 9:16,108.3340,121.2610,136.8000,75.3610,71.0940,80.2710,108.4970,18.4480,7.4745,5.4957,12.4192,11.4267,13.82
2019/6/3 9:17,108.3320,121.2560,136.7840,75.3510,71.0780,80.2610,108.4940,18.4487,7.4730,5.4954,12.4165,11.4251,13.82
2019/6/3 9:18,108.3380,121.2600,136.7720,75.3530,71.0590,80.2580,108.4980,18.4499,7.4722,5.4959,12.4176,11.4256,13.82
2019/6/3 9:19,108.3450,121.2740,136.7930,75.3590,71.0660,80.2680,108.5040,18.4509,7.4716,5.4927,12.4195,11.4244,13.82
2019/6/3 9:20,108.3780,121.2960,136.8040,75.3630,71.0610,80.2850,108.5100,18.4559,7.4695,5.4924,12.4202,11.4261,13.82
2019/6/3 9:21,108.3780,121.2990,136.8240,75.3720,71.0740,80.2960,108.5150,18.4543,7.4715,5.4930,12.4212,11.4283,13.82
2019/6/3 9:22,108.3800,121.3030,136.8360,75.3800,71.0830,80.2960,108.5230,18.4485,7.4741,5.4938,12.4221,11.4275,13.82
2019/6/3 9:23,108.3800,121.3020,136.8160,75.3710,71.0770,80.2950,108.5250,18.4496,7.4738,5.4938,12.4217,11.4266,13.82
2019/6/3 9:24,108.3740,121.2850,136.7920,75.3640,71.0640,80.2900,108.5270,18.4475,7.4724,5.4926,12.4188,11.4251,13.82
2019/6/3 9:25,108.3720,121.2990,136.7940,75.3690,71.0720,80.2970,108.5280,18.4455,7.4734,5.4916,12.4191,11.4246,13.82
2019/6/3 9:26,108.3860,121.3100,136.8210,75.3780,71.0720,80.3120,108.5070,18.4472,7.4750,5.4931,12.4193,11.4259,13.82
2019/6/3 9:27,108.3850,121.3250,136.8370,75.3800,71.0720,80.3270,108.4970,18.4464,7.4764,5.4906,12.4224,11.4262,13.82
2019/6/3 9:28,108.3850,121.3320,136.8260,75.3740,71.0700,80.3230,108.4740,18.4468,7.4772,5.4914,12.4233,11.4292,13.82
2019/6/3 9:29,108.3800,121.3290,136.8210,75.3700,71.0740,80.3190,108.4800,18.4472,7.4773,5.4912,12.4231,11.4281,13.82
2019/6/3 9:30,108.3790,121.3240,136.8300,75.3670,71.0680,80.2840,108.4770,18.4453,7.4779,5.4905,12.4208,11.4267,13.82
2019/6/3 9:31,108.4260,121.3780,136.8880,75.4130,71.1030,80.3330,108.5400,18.4533,7.4823,5.4951,12.4323,11.4342,13.82
2019/6/3 9:32,108.4260,121.3810,136.8950,75.4150,71.1080,80.3520,108.5440,18.4531,7.4856,5.4958,12.4299,11.4345,13.82
2019/6/3 9:33,108.4230,121.3740,136.9020,75.4090,71.0990,80.3460,108.5420,18.4485,7.4824,5.4947,12.4285,11.4345,13.82
2019/6/3 9:34,108.4260,121.3840,136.9310,75.4280,71.1200,80.3730,108.5320,18.4487,7.4886,5.4961,12.4320,11.4354,13.82
2019/6/3 9:35,108.4150,121.3780,136.9130,75.4200,71.1220,80.3480,108.5430,18.4471,7.4877,5.4955,12.4326,11.4350,13.82
2019/6/3 9:36,108.4180,121.3890,136.9440,75.4280,71.1250,80.3680,108.5520,18.4464,7.4890,5.4956,12.4358,11.4364,13.82
2019/6/3 9:37,108.4140,121.4030,136.9300,75.4280,71.1330,80.3860,108.5590,18.4422,7.4864,5.4961,12.4357,11.4398,13.82
2019/6/3 9:38,108.4090,121.4000,136.9120,75.4200,71.1290,80.3880,108.5650,18.4355,7.4831,5.4978,12.4362,11.4394,13.82
2019/6/3 9:39,108.4030,121.3930,136.9100,75.4230,71.1240,80.3940,108.5680,18.4399,7.4857,5.4972,12.4365,11.4386,13.82
2019/6/3 9:40,108.3980,121.3980,136.9240,75.4160,71.1160,80.3790,108.5740,18.4398,7.4835,5.4959,12.4369,11.4389,13.82
2019/6/3 9:41,108.3890,121.3980,136.9260,75.4200,71.1290,80.3770,108.5740,18.4383,7.4840,5.4959,12.4455,11.4428,13.82
2019/6/3 9:42,108.3670,121.3850,136.9060,75.4120,71.1240,80.3730,108.5800,18.4350,7.4824,5.4958,12.4427,11.4404,13.82
2019/6/3 9:43,108.3670,121.3860,136.8950,75.4120,71.1250,80.3690,108.5870,18.4397,7.4839,5.4961,12.4442,11.4403,13.82
2019/6/3 9:44,108.3560,121.3830,136.9050,75.4050,71.1270,80.3690,108.5850,18.4663,7.4875,5.4971,12.4432,11.4397,13.82
2019/6/3 9:45,108.3270,121.3540,136.8690,75.3830,71.1200,80.3240,108.5730,18.4631,7.4823,5.4941,12.4389,11.4351,13.82
2019/6/3 9:46,108.3260,121.3580,136.8700,75.3920,71.1300,80.3220,108.5850,18.4378,7.4825,5.4962,12.4362,11.4358,13.82
2019/6/3 9:47,108.3140,121.3620,136.8450,75.3730,71.1140,80.2990,108.5930,18.4338,7.4772,5.4930,12.4316,11.4341,13.82
2019/6/3 9:48,108.3170,121.3540,136.8520,75.3690,71.1080,80.2860,108.5710,18.4291,7.4777,5.4933,12.4313,11.4331,13.82
2019/6/3 9:49,108.3190,121.3570,136.8610,75.3780,71.1150,80.2920,108.5910,18.4437,7.4785,5.4949,12.4284,11.4334,13.82
2019/6/3 9:50,108.3310,121.3760,136.9040,75.3970,71.1440,80.3150,108.6210,18.4457,7.4814,5.4988,12.4291,11.4349,13.82
2019/6/3 9:51,108.3230,121.3700,136.9140,75.3980,71.1410,80.3010,108.6080,18.4483,7.4793,5.4994,12.4278,11.4327,13.82
2019/6/3 9:52,108.3050,121.3500,136.9260,75.3870,71.1360,80.2950,108.5870,18.4484,7.4779,5.4975,12.4280,11.4318,13.82
2019/6/3 9:53,108.3010,121.3420,136.9140,75.3890,71.1370,80.2910,108.5770,18.4486,7.4760,5.4951,12.4274,11.4321,13.82
2019/6/3 9:54,108.2680,121.3110,136.8420,75.3650,71.1190,80.2440,108.5440,18.4513,7.4749,5.4946,12.4212,11.4268,13.82
2019/6/3 9:55,108.2830,121.3180,136.8720,75.3860,71.1360,80.2550,108.5430,18.4512,7.4782,5.4964,12.4246,11.4288,13.82
2019/6/3 9:56,108.2690,121.3110,136.8640,75.3860,71.1290,80.2660,108.5460,18.4562,7.4776,5.4947,12.4240,11.4269,13.82
2019/6/3 9:57,108.2890,121.3180,136.8710,75.3810,71.1320,80.2580,108.5570,18.4599,7.4777,5.4955,12.4252,11.4290,13.82
2019/6/3 9:58,108.2560,121.2690,136.7920,75.3470,71.0990,80.2090,108.5160,18.4519,7.4725,5.4898,12.4167,11.4217,13.82
2019/6/3 9:59,108.2670,121.2740,136.8060,75.3580,71.1100,80.2210,108.5340,18.4573,7.4754,5.4943,12.4207,11.4243,13.82
2019/6/3 10:00,108.3310,121.3150,136.8800,75.3880,71.1260,80.2860,108.5480,18.4677,7.4813,5.4967,12.4181,11.4270,13.82
2019/6/3 10:01,108.3080,121.2950,136.8460,75.3530,71.1000,80.2300,108.5230,18.4556,7.4764,5.4915,12.4143,11.4246,13.82
2019/6/3 10:02,108.2620,121.3010,136.8480,75.3500,71.1110,80.2020,108.6080,18.4440,7.4784,5.4922,12.4106,11.4207,13.82
2019/6/3 10:03,108.2550,121.3250,136.8730,75.3620,71.1290,80.2230,108.6140,18.4429,7.4811,5.4971,12.4155,11.4220,13.82
2019/6/3 10:04,108.2700,121.3310,136.8560,75.3700,71.1270,80.2450,108.5880,18.4739,7.4849,5.5003,12.4197,11.4242,13.82
2019/6/3 10:05,108.2840,121.3190,136.8560,75.3580,71.1200,80.2630,108.5780,18.4754,7.4827,5.4996,12.4157,11.4226,13.82
2019/6/3 10:06,108.3240,121.3550,136.8720,75.3830,71.1410,80.3190,108.5700,18.4786,7.4851,5.4983,12.4214,11.4260,13.82
2019/6/3 10:07,108.3560,121.3890,136.9330,75.3990,71.1560,80.3450,108.5760,18.4843,7.4885,5.4999,12.4258,11.4288,13.82
2019/6/3 10:08,108.3350,121.3730,136.9160,75.3880,71.1490,80.3300,108.5480,18.4801,7.4864,5.4969,12.4254,11.4277,13.82
2019/6/3 10:09,108.3400,121.3640,136.9010,75.3890,71.1510,80.3290,108.5410,18.4810,7.4889,5.4972,12.4253,11.4264,13.82
2019/6/3 10:10,108.3190,121.3750,136.8910,75.3900,71.1490,80.3140,108.5480,18.4775,7.4885,5.4993,12.4272,11.4276,13.82
2019/6/3 10:11,108.3220,121.3700,136.8800,75.3870,71.1510,80.3020,108.5510,18.4777,7.4900,5.4995,12.4259,11.4291,13.82
2019/6/3 10:12,108.3120,121.3820,136.8680,75.3820,71.1480,80.2930,108.5620,18.4749,7.4900,5.4970,12.4263,11.4294,13.82
2019/6/3 10:13,108.3050,121.3810,136.8740,75.3800,71.1420,80.2730,108.5740,18.4735,7.4888,5.4953,12.4262,11.4300,13.82
2019/6/3 10:14,108.3130,121.3840,136.8910,75.3860,71.1620,80.2780,108.5800,18.4796,7.4918,5.4968,12.4257,11.4285,13.82
2019/6/3 10:15,108.3070,121.3860,136.9060,75.3900,71.1610,80.2760,108.5770,18.4777,7.4927,5.4957,12.4270,11.4308,13.82
2019/6/3 10:16,108.2960,121.3580,136.8790,75.3710,71.1490,80.2590,108.5690,18.4759,7.4895,5.4925,12.4209,11.4258,13.82
2019/6/3 10:17,108.3000,121.3460,136.8830,75.3770,71.1560,80.2850,108.5700,18.4759,7.4890,5.4942,12.4234,11.4243,13.82
2019/6/3 10:18,108.3150,121.3510,136.9170,75.4000,71.1690,80.3000,108.5860,18.4791,7.4912,5.4939,12.4239,11.4258,13.82
2019/6/3 10:19,108.3280,121.3730,136.9610,75.4180,71.2000,80.3160,108.5870,18.4808,7.4915,5.4932,12.4269,11.4277,13.82
2019/6/3 10:20,108.3160,121.3720,136.9550,75.4150,71.2000,80.3080,108.5730,18.4794,7.4906,5.4913,12.4252,11.4278,13.82
2019/6/3 10:21,108.3230,121.3830,136.9580,75.4250,71.2040,80.3270,108.5680,18.4813,7.4935,5.4918,12.4268,11.4319,13.82
2019/6/3 10:22,108.3140,121.3690,136.9580,75.4070,71.1890,80.3210,108.5460,18.4821,7.4905,5.4895,12.4241,11.4279,13.82
2019/6/3 10:23,108.3220,121.3620,136.9540,75.4010,71.1910,80.3310,108.5430,18.4839,7.4910,5.4895,12.4225,11.4270,13.82
2019/6/3 10:24,108.3380,121.3730,136.9660,75.4060,71.1980,80.3740,108.5500,18.4868,7.4901,5.4903,12.4238,11.4275,13.82
2019/6/3 10:25,108.3310,121.3800,137.0010,75.4190,71.2020,80.3970,108.5360,18.4931,7.4866,5.4890,12.4259,11.4292,13.82
2019/6/3 10:26,108.3260,121.3820,137.0180,75.4270,71.2170,80.3950,108.5340,18.4885,7.4876,5.4897,12.4297,11.4327,13.82
2019/6/3 10:27,108.3350,121.3800,137.0120,75.4330,71.2260,80.4110,108.5240,18.4965,7.4911,5.4913,12.4318,11.4339,13.82
2019/6/3 10:28,108.3500,121.3790,137.0230,75.4350,71.2240,80.4170,108.5240,18.4942,7.4882,5.4892,12.4295,11.4325,13.82
2019/6/3 10:29,108.3440,121.3880,137.0180,75.4450,71.2340,80.4270,108.5150,18.4877,7.4896,5.4879,12.4296,11.4338,13.82
2019/6/3 10:30,108.3360,121.3800,137.0010,75.4340,71.2320,80.4250,108.5220,18.4868,7.4864,5.4840,12.4283,11.4322,13.82
2019/6/3 10:31,108.3390,121.4140,137.0340,75.4700,71.2500,80.4740,108.5460,18.4951,7.4907,5.4861,12.4350,11.4377,13.82
2019/6/3 10:32,108.3360,121.3930,137.0340,75.4480,71.2380,80.4500,108.5230,18.4900,7.4883,5.4815,12.4291,11.4321,13.82
2019/6/3 10:33,108.3220,121.3780,137.0080,75.4350,71.2340,80.4440,108.5130,18.4885,7.4869,5.4808,12.4287,11.4312,13.82
2019/6/3 10:34,108.3380,121.3690,136.9840,75.4270,71.2260,80.4470,108.5140,18.4912,7.4867,5.4817,12.4279,11.4293,13.82
2019/6/3 10:35,108.3320,121.3730,136.9850,75.4200,71.2250,80.4170,108.5160,18.4879,7.4863,5.4809,12.4260,11.4284,13.82
2019/6/3 10:36,108.3270,121.3540,136.9720,75.4110,71.2210,80.4090,108.4990,18.4879,7.4869,5.4845,12.4236,11.4276,13.82
2019/6/3 10:37,108.3390,121.3670,136.9870,75.4300,71.2360,80.4150,108.5090,18.4900,7.4873,5.4852,12.4278,11.4315,13.82
2019/6/3 10:38,108.3420,121.3780,136.9900,75.4420,71.2420,80.4290,108.5210,18.4906,7.4879,5.4854,12.4282,11.4302,13.82
2019/6/3 10:39,108.3540,121.3970,137.0070,75.4500,71.2570,80.4530,108.5230,18.5035,7.4886,5.4881,12.4318,11.4330,13.82
2019/6/3 10:40,108.3550,121.3800,137.0070,75.4390,71.2450,80.4230,108.5240,18.5029,7.4874,5.4863,12.4281,11.4314,13.82
2019/6/3 10:41,108.3580,121.4040,137.0080,75.4520,71.2520,80.4260,108.5300,18.5064,7.4908,5.4860,12.4320,11.4358,13.82
2019/6/3 10:42,108.3490,121.3960,136.9870,75.4440,71.2450,80.4110,108.5250,18.5152,7.4947,5.4848,12.4296,11.4334,13.82
2019/6/3 10:43,108.3750,121.3960,137.0230,75.4340,71.2400,80.4120,108.5450,18.5203,7.4941,5.4830,12.4280,11.4325,13.82
2019/6/3 10:44,108.3860,121.4110,136.9590,75.4430,71.2490,80.4240,108.5470,18.5233,7.4943,5.4851,12.4296,11.4346,13.82
2019/6/3 10:45,108.3960,121.3940,136.9620,75.4220,71.2350,80.4200,108.5110,18.5252,7.4931,5.4837,12.4248,11.4321,13.82
2019/6/3 10:46,108.3990,121.4330,137.0360,75.4410,71.2660,80.4250,108.5360,18.5263,7.4979,5.4848,12.4289,11.4360,13.82
2019/6/3 10:47,108.4010,121.4280,137.0420,75.4360,71.2640,80.4260,108.5380,18.5263,7.4994,5.4868,12.4295,11.4380,13.82
2019/6/3 10:48,108.3840,121.4130,137.0540,75.4240,71.2510,80.3960,108.5330,18.5240,7.4985,5.4844,12.4260,11.4353,13.82
2019/6/3 10:49,108.3830,121.3990,137.0420,75.4340,71.2550,80.4110,108.5230,18.5236,7.4980,5.4855,12.4232,11.4333,13.82
2019/6/3 10:50,108.3470,121.4040,137.0190,75.4250,71.2500,80.3740,108.5250,18.5185,7.4979,5.4834,12.4231,11.4340,13.82
2019/6/3 10:51,108.3460,121.4100,137.0390,75.4280,71.2560,80.3740,108.5240,18.5184,7.4977,5.4825,12.4236,11.4347,13.82
2019/6/3 10:52,108.3540,121.4370,137.0260,75.4470,71.2740,80.4250,108.5290,18.5334,7.5018,5.4837,12.4302,11.4408,13.82
2019/6/3 10:53,108.3520,121.4110,137.0200,75.4340,71.2590,80.3990,108.5220,18.5331,7.5010,5.4835,12.4281,11.4399,13.82
2019/6/3 10:54,108.3550,121.4020,137.0090,75.4370,71.2570,80.4000,108.5220,18.5378,7.4996,5.4844,12.4305,11.4400,13.82
2019/6/3 10:55,108.3580,121.4220,136.9760,75.4380,71.2590,80.4000,108.5250,18.5381,7.4953,5.4839,12.4334,11.4444,13.82
2019/6/3 10:56,108.3800,121.4240,136.9720,75.4450,71.2620,80.4190,108.5170,18.5404,7.4931,5.4852,12.4361,11.4471,13.82
2019/6/3 10:57,108.3780,121.3640,136.8530,75.3970,71.2250,80.4190,108.4690,18.5392,7.4883,5.4824,12.4282,11.4418,13.82
2019/6/3 10:58,108.3770,121.3750,136.8760,75.3860,71.2160,80.4120,108.4320,18.5475,7.4900,5.4841,12.4289,11.4438,13.82
2019/6/3 10:59,108.3720,121.3920,136.8650,75.3630,71.2020,80.4240,108.4620,18.5411,7.4879,5.4837,12.4323,11.4451,13.82
2019/6/3 11:00,108.3650,121.4080,136.8730,75.3590,71.1970,80.4080,108.5070,18.5401,7.4889,5.4822,12.4292,11.4467,13.82
2019/6/3 11:01,108.3820,121.4370,136.9220,75.3600,71.2060,80.4280,108.5220,18.5456,7.4897,5.4821,12.4338,11.4505,13.82
2019/6/3 11:02,108.3920,121.4230,136.9470,75.3680,71.2030,80.4520,108.5170,18.5466,7.4896,5.4824,12.4320,11.4481,13.82
2019/6/3 11:03,108.3940,121.4470,136.9760,75.3890,71.2250,80.4670,108.5380,18.5423,7.4891,5.4839,12.4358,11.4524,13.82
2019/6/3 11:04,108.3990,121.4650,136.9800,75.4090,71.2390,80.4880,108.5530,18.5378,7.4946,5.4851,12.4406,11.4539,13.82
2019/6/3 11:05,108.3870,121.4370,136.9380,75.3940,71.2310,80.4620,108.5390,18.5278,7.4919,5.4836,12.4353,11.4509,13.82
2019/6/3 11:06,108.4000,121.4160,136.9370,75.4100,71.2410,80.4840,108.5020,18.5364,7.4930,5.4840,12.4332,11.4486,13.82
2019/6/3 11:07,108.3860,121.4160,136.8920,75.4000,71.2310,80.4550,108.4950,18.5293,7.4898,5.4834,12.4328,11.4491,13.82
2019/6/3 11:08,108.3780,121.4230,136.9080,75.3950,71.2340,80.4370,108.5030,18.5336,7.4909,5.4849,12.4327,11.4495,13.82
2019/6/3 11:09,108.3700,121.4200,136.9000,75.3870,71.2280,80.4330,108.5050,18.5345,7.4894,5.4840,12.4316,11.4495,13.82
2019/6/3 11:10,108.3680,121.4110,136.8920,75.3810,71.2250,80.4140,108.4950,18.5324,7.4880,5.4821,12.4288,11.4483,13.82
2019/6/3 11:11,108.3690,121.4130,136.8960,75.3750,71.2280,80.4120,108.5060,18.5314,7.4873,5.4797,12.4288,11.4475,13.82
2019/6/3 11:12,108.3590,121.4080,136.8760,75.3750,71.2230,80.3960,108.5100,18.5237,7.4869,5.4807,12.4272,11.4462,13.82
2019/6/3 11:13,108.3490,121.4160,136.8740,75.3780,71.2330,80.3830,108.5090,18.5355,7.4877,5.4813,12.4274,11.4472,13.82
2019/6/3 11:14,108.3610,121.4400,136.8960,75.3910,71.2430,80.3810,108.5220,18.5444,7.4899,5.4828,12.4293,11.4479,13.82
2019/6/3 11:15,108.3590,121.4130,136.8860,75.3870,71.2390,80.3810,108.4970,18.5439,7.4888,5.4830,12.4288,11.4466,13.82
2019/6/3 11:16,108.3570,121.4010,136.8790,75.3960,71.2450,80.3770,108.4840,18.5441,7.4879,5.4826,12.4274,11.4470,13.82
2019/6/3 11:17,108.3540,121.4030,136.8620,75.3860,71.2400,80.3660,108.5050,18.5433,7.4864,5.4810,12.4256,11.4455,13.82
2019/6/3 11:18,108.3570,121.4070,136.8500,75.3860,71.2460,80.3660,108.5120,18.5445,7.4861,5.4817,12.4251,11.4459,13.82
2019/6/3 11:19,108.3670,121.4160,136.8470,75.3910,71.2440,80.3800,108.5130,18.5465,7.4873,5.4840,12.4241,11.4453,13.82
2019/6/3 11:20,108.3680,121.4130,136.7920,75.3850,71.2460,80.3800,108.5080,18.5454,7.4847,5.4831,12.4221,11.4445,13.82
2019/6/3 11:21,108.3860,121.4160,136.8260,75.3940,71.2520,80.4020,108.5180,18.5504,7.4873,5.4845,12.4215,11.4429,13.82
2019/6/3 11:22,108.3910,121.4290,136.8550,75.3980,71.2520,80.4110,108.5290,18.5521,7.4887,5.4858,12.4254,11.4466,13.82
2019/6/3 11:23,108.3960,121.4230,136.8690,75.3990,71.2500,80.4160,108.5100,18.5539,7.4897,5.4871,12.4240,11.4439,13.82
2019/6/3 11:24,108.4070,121.4240,136.8660,75.4080,71.2580,80.4110,108.4750,18.5565,7.4913,5.4860,12.4237,11.4445,13.82
2019/6/3 11:25,108.4090,121.4270,136.8720,75.4020,71.2530,80.4140,108.4730,18.5569,7.4896,5.4867,12.4236,11.4440,13.82
2019/6/3 11:26,108.4150,121.4450,136.8940,75.4160,71.2670,80.4220,108.4900,18.5599,7.4906,5.4878,12.4269,11.4471,13.82
2019/6/3 11:27,108.4010,121.4500,136.8910,75.4200,71.2780,80.4390,108.5050,18.5574,7.4897,5.4874,12.4286,11.4482,13.82
2019/6/3 11:28,108.4070,121.4580,136.8750,75.4110,71.2700,80.4310,108.5060,18.5572,7.4891,5.4855,12.4303,11.4490,13.82
2019/6/3 11:29,108.4030,121.4640,136.8600,75.4170,71.2690,80.4400,108.5080,18.5577,7.4897,5.4851,12.4304,11.4499,13.82
2019/6/3 11:30,108.4120,121.4710,136.8480,75.4230,71.2700,80.4520,108.5080,18.5579,7.4899,5.4847,12.4305,11.4506,13.82
2019/6/3 11:31,108.4350,121.4980,136.8940,75.4520,71.2960,80.4870,108.5220,18.5614,7.4925,5.4879,12.4333,11.4531,13.82
2019/6/3 11:32,108.4240,121.4920,136.9000,75.4550,71.3060,80.4860,108.5030,18.5595,7.4931,5.4851,12.4341,11.4528,13.82
2019/6/3 11:33,108.4210,121.4980,136.8940,75.4570,71.3010,80.4860,108.5030,18.5591,7.4934,5.4859,12.4350,11.4537,13.82
2019/6/3 11:34,108.4190,121.4990,136.9030,75.4540,71.3010,80.4860,108.5040,18.5589,7.4927,5.4840,12.4347,11.4533,13.82
2019/6/3 11:35,108.4060,121.4680,136.8760,75.4320,71.2840,80.4580,108.4820,18.5564,7.4899,5.4817,12.4306,11.4503,13.82
2019/6/3 11:36,108.3880,121.4600,136.8600,75.4290,71.2810,80.4410,108.4870,18.5562,7.4892,5.4802,12.4281,11.4497,13.82
2019/6/3 11:37,108.3940,121.4640,136.8630,75.4270,71.2880,80.4530,108.5060,18.5592,7.4893,5.4803,12.4287,11.4499,13.82
2019/6/3 11:38,108.4020,121.4770,136.8840,75.4430,71.3000,80.4620,108.5220,18.5669,7.4902,5.4818,12.4301,11.4506,13.82
2019/6/3 11:39,108.4020,121.4880,136.8970,75.4530,71.3120,80.4670,108.5120,18.5806,7.4929,5.4810,12.4327,11.4524,13.82
2019/6/3 11:40,108.4130,121.4990,136.9130,75.4590,71.3220,80.4960,108.5200,18.5862,7.4951,5.4830,12.4356,11.4544,13.82
2019/6/3 11:41,108.4080,121.4760,136.8780,75.4400,71.3040,80.4770,108.5070,18.5869,7.4908,5.4818,12.4296,11.4493,13.82
2019/6/3 11:42,108.4010,121.4780,136.9000,75.4510,71.3130,80.4860,108.5030,18.5834,7.4911,5.4819,12.4300,11.4487,13.82
2019/6/3 11:43,108.4160,121.5000,136.8890,75.4600,71.3200,80.5000,108.4970,18.5860,7.4933,5.4821,12.4351,11.4530,13.82
2019/6/3 11:44,108.4140,121.5000,136.8880,75.4610,71.3190,80.5120,108.4880,18.5856,7.4944,5.4831,12.4378,11.4535,13.82
2019/6/3 11:45,108.4190,121.4890,136.8690,75.4660,71.3230,80.4850,108.4480,18.5855,7.4928,5.4800,12.4369,11.4523,13.82
2019/6/3 11:46,108.4310,121.4780,136.8430,75.4670,71.3090,80.4910,108.4400,18.5853,7.4921,5.4822,12.4345,11.4512,13.82
2019/6/3 11:47,108.4320,121.4770,136.8080,75.4750,71.3150,80.4970,108.4420,18.5864,7.4942,5.4852,12.4371,11.4515,13.82
2019/6/3 11:48,108.4190,121.4700,136.8110,75.4570,71.3040,80.4730,108.4260,18.5737,7.4909,5.4836,12.4332,11.4500,13.82
2019/6/3 11:49,108.4060,121.4720,136.8120,75.4500,71.2990,80.4540,108.4220,18.5714,7.4900,5.4850,12.4296,11.4454,13.82
2019/6/3 11:50,108.4180,121.4860,136.8390,75.4520,71.3080,80.4830,108.4360,18.5695,7.4919,5.4850,12.4317,11.4469,13.82
2019/6/3 11:51,108.4070,121.4870,136.8270,75.4530,71.3060,80.4550,108.4390,18.5679,7.4913,5.4850,12.4320,11.4483,13.82
2019/6/3 11:52,108.4070,121.4670,136.8020,75.4450,71.3010,80.4490,108.4340,18.5629,7.4901,5.4854,12.4297,11.4466,13.82
2019/6/3 11:53,108.4010,121.4580,136.8030,75.4370,71.2980,80.4440,108.4250,18.5635,7.4900,5.4851,12.4287,11.4450,13.82
2019/6/3 11:54,108.4040,121.4500,136.7970,75.4280,71.2860,80.4430,108.4230,18.5624,7.4873,5.4855,12.4283,11.4428,13.82
2019/6/3 11:55,108.3950,121.4570,136.7830,75.4260,71.2870,80.4340,108.4280,18.5635,7.4837,5.4847,12.4280,11.4425,13.82
2019/6/3 11:56,108.3870,121.4480,136.7700,75.4160,71.2810,80.4270,108.4260,18.5598,7.4831,5.4845,12.4261,11.4425,13.82
2019/6/3 11:57,108.3850,121.4360,136.7530,75.4030,71.2710,80.4430,108.4290,18.5612,7.4807,5.4831,12.4245,11.4406,13.82
2019/6/3 11:58,108.3850,121.4360,136.7390,75.3730,71.2550,80.4470,108.4260,18.5616,7.4799,5.4821,12.4245,11.4401,13.82
2019/6/3 11:59,108.3910,121.4470,136.7720,75.3760,71.2550,80.4520,108.4370,18.5624,7.4802,5.4828,12.4254,11.4406,13.82
2019/6/3 12:00,108.4100,121.4610,136.7940,75.3790,71.2500,80.4610,108.4470,18.5652,7.4813,5.4843,12.4275,11.4422,13.82
2019/6/3 12:01,108.4080,121.4570,136.7820,75.3640,71.2380,80.4540,108.4420,18.5654,7.4807,5.4849,12.4271,11.4424,13.82
2019/6/3 12:02,108.4090,121.4680,136.8010,75.3730,71.2400,80.4510,108.4360,18.5657,7.4788,5.4842,12.4268,11.4431,13.82
2019/6/3 12:03,108.3920,121.4680,136.7830,75.3750,71.2360,80.4430,108.4450,18.5621,7.4780,5.4848,12.4271,11.4430,13.82
2019/6/3 12:04,108.3870,121.4570,136.7670,75.3720,71.2300,80.4340,108.4410,18.5612,7.4774,5.4842,12.4244,11.4419,13.82
2019/6/3 12:05,108.3520,121.4290,136.7210,75.3600,71.2220,80.4130,108.4340,18.5552,7.4753,5.4823,12.4211,11.4402,13.82
2019/6/3 12:06,108.3530,121.4290,136.7330,75.3570,71.2260,80.4150,108.4380,18.5541,7.4751,5.4824,12.4215,11.4402,13.82
2019/6/3 12:07,108.3520,121.4460,136.7460,75.3680,71.2320,80.4230,108.4510,18.5540,7.4769,5.4823,12.4225,11.4419,13.82
2019/6/3 12:08,108.3420,121.4550,136.7430,75.3670,71.2320,80.4150,108.4640,18.5531,7.4763,5.4808,12.4227,11.4425,13.82
2019/6/3 12:09,108.3360,121.4840,136.7640,75.3690,71.2270,80.4130,108.4780,18.5522,7.4779,5.4818,12.4254,11.4437,13.82
2019/6/3 12:10,108.3440,121.4980,136.7740,75.3760,71.2370,80.4270,108.4850,18.5580,7.4790,5.4822,12.4277,11.4439,13.82
2019/6/3 12:11,108.3270,121.4910,136.7420,75.3510,71.2150,80.4080,108.4810,18.5551,7.4777,5.4809,12.4239,11.4411,13.82
2019/6/3 12:12,108.3150,121.4710,136.7280,75.3320,71.1980,80.3910,108.4820,18.5544,7.4768,5.4803,12.4200,11.4392,13.82
2019/6/3 12:13,108.3040,121.4750,136.7370,75.3320,71.2010,80.3740,108.4910,18.5524,7.4775,5.4798,12.4172,11.4403,13.82
2019/6/3 12:14,108.3150,121.4700,136.7420,75.3400,71.2070,80.3790,108.4920,18.5549,7.4776,5.4801,12.4156,11.4400,13.82
2019/6/3 12:15,108.3030,121.4560,136.7370,75.3360,71.2010,80.3730,108.4950,18.5522,7.4764,5.4799,12.4144,11.4370,13.82
2019/6/3 12:16,108.3140,121.4560,136.7600,75.3450,71.2130,80.3850,108.4990,18.5548,7.4775,5.4806,12.4175,11.4369,13.82
2019/6/3 12:17,108.3010,121.4550,136.7600,75.3360,71.2130,80.3910,108.4970,18.5519,7.4767,5.4814,12.4162,11.4385,13.82
2019/6/3 12:18,108.2880,121.4390,136.7450,75.3260,71.2090,80.3830,108.4990,18.5495,7.4752,5.4809,12.4154,11.4370,13.82
2019/6/3 12:19,108.2870,121.4290,136.7320,75.3260,71.2020,80.3800,108.4860,18.5493,7.4751,5.4802,12.4146,11.4344,13.82
2019/6/3 12:20,108.2840,121.4260,136.7380,75.3260,71.2000,80.3740,108.4780,18.5488,7.4743,5.4789,12.4141,11.4362,13.82
2019/6/3 12:21,108.2730,121.4130,136.7280,75.3130,71.1860,80.3510,108.4700,18.5465,7.4736,5.4784,12.4116,11.4341,13.82
2019/6/3 12:22,108.2770,121.4120,136.7260,75.3070,71.1850,80.3510,108.4950,18.5472,7.4734,5.4763,12.4108,11.4334,13.82
2019/6/3 12:23,108.2660,121.4190,136.7300,75.3100,71.1830,80.3410,108.4950,18.5455,7.4725,5.4758,12.4116,11.4336,13.82
2019/6/3 12:24,108.2630,121.4230,136.7180,75.3070,71.1880,80.3400,108.4940,18.5456,7.4723,5.4756,12.4119,11.4339,13.82
2019/6/3 12:25,108.2560,121.4260,136.7180,75.3040,71.1870,80.3350,108.5060,18.5437,7.4683,5.4731,12.4135,11.4336,13.82
2019/6/3 12:26,108.2560,121.4200,136.7230,75.3040,71.1820,80.3160,108.5080,18.5436,7.4659,5.4729,12.4146,11.4327,13.82
2019/6/3 12:27,108.2580,121.4070,136.7210,75.2930,71.1770,80.3220,108.5090,18.5434,7.4607,5.4639,12.4103,11.4319,13.82
2019/6/3 12:28,108.2470,121.4080,136.7100,75.2850,71.1690,80.3040,108.5180,18.5403,7.4598,5.4594,12.4102,11.4314,13.82
2019/6/3 12:29,108.2350,121.4070,136.7060,75.2790,71.1630,80.2950,108.5250,18.5392,7.4570,5.4602,12.4102,11.4320,13.82
2019/6/3 12:30,108.2420,121.3960,136.7030,75.2860,71.1690,80.3170,108.5120,18.5314,7.4584,5.4619,12.4087,11.4294,13.82
2019/6/3 12:31,108.2490,121.4200,136.7370,75.2970,71.1760,80.3160,108.5270,18.5295,7.4590,5.4631,12.4126,11.4323,13.82
2019/6/3 12:32,108.2520,121.4020,136.7370,75.2890,71.1690,80.3080,108.5260,18.5281,7.4590,5.4614,12.4109,11.4316,13.82
2019/6/3 12:33,108.2680,121.4060,136.7440,75.2940,71.1760,80.3130,108.5270,18.5303,7.4626,5.4629,12.4116,11.4325,13.82
2019/6/3 12:34,108.2370,121.3900,136.7280,75.2780,71.1630,80.2890,108.5270,18.5157,7.4601,5.4637,12.4098,11.4301,13.82
2019/6/3 12:35,108.2320,121.4010,136.7450,75.2780,71.1630,80.2820,108.5570,18.5144,7.4613,5.4659,12.4106,11.4303,13.82
2019/6/3 12:36,108.2370,121.4110,136.7520,75.2850,71.1690,80.2910,108.5580,18.5167,7.4618,5.4666,12.4132,11.4313,13.82
2019/6/3 12:37,108.2430,121.4070,136.7570,75.2940,71.1790,80.3110,108.5490,18.5293,7.4627,5.4684,12.4137,11.4331,13.82
2019/6/3 12:38,108.2490,121.4190,136.7650,75.2980,71.1850,80.3080,108.5580,18.5326,7.4631,5.4701,12.4149,11.4343,13.82
2019/6/3 12:39,108.2570,121.4330,136.7770,75.3140,71.1980,80.3280,108.5700,18.5350,7.4652,5.4719,12.4198,11.4354,13.82
2019/6/3 12:40,108.2410,121.4010,136.7540,75.2970,71.1820,80.3080,108.5660,18.5321,7.4642,5.4727,12.4160,11.4320,13.82
2019/6/3 12:41,108.2440,121.4190,136.7670,75.3070,71.1970,80.3180,108.5690,18.5329,7.4677,5.4761,12.4180,11.4340,13.82
2019/6/3 12:42,108.2320,121.4090,136.7670,75.2960,71.1890,80.3060,108.5670,18.5320,7.4669,5.4735,12.4167,11.4321,13.82
2019/6/3 12:43,108.2380,121.4070,136.7700,75.3000,71.1920,80.3120,108.5700,18.5350,7.4686,5.4728,12.4168,11.4321,13.82
2019/6/3 12:44,108.2450,121.4190,136.7890,75.3110,71.2000,80.3250,108.5800,18.5345,7.4702,5.4759,12.4179,11.4330,13.82
2019/6/3 12:45,108.2420,121.4140,136.7880,75.3090,71.1930,80.3270,108.5730,18.5337,7.4703,5.4749,12.4182,11.4327,13.82
2019/6/3 12:46,108.2500,121.4260,136.7890,75.3220,71.2000,80.3430,108.5780,18.5352,7.4716,5.4756,12.4194,11.4339,13.82
2019/6/3 12:47,108.2620,121.4350,136.8120,75.3330,71.2060,80.3470,108.5860,18.5370,7.4716,5.4755,12.4206,11.4345,13.82
2019/6/3 12:48,108.2570,121.4380,136.8320,75.3310,71.2010,80.3490,108.5950,18.5364,7.4711,5.4727,12.4200,11.4342,13.82
2019/6/3 12:49,108.2680,121.4460,136.8660,75.3360,71.2070,80.3580,108.5970,18.5381,7.4721,5.4761,12.4218,11.4348,13.82
2019/6/3 12:50,108.2550,121.4320,136.8330,75.3290,71.1990,80.3480,108.5920,18.5358,7.4682,5.4744,12.4203,11.4335,13.82
2019/6/3 12:51,108.2550,121.4210,136.8000,75.3210,71.1910,80.3490,108.5870,18.5356,7.4676,5.4740,12.4198,11.4323,13.82
2019/6/3 12:52,108.2570,121.4220,136.8050,75.3130,71.1850,80.3540,108.5940,18.5360,7.4685,5.4745,12.4198,11.4304,13.82
2019/6/3 12:53,108.2650,121.4240,136.8060,75.3200,71.1950,80.3610,108.6030,18.5382,7.4691,5.4761,12.4196,11.4317,13.82
2019/6/3 12:54,108.2770,121.4250,136.8300,75.3270,71.1920,80.3720,108.6040,18.5343,7.4699,5.4777,12.4197,11.4320,13.82
2019/6/3 12:55,108.2850,121.4440,136.8520,75.3370,71.2090,80.3950,108.6030,18.5414,7.4743,5.4794,12.4216,11.4334,13.82
2019/6/3 12:56,108.2730,121.4360,136.8290,75.3270,71.2000,80.3860,108.6010,18.5433,7.4740,5.4772,12.4218,11.4325,13.82
2019/6/3 12:57,108.2640,121.4230,136.8030,75.3200,71.1930,80.3790,108.5930,18.5309,7.4733,5.4760,12.4202,11.4320,13.82
2019/6/3 12:58,108.2680,121.4340,136.8040,75.3230,71.1970,80.3840,108.6000,18.5410,7.4740,5.4762,12.4217,11.4331,13.82
2019/6/3 12:59,108.2720,121.4320,136.8020,75.3260,71.2000,80.3800,108.5970,18.5328,7.4742,5.4754,12.4215,11.4333,13.82
2019/6/3 13:00,108.2710,121.4330,136.8020,75.3250,71.2030,80.3870,108.5980,18.5417,7.4742,5.4775,12.4217,11.4333,13.82
2019/6/3 13:01,108.2430,121.4170,136.7720,75.3040,71.1920,80.3600,108.5850,18.5349,7.4718,5.4760,12.4175,11.4314,13.82
2019/6/3 13:02,108.2460,121.4220,136.7960,75.3070,71.1980,80.3680,108.5930,18.5299,7.4724,5.4773,12.4180,11.4305,13.82
2019/6/3 13:03,108.2650,121.4520,136.8320,75.3190,71.1950,80.3840,108.6120,18.5350,7.4741,5.4805,12.4236,11.4335,13.82
2019/6/3 13:04,108.2830,121.4580,136.8420,75.3310,71.2060,80.4020,108.6420,18.5377,7.4752,5.4806,12.4243,11.4349,13.82
2019/6/3 13:05,108.2830,121.4720,136.8470,75.3320,71.2060,80.4030,108.6420,18.5380,7.4751,5.4806,12.4255,11.4358,13.82
2019/6/3 13:06,108.2700,121.4620,136.8360,75.3240,71.1980,80.3950,108.6380,18.5366,7.4744,5.4816,12.4244,11.4348,13.82
2019/6/3 13:07,108.2760,121.4730,136.8440,75.3300,71.2060,80.4120,108.6470,18.5370,7.4764,5.4821,12.4227,11.4361,13.82
2019/6/3 13:08,108.2680,121.4740,136.8310,75.3260,71.2030,80.4030,108.6430,18.5350,7.4760,5.4817,12.4236,11.4365,13.82
2019/6/3 13:09,108.2910,121.4960,136.8480,75.3420,71.2130,80.4300,108.6620,18.5396,7.4792,5.4828,12.4258,11.4387,13.82
2019/6/3 13:10,108.2890,121.4670,136.8150,75.3270,71.2010,80.4250,108.6540,18.5379,7.4755,5.4799,12.4238,11.4356,13.82
2019/6/3 13:11,108.2830,121.4660,136.8300,75.3250,71.2030,80.4250,108.6490,18.5369,7.4746,5.4789,12.4239,11.4356,13.82
2019/6/3 13:12,108.2780,121.4740,136.8660,75.3270,71.2050,80.4230,108.6480,18.5364,7.4744,5.4790,12.4250,11.4357,13.82
2019/6/3 13:13,108.2810,121.4870,136.8680,75.3350,71.2110,80.4370,108.6590,18.5375,7.4754,5.4813,12.4261,11.4380,13.82
2019/6/3 13:14,108.2920,121.4960,136.8810,75.3440,71.2140,80.4550,108.6620,18.5404,7.4763,5.4829,12.4272,11.4383,13.82
2019/6/3 13:15,108.2910,121.4950,136.8860,75.3390,71.2130,80.4510,108.6690,18.5399,7.4762,5.4826,12.4275,11.4383,13.82
2019/6/3 13:16,108.2960,121.5070,136.9010,75.3410,71.2170,80.4540,108.6730,18.5389,7.4741,5.4821,12.4287,11.4394,13.82
2019/6/3 13:17,108.2870,121.4950,136.9050,75.3360,71.2130,80.4430,108.6590,18.5383,7.4714,5.4816,12.4279,11.4383,13.82
2019/6/3 13:18,108.2760,121.4840,136.8950,75.3270,71.2030,80.4280,108.6570,18.5357,7.4706,5.4810,12.4268,11.4365,13.82
2019/6/3 13:19,108.2790,121.5010,136.8910,75.3300,71.2050,80.4420,108.6700,18.5372,7.4708,5.4812,12.4285,11.4377,13.82
2019/6/3 13:20,108.2970,121.5230,136.9060,75.3310,71.2060,80.4400,108.6760,18.5382,7.4719,5.4820,12.4308,11.4398,13.82
2019/6/3 13:21,108.2860,121.5020,136.8940,75.3160,71.1960,80.4200,108.6630,18.5412,7.4711,5.4803,12.4286,11.4377,13.82
2019/6/3 13:22,108.2800,121.4900,136.8760,75.3120,71.1930,80.4030,108.6600,18.5374,7.4685,5.4779,12.4248,11.4368,13.82
2019/6/3 13:23,108.2770,121.4960,136.8740,75.3190,71.1970,80.4060,108.6560,18.5354,7.4694,5.4789,12.4261,11.4372,13.82
2019/6/3 13:24,108.2840,121.5110,136.8780,75.3220,71.1960,80.4110,108.6660,18.5379,7.4707,5.4804,12.4282,11.4390,13.82
2019/6/3 13:25,108.3180,121.5350,136.9310,75.3820,71.2510,80.4780,108.6790,18.5474,7.4775,5.4886,12.4394,11.4442,13.82
2019/6/3 13:26,108.2700,121.5040,136.8780,75.3620,71.2320,80.4350,108.6300,18.5546,7.4821,5.4880,12.4350,11.4429,13.82
2019/6/3 13:27,108.2810,121.5120,136.8890,75.3680,71.2290,80.4410,108.6420,18.5537,7.4830,5.4855,12.4380,11.4430,13.82
2019/6/3 13:28,108.2330,121.4820,136.8440,75.3300,71.2080,80.3900,108.6440,18.5478,7.4776,5.4796,12.4307,11.4389,13.82
2019/6/3 13:29,108.2200,121.4790,136.8480,75.3380,71.2120,80.3750,108.6310,18.5509,7.4767,5.4770,12.4278,11.4384,13.82
2019/6/3 13:30,108.2080,121.4720,136.8130,75.3170,71.1920,80.3450,108.6350,18.5479,7.4760,5.4730,12.4236,11.4353,13.82
2019/6/3 13:31,108.1790,121.4570,136.8310,75.3150,71.2030,80.3130,108.6510,18.5429,7.4736,5.4742,12.4223,11.4358,13.82
2019/6/3 13:32,108.1770,121.4640,136.8420,75.3370,71.2130,80.3320,108.6610,18.5420,7.4756,5.4784,12.4234,11.4368,13.82
2019/6/3 13:33,108.1640,121.4930,136.8510,75.3400,71.2070,80.3400,108.7150,18.5406,7.4757,5.4776,12.4276,11.4386,13.82
2019/6/3 13:34,108.1760,121.4870,136.8590,75.3390,71.2090,80.3360,108.7170,18.5418,7.4764,5.4754,12.4290,11.4386,13.82
2019/6/3 13:35,108.1780,121.5210,136.8810,75.3580,71.2390,80.3570,108.7230,18.5428,7.4767,5.4760,12.4314,11.4421,13.82
2019/6/3 13:36,108.1730,121.5180,136.8650,75.3490,71.2330,80.3400,108.7030,18.5418,7.4761,5.4758,12.4309,11.4434,13.82
2019/6/3 13:37,108.1550,121.5090,136.8620,75.3460,71.2360,80.3290,108.7530,18.5391,7.4749,5.4726,12.4299,11.4414,13.82
2019/6/3 13:38,108.1420,121.5000,136.8570,75.3470,71.2350,80.3340,108.7720,18.5443,7.4757,5.4721,12.4290,11.4382,13.82
2019/6/3 13:39,108.1170,121.4820,136.8380,75.3310,71.2220,80.3140,108.7640,18.5437,7.4740,5.4714,12.4273,11.4387,13.82
2019/6/3 13:40,108.1470,121.4740,136.8520,75.3410,71.2280,80.3370,108.7420,18.5406,7.4760,5.4724,12.4268,11.4357,13.82
2019/6/3 13:41,108.1550,121.4990,136.8820,75.3560,71.2350,80.3570,108.7610,18.5427,7.4773,5.4729,12.4290,11.4380,13.82
2019/6/3 13:42,108.1450,121.4920,136.8590,75.3550,71.2350,80.3560,108.7760,18.5337,7.4815,5.4729,12.4286,11.4379,13.82
2019/6/3 13:43,108.1470,121.5150,136.8800,75.3680,71.2490,80.3540,108.7500,18.5357,7.4808,5.4733,12.4306,11.4401,13.82
2019/6/3 13:44,108.1380,121.5140,136.8760,75.3660,71.2450,80.3450,108.7840,18.5432,7.4812,5.4718,12.4305,11.4420,13.82
2019/6/3 13:45,108.1370,121.4990,136.8440,75.3510,71.2330,80.3420,108.7590,18.5405,7.4802,5.4697,12.4290,11.4405,13.82
2019/6/3 13:46,108.1370,121.5240,136.8870,75.3780,71.2530,80.3640,108.7490,18.5383,7.4829,5.4718,12.4317,11.4432,13.82
2019/6/3 13:47,108.1110,121.5110,136.8700,75.3590,71.2370,80.3320,108.7560,18.5378,7.4814,5.4697,12.4306,11.4427,13.82
2019/6/3 13:48,108.0900,121.5120,136.8790,75.3550,71.2350,80.3290,108.8230,18.5350,7.4799,5.4705,12.4292,11.4420,13.82
2019/6/3 13:49,108.1100,121.5530,136.9030,75.3650,71.2440,80.3490,108.8410,18.5378,7.4814,5.4707,12.4311,11.4437,13.82
2019/6/3 13:50,108.0950,121.5460,136.8950,75.3600,71.2370,80.3490,108.8860,18.5340,7.4793,5.4700,12.4305,11.4458,13.82
2019/6/3 13:51,108.0940,121.5520,136.8770,75.3680,71.2370,80.3740,108.8570,18.5344,7.4795,5.4705,12.4315,11.4486,13.82
2019/6/3 13:52,108.0790,121.5490,136.8770,75.3670,71.2500,80.3490,108.8660,18.5330,7.4809,5.4709,12.4319,11.4460,13.82
2019/6/3 13:53,108.0770,121.5620,136.8840,75.3670,71.2570,80.3520,108.8630,18.5339,7.4812,5.4712,12.4336,11.4476,13.82
2019/6/3 13:54,108.0800,121.5540,136.8740,75.3550,71.2480,80.3420,108.8340,18.5346,7.4814,5.4743,12.4326,11.4456,13.82
2019/6/3 13:55,108.0730,121.5460,136.8530,75.3640,71.2530,80.3420,108.8130,18.5331,7.4809,5.4729,12.4311,11.4446,13.82
2019/6/3 13:56,108.0760,121.5530,136.8800,75.3980,71.2790,80.3470,108.8460,18.5255,7.4808,5.4739,12.4327,11.4464,13.82
2019/6/3 13:57,108.0910,121.5990,136.9060,75.4060,71.2770,80.3680,108.8430,18.5379,7.4836,5.4776,12.4389,11.4525,13.82
2019/6/3 13:58,108.1090,121.5680,136.9240,75.4180,71.2760,80.3690,108.8300,18.5398,7.4848,5.4781,12.4359,11.4479,13.82
2019/6/3 13:59,108.1020,121.5430,136.9090,75.4010,71.2530,80.3640,108.8110,18.5400,7.4841,5.4763,12.4318,11.4451,13.82
2019/6/3 14:00,108.1340,121.5320,136.8770,75.4050,71.2600,80.3720,108.7890,18.5404,7.4798,5.4748,12.4295,11.4450,13.82
2019/6/3 14:01,108.1490,121.5650,136.9040,75.4260,71.2720,80.3980,108.8150,18.5413,7.4824,5.4764,12.4363,11.4503,13.82
2019/6/3 14:02,108.1470,121.5640,136.9270,75.4380,71.2850,80.4150,108.8130,18.5435,7.4826,5.4761,12.4360,11.4498,13.82
2019/6/3 14:03,108.1500,121.5720,136.9280,75.4330,71.2920,80.4050,108.8010,18.5455,7.4826,5.4755,12.4370,11.4507,13.82
2019/6/3 14:04,108.1480,121.5810,136.9260,75.4350,71.2950,80.4290,108.8060,18.5455,7.4828,5.4759,12.4379,11.4515,13.82
2019/6/3 14:05,108.1580,121.5690,136.9340,75.4410,71.2940,80.4490,108.8120,18.5464,7.4827,5.4758,12.4366,11.4504,13.82
2019/6/3 14:06,108.1570,121.5700,136.9230,75.4370,71.2990,80.4410,108.8110,18.5440,7.4824,5.4748,12.4367,11.4495,13.82
2019/6/3 14:07,108.1470,121.5700,136.9250,75.4320,71.2980,80.4350,108.8020,18.5435,7.4811,5.4730,12.4369,11.4494,13.82
2019/6/3 14:08,108.1480,121.5770,136.9400,75.4490,71.3110,80.4660,108.8010,18.5398,7.4809,5.4735,12.4374,11.4510,13.82
2019/6/3 14:09,108.1470,121.5740,136.9370,75.4530,71.3140,80.4720,108.7950,18.5394,7.4811,5.4733,12.4375,11.4512,13.82
2019/6/3 14:10,108.1260,121.5690,136.9500,75.4450,71.3120,80.4590,108.7940,18.5353,7.4804,5.4720,12.4368,11.4507,13.82
2019/6/3 14:11,108.1080,121.5730,136.9310,75.4420,71.3160,80.4470,108.8090,18.5360,7.4789,5.4716,12.4374,11.4512,13.82
2019/6/3 14:12,108.1080,121.5690,136.9320,75.4350,71.3210,80.4370,108.8060,18.5326,7.4786,5.4694,12.4368,11.4509,13.82
2019/6/3 14:13,108.1200,121.5540,136.9260,75.4290,71.3160,80.4270,108.8070,18.5328,7.4841,5.4651,12.4354,11.4493,13.82
2019/6/3 14:14,108.1140,121.5730,136.9280,75.4290,71.3100,80.4220,108.8130,18.5318,7.4845,5.4672,12.4373,11.4500,13.82
2019/6/3 14:15,108.1330,121.5670,136.9180,75.4340,71.3060,80.4340,108.8100,18.5312,7.4873,5.4678,12.4343,11.4496,13.82
2019/6/3 14:16,108.1210,121.5610,136.9040,75.4240,71.2970,80.4200,108.8070,18.5317,7.4859,5.4647,12.4312,11.4484,13.82
2019/6/3 14:17,108.1430,121.5720,136.9320,75.4280,71.3020,80.4280,108.8120,18.5319,7.4853,5.4640,12.4306,11.4482,13.82
2019/6/3 14:18,108.1390,121.5660,136.9280,75.4180,71.3010,80.4220,108.8050,18.5322,7.4827,5.4638,12.4292,11.4478,13.82
2019/6/3 14:19,108.1180,121.5530,136.9280,75.4170,71.2960,80.4210,108.7950,18.5304,7.4836,5.4638,12.4287,11.4467,13.82
2019/6/3 14:20,108.1200,121.5730,136.9340,75.4260,71.3010,80.4300,108.7990,18.5316,7.4842,5.4632,12.4312,11.4496,13.82
2019/6/3 14:21,108.1250,121.5560,136.9330,75.4160,71.2910,80.4290,108.7840,18.5311,7.4807,5.4632,12.4303,11.4481,13.82
2019/6/3 14:22,108.1210,121.5570,136.9390,75.4170,71.2960,80.4350,108.7790,18.5296,7.4783,5.4640,12.4305,11.4483,13.82
2019/6/3 14:23,108.1140,121.5490,136.9310,75.4090,71.2910,80.4310,108.7780,18.5287,7.4779,5.4625,12.4292,11.4472,13.82
2019/6/3 14:24,108.1080,121.5480,136.9320,75.4060,71.2880,80.4270,108.7780,18.5261,7.4754,5.4615,12.4291,11.4469,13.82
2019/6/3 14:25,108.1090,121.5650,136.9350,75.4150,71.3040,80.4360,108.7870,18.5280,7.4756,5.4624,12.4301,11.4488,13.82
2019/6/3 14:26,108.1090,121.5560,136.9380,75.4160,71.3030,80.4450,108.7790,18.5357,7.4760,5.4623,12.4300,11.4484,13.82
2019/6/3 14:27,108.1110,121.5440,136.9270,75.4090,71.2900,80.4390,108.7670,18.5400,7.4759,5.4588,12.4289,11.4474,13.82
2019/6/3 14:28,108.1200,121.5670,136.9370,75.4130,71.2950,80.4470,108.7880,18.5404,7.4763,5.4585,12.4306,11.4493,13.82
2019/6/3 14:29,108.1400,121.5870,136.9540,75.4260,71.3070,80.4600,108.7980,18.5439,7.4771,5.4568,12.4327,11.4504,13.82
2019/6/3 14:30,108.1550,121.5930,136.9570,75.4290,71.3060,80.4600,108.8010,18.5437,7.4771,5.4566,12.4334,11.4528,13.82
2019/6/3 14:31,108.1490,121.6010,136.9640,75.4240,71.3040,80.4570,108.8110,18.5485,7.4764,5.4558,12.4308,11.4521,13.82
2019/6/3 14:32,108.1460,121.6030,136.9560,75.4230,71.3000,80.4540,108.8160,18.5458,7.4764,5.4569,12.4301,11.4520,13.82
2019/6/3 14:33,108.1480,121.6000,136.9500,75.4200,71.3010,80.4560,108.8180,18.5445,7.4788,5.4565,12.4291,11.4514,13.82
2019/6/3 14:34,108.1190,121.5800,136.9320,75.4130,71.2930,80.4270,108.8200,18.5416,7.4773,5.4542,12.4271,11.4495,13.82
2019/6/3 14:35,108.1230,121.5900,136.9370,75.4180,71.2960,80.4360,108.8230,18.5426,7.4777,5.4552,12.4285,11.4512,13.82
2019/6/3 14:36,108.1270,121.6030,136.9430,75.4200,71.2980,80.4280,108.8290,18.5447,7.4781,5.4546,12.4273,11.4524,13.82
2019/6/3 14:37,108.1030,121.5900,136.9160,75.4050,71.2850,80.3950,108.8250,18.5400,7.4739,5.4474,12.4227,11.4499,13.82
2019/6/3 14:38,108.1020,121.5880,136.9170,75.4040,71.2810,80.4020,108.8240,18.5392,7.4738,5.4478,12.4219,11.4495,13.82
2019/6/3 14:39,108.1070,121.5900,136.9180,75.4070,71.2840,80.4020,108.8170,18.5374,7.4739,5.4477,12.4229,11.4504,13.82
2019/6/3 14:40,108.1170,121.5910,136.9070,75.4130,71.2840,80.3940,108.8120,18.5401,7.4746,5.4496,12.4225,11.4504,13.82
2019/6/3 14:41,108.1110,121.5940,136.8950,75.4120,71.2880,80.3970,108.8120,18.5343,7.4742,5.4508,12.4191,11.4478,13.82
2019/6/3 14:42,108.1010,121.5800,136.8900,75.4020,71.2820,80.3820,108.7990,18.5370,7.4735,5.4487,12.4191,11.4473,13.82
2019/6/3 14:43,108.1060,121.5840,136.8950,75.4040,71.2840,80.3850,108.8030,18.5376,7.4739,5.4513,12.4194,11.4473,13.82
2019/6/3 14:44,108.1060,121.5990,136.9060,75.4070,71.2870,80.3860,108.8050,18.5376,7.4754,5.4530,12.4202,11.4484,13.82
2019/6/3 14:45,108.1170,121.6180,136.9190,75.4140,71.2930,80.3950,108.8270,18.5395,7.4764,5.4530,12.4213,11.4503,13.82
2019/6/3 14:46,108.1110,121.6150,136.9090,75.4060,71.2890,80.3890,108.8330,18.5391,7.4758,5.4517,12.4207,11.4498,13.82
2019/6/3 14:47,108.1070,121.6140,136.9060,75.4040,71.2850,80.3820,108.8390,18.5384,7.4756,5.4517,12.4198,11.4478,13.82
2019/6/3 14:48,108.1000,121.6130,136.9070,75.3990,71.2810,80.3750,108.8310,18.5391,7.4752,5.4506,12.4189,11.4474,13.82
2019/6/3 14:49,108.0890,121.6100,136.8880,75.4070,71.2850,80.3690,108.8280,18.5369,7.4772,5.4501,12.4186,11.4472,13.82
2019/6/3 14:50,108.0780,121.6020,136.8830,75.4090,71.2900,80.3660,108.8250,18.5342,7.4761,5.4486,12.4173,11.4458,13.82
2019/6/3 14:51,108.0910,121.6200,136.9000,75.4180,71.2960,80.3780,108.8360,18.5363,7.4766,5.4475,12.4181,11.4465,13.82
2019/6/3 14:52,108.0870,121.6150,136.8960,75.4120,71.2890,80.3700,108.8320,18.5287,7.4730,5.4440,12.4165,11.4458,13.82
2019/6/3 14:53,108.1010,121.6180,136.9120,75.4200,71.2930,80.3960,108.8340,18.5323,7.4733,5.4437,12.4167,11.4464,13.82
2019/6/3 14:54,108.1030,121.6310,136.9140,75.4110,71.2880,80.3900,108.8460,18.5319,7.4683,5.4393,12.4178,11.4469,13.82
2019/6/3 14:55,108.1020,121.6370,136.9140,75.4130,71.2820,80.3900,108.8390,18.5307,7.4690,5.4390,12.4183,11.4481,13.82
2019/6/3 14:56,108.1040,121.6380,136.9030,75.4140,71.2820,80.3890,108.8440,18.5316,7.4697,5.4391,12.4179,11.4484,13.82
2019/6/3 14:57,108.1020,121.6380,136.8880,75.4140,71.2830,80.3830,108.8570,18.5309,7.4691,5.4392,12.4133,11.4463,13.82
2019/6/3 14:58,108.0490,121.6020,136.8350,75.3870,71.2600,80.3710,108.8320,18.5233,7.4629,5.4358,12.4111,11.4406,13.82
2019/6/3 14:59,108.0200,121.6190,136.8330,75.3900,71.2720,80.3960,108.8570,18.5252,7.4641,5.4343,12.4138,11.4442,13.82
2019/6/3 15:00,108.0330,121.5890,136.8150,75.3740,71.2540,80.3870,108.8470,18.5127,7.4633,5.4362,12.4122,11.4412,13.82
2019/6/3 15:01,108.0460,121.6060,136.8280,75.3830,71.2620,80.3910,108.8520,18.5164,7.4677,5.4398,12.4144,11.4429,13.82
2019/6/3 15:02,108.0080,121.5800,136.7960,75.3590,71.2480,80.3630,108.8400,18.5134,7.4649,5.4390,12.4125,11.4408,13.82
2019/6/3 15:03,107.9990,121.5540,136.7710,75.3500,71.2440,80.3280,108.8280,18.5094,7.4599,5.4364,12.4072,11.4384,13.82
2019/6/3 15:04,108.0020,121.5800,136.7980,75.3580,71.2630,80.3280,108.8540,18.5136,7.4616,5.4365,12.4078,11.4397,13.82
2019/6/3 15:05,108.0200,121.5880,136.8210,75.3690,71.2760,80.3450,108.8670,18.5096,7.4629,5.4385,12.4121,11.4418,13.82
2019/6/3 15:06,108.0040,121.6030,136.8250,75.3750,71.2780,80.3540,108.8790,18.5080,7.4636,5.4384,12.4131,11.4422,13.82
2019/6/3 15:07,107.9820,121.5830,136.8070,75.3620,71.2720,80.3210,108.8680,18.4960,7.4608,5.4389,12.4098,11.4392,13.82
2019/6/3 15:08,107.9500,121.5620,136.7780,75.3450,71.2530,80.2990,108.9090,18.4930,7.4590,5.4383,12.4071,11.4381,13.82
2019/6/3 15:09,107.9470,121.5600,136.7950,75.3460,71.2610,80.3000,108.8960,18.4925,7.4668,5.4383,12.4093,11.4381,13.82
2019/6/3 15:10,107.9550,121.5460,136.7810,75.3340,71.2420,80.2880,108.8830,18.5058,7.4669,5.4386,12.4058,11.4370,13.82
2019/6/3 15:11,107.9460,121.5310,136.7700,75.3280,71.2390,80.2710,108.8500,18.5052,7.4646,5.4381,12.4060,11.4357,13.82
2019/6/3 15:12,107.9110,121.5230,136.7430,75.3160,71.2360,80.2520,108.8510,18.5004,7.4646,5.4381,12.4079,11.4370,13.82
2019/6/3 15:13,107.8960,121.5010,136.7280,75.3150,71.2380,80.2520,108.8420,18.4968,7.4635,5.4376,12.4058,11.4359,13.82
2019/6/3 15:14,107.9170,121.5130,136.7520,75.3390,71.2550,80.2760,108.8470,18.5014,7.4653,5.4411,12.4081,11.4381,13.82
2019/6/3 15:15,107.9310,121.5090,136.7520,75.3500,71.2680,80.3010,108.8390,18.4923,7.4671,5.4384,12.4079,11.4364,13.82
2019/6/3 15:16,107.9260,121.5110,136.7560,75.3420,71.2600,80.2920,108.8720,18.4942,7.4677,5.4384,12.4062,11.4353,13.82
2019/6/3 15:17,107.9230,121.4930,136.7480,75.3250,71.2470,80.2690,108.8540,18.4919,7.4660,5.4367,12.4017,11.4319,13.82
2019/6/3 15:18,107.9230,121.4900,136.7420,75.3220,71.2470,80.2750,108.8350,18.4928,7.4664,5.4366,12.4025,11.4316,13.82
2019/6/3 15:19,107.9260,121.5130,136.7640,75.3380,71.2590,80.2860,108.8510,18.4810,7.4693,5.4403,12.4058,11.4351,13.82
2019/6/3 15:20,107.9330,121.5110,136.7700,75.3400,71.2640,80.2880,108.8370,18.4815,7.4689,5.4388,12.4050,11.4341,13.82
2019/6/3 15:21,107.9470,121.5120,136.7820,75.3480,71.2710,80.3000,108.8620,18.4835,7.4707,5.4400,12.4051,11.4346,13.82
2019/6/3 15:22,107.9440,121.5080,136.7710,75.3380,71.2580,80.2950,108.8720,18.4830,7.4689,5.4391,12.4046,11.4331,13.82
2019/6/3 15:23,107.9590,121.5210,136.7920,75.3590,71.2830,80.3170,108.8680,18.4857,7.4733,5.4416,12.4058,11.4344,13.82
2019/6/3 15:24,107.9370,121.5120,136.7730,75.3440,71.2680,80.3000,108.8790,18.4824,7.4685,5.4365,12.4047,11.4327,13.82
2019/6/3 15:25,107.9290,121.5050,136.7600,75.3380,71.2600,80.2880,108.8520,18.4806,7.4681,5.4351,12.4030,11.4325,13.82
2019/6/3 15:26,107.9190,121.4900,136.7520,75.3300,71.2530,80.2780,108.8510,18.4931,7.4656,5.4350,12.4015,11.4315,13.82
2019/6/3 15:27,107.9240,121.4870,136.7650,75.3330,71.2560,80.2790,108.8500,18.4937,7.4663,5.4362,12.4015,11.4307,13.82
2019/6/3 15:28,107.9390,121.4960,136.7740,75.3470,71.2580,80.2950,108.8610,18.4973,7.4686,5.4393,12.4032,11.4315,13.82
2019/6/3 15:29,107.9200,121.4880,136.7690,75.3330,71.2550,80.2720,108.8530,18.4922,7.4648,5.4386,12.4022,11.4304,13.82
2019/6/3 15:30,107.9000,121.4560,136.7290,75.3150,71.2340,80.2460,108.8390,18.4874,7.4595,5.4369,12.3985,11.4279,13.82
2019/6/3 15:31,107.9050,121.4590,136.7360,75.3220,71.2490,80.2630,108.8380,18.4910,7.4602,5.4390,12.3989,11.4284,13.82
2019/6/3 15:32,107.9030,121.4680,136.7420,75.3200,71.2460,80.2550,108.8600,18.4951,7.4599,5.4379,12.3998,11.4297,13.82
2019/6/3 15:33,107.9310,121.4860,136.7650,75.3300,71.2520,80.2780,108.8610,18.4977,7.4620,5.4407,12.4020,11.4317,13.82
2019/6/3 15:34,107.9320,121.4980,136.7670,75.3380,71.2550,80.2860,108.8620,18.5005,7.4622,5.4408,12.4037,11.4343,13.82
2019/6/3 15:35,107.9220,121.4740,136.7520,75.3340,71.2570,80.2770,108.8560,18.4998,7.4624,5.4404,12.4014,11.4321,13.82
2019/6/3 15:36,107.9250,121.4760,136.7550,75.3220,71.2300,80.2670,108.8490,18.5029,7.4627,5.4389,12.4009,11.4305,13.82
2019/6/3 15:37,107.9390,121.4800,136.7620,75.3340,71.2480,80.2840,108.8590,18.5047,7.4643,5.4406,12.4016,11.4311,13.82
2019/6/3 15:38,107.9360,121.4810,136.7700,75.3310,71.2480,80.2830,108.8630,18.5022,7.4639,5.4405,12.4012,11.4311,13.82
2019/6/3 15:39,107.9340,121.4760,136.7680,75.3290,71.2470,80.2760,108.8590,18.5023,7.4638,5.4405,12.4010,11.4308,13.82
2019/6/3 15:40,107.9490,121.4850,136.7870,75.3390,71.2560,80.2870,108.8620,18.5079,7.4655,5.4423,12.4019,11.4320,13.82
2019/6/3 15:41,107.9470,121.4560,136.7750,75.3260,71.2450,80.2790,108.8420,18.5076,7.4660,5.4402,12.4003,11.4301,13.82
2019/6/3 15:42,107.9590,121.4600,136.7770,75.3340,71.2480,80.2900,108.8500,18.5065,7.4667,5.4418,12.4005,11.4299,13.82
2019/6/3 15:43,107.9650,121.4520,136.7860,75.3280,71.2510,80.2860,108.8510,18.5082,7.4669,5.4424,12.3995,11.4303,13.82
2019/6/3 15:44,107.9790,121.4620,136.8030,75.3380,71.2520,80.3000,108.8450,18.5115,7.4680,5.4451,12.4008,11.4310,13.82
2019/6/3 15:45,107.9930,121.4800,136.8210,75.3470,71.2600,80.3090,108.8640,18.5147,7.4692,5.4479,12.4080,11.4333,13.82
2019/6/3 15:46,107.9840,121.4720,136.8100,75.3410,71.2580,80.3000,108.8680,18.5144,7.4687,5.4485,12.4061,11.4323,13.82
2019/6/3 15:47,107.9730,121.4570,136.7950,75.3320,71.2490,80.2880,108.8500,18.5127,7.4681,5.4477,12.4045,11.4309,13.82
2019/6/3 15:48,107.9710,121.4530,136.7920,75.3320,71.2470,80.2870,108.8540,18.5121,7.4679,5.4476,12.4041,11.4307,13.82
2019/6/3 15:49,107.9700,121.4430,136.7920,75.3340,71.2450,80.2860,108.8530,18.5116,7.4678,5.4473,12.4026,11.4297,13.82
2019/6/3 15:50,107.9800,121.4540,136.7920,75.3420,71.2510,80.2940,108.8310,18.5136,7.4683,5.4482,12.4041,11.4308,13.82
2019/6/3 15:51,107.9860,121.4480,136.7920,75.3440,71.2550,80.3000,108.8240,18.5139,7.4687,5.4476,12.4031,11.4310,13.82
2019/6/3 15:52,107.9800,121.4520,136.7920,75.3430,71.2520,80.3040,108.8170,18.5132,7.4687,5.4472,12.4036,11.4314,13.82
2019/6/3 15:53,107.9580,121.4220,136.7790,75.3350,71.2490,80.2820,108.7980,18.5081,7.4671,5.4459,12.3999,11.4286,13.82
2019/6/3 15:54,107.9720,121.4490,136.7950,75.3480,71.2570,80.3030,108.8120,18.5109,7.4681,5.4469,12.4025,11.4311,13.82
2019/6/3 15:55,108.0160,121.4850,136.8510,75.3840,71.2860,80.3410,108.8240,18.5188,7.4752,5.4502,12.4072,11.4348,13.82
2019/6/3 15:56,108.0160,121.4740,136.8410,75.3770,71.2850,80.3310,108.8210,18.5186,7.4744,5.4507,12.4066,11.4341,13.82
2019/6/3 15:57,108.0260,121.4920,136.8550,75.3860,71.2830,80.3440,108.8220,18.5215,7.4778,5.4527,12.4075,11.4354,13.82
2019/6/3 15:58,108.0100,121.4810,136.8320,75.3710,71.2720,80.3320,108.8160,18.5178,7.4758,5.4533,12.4070,11.4347,13.82
2019/6/3 15:59,107.9900,121.4600,136.8030,75.3570,71.2590,80.3120,108.8140,18.5149,7.4748,5.4519,12.4046,11.4315,13.82
2019/6/3 16:00,108.0060,121.4540,136.8190,75.3600,71.2680,80.3340,108.8300,18.5199,7.4760,5.4532,12.4031,11.4315,13.82
2019/6/3 16:01,108.0220,121.4720,136.8270,75.3780,71.2840,80.3520,108.8410,18.5251,7.4785,5.4535,12.4050,11.4330,13.82
2019/6/3 16:02,108.0460,121.4930,136.8640,75.3950,71.2990,80.3700,108.8390,18.5284,7.4805,5.4548,12.4062,11.4357,13.82
2019/6/3 16:03,108.0560,121.5000,136.8810,75.4000,71.3000,80.3780,108.8380,18.5305,7.4801,5.4556,12.4063,11.4362,13.82
2019/6/3 16:04,108.0630,121.5070,136.8850,75.4040,71.3000,80.3830,108.8440,18.5327,7.4797,5.4566,12.4071,11.4373,13.82
2019/6/3 16:05,108.0640,121.5040,136.8890,75.4060,71.3030,80.3830,108.8380,18.5334,7.4797,5.4591,12.4064,11.4368,13.82
2019/6/3 16:06,108.0670,121.4970,136.8940,75.4080,71.2970,80.3850,108.8320,18.5298,7.4803,5.4592,12.4056,11.4363,13.82
2019/6/3 16:07,108.0760,121.5140,136.9050,75.4150,71.3030,80.3930,108.8370,18.5327,7.4825,5.4597,12.4073,11.4381,13.82
2019/6/3 16:08,108.0760,121.4990,136.8950,75.4090,71.3010,80.3920,108.8290,18.5330,7.4826,5.4597,12.4063,11.4368,13.82
2019/6/3 16:09,108.0730,121.5080,136.8880,75.4140,71.3020,80.3940,108.8390,18.5252,7.4827,5.4596,12.4072,11.4377,13.82
2019/6/3 16:10,108.0660,121.5050,136.8800,75.4100,71.2970,80.3940,108.8630,18.5279,7.4831,5.4590,12.4088,11.4374,13.82
2019/6/3 16:11,108.0940,121.5270,136.9130,75.4270,71.3130,80.4160,108.8790,18.5296,7.4852,5.4600,12.4124,11.4406,13.82
2019/6/3 16:12,108.0830,121.5070,136.8940,75.4210,71.3000,80.4010,108.8620,18.5301,7.4844,5.4590,12.4118,11.4390,13.82
2019/6/3 16:13,108.0760,121.4980,136.8930,75.4140,71.2940,80.3930,108.8590,18.5256,7.4839,5.4581,12.4107,11.4381,13.82
2019/6/3 16:14,108.0820,121.5030,136.8950,75.4150,71.2960,80.3910,108.8530,18.5245,7.4842,5.4584,12.4088,11.4389,13.82
2019/6/3 16:15,108.0810,121.5010,136.8980,75.4130,71.2840,80.3870,108.8240,18.5271,7.4830,5.4588,12.4138,11.4389,13.82
2019/6/3 16:16,108.0760,121.4930,136.8820,75.4100,71.2790,80.3760,108.8320,18.5266,7.4826,5.4586,12.4127,11.4375,13.82
2019/6/3 16:17,108.0720,121.4940,136.8670,75.4070,71.2750,80.3710,108.8330,18.5240,7.4820,5.4579,12.4126,11.4376,13.82
2019/6/3 16:18,108.0700,121.4900,136.8650,75.4050,71.2730,80.3600,108.8450,18.5306,7.4820,5.4578,12.4121,11.4375,13.82
2019/6/3 16:19,108.0600,121.4830,136.8480,75.3960,71.2710,80.3510,108.8420,18.5314,7.4816,5.4576,12.4116,11.4369,13.82
2019/6/3 16:20,108.0580,121.4810,136.8470,75.3960,71.2690,80.3500,108.8360,18.5299,7.4812,5.4570,12.4114,11.4374,13.82
2019/6/3 16:21,108.0620,121.4870,136.8550,75.4000,71.2750,80.3520,108.8360,18.5304,7.4807,5.4579,12.4121,11.4383,13.82
2019/6/3 16:22,108.0630,121.4850,136.8560,75.3990,71.2750,80.3540,108.8190,18.5306,7.4808,5.4591,12.4118,11.4384,13.82
2019/6/3 16:23,108.0600,121.4810,136.8500,75.3980,71.2730,80.3540,108.8340,18.5324,7.4805,5.4590,12.4116,11.4378,13.82
2019/6/3 16:24,108.0620,121.4840,136.8520,75.3990,71.2730,80.3520,108.8690,18.5331,7.4807,5.4601,12.4118,11.4372,13.82
2019/6/3 16:25,108.0630,121.4890,136.8550,75.3990,71.2750,80.3550,108.8460,18.5333,7.4812,5.4606,12.4124,11.4375,13.82
2019/6/3 16:26,108.0630,121.4880,136.8530,75.3980,71.2750,80.3550,108.8360,18.5361,7.4808,5.4617,12.4124,11.4373,13.82
2019/6/3 16:27,108.0600,121.4910,136.8600,75.3950,71.2710,80.3550,108.8260,18.5355,7.4805,5.4625,12.4127,11.4376,13.82
2019/6/3 16:28,108.0600,121.4940,136.8610,75.3960,71.2720,80.3580,108.8190,18.5331,7.4815,5.4628,12.4131,11.4394,13.82
2019/6/3 16:29,108.0580,121.4890,136.8600,75.3970,71.2710,80.3550,108.8340,18.5324,7.4813,5.4621,12.4125,11.4389,13.82
2019/6/3 16:30,108.0600,121.4750,136.8590,75.3940,71.2730,80.3530,108.8550,18.5329,7.4819,5.4627,12.4110,11.4392,13.82
2019/6/3 16:31,108.0600,121.4780,136.8590,75.3940,71.2750,80.3490,108.8440,18.5347,7.4818,5.4626,12.4129,11.4399,13.82
2019/6/3 16:32,108.0620,121.4800,136.8610,75.3960,71.2880,80.3590,108.8370,18.5352,7.4819,5.4637,12.4159,11.4393,13.82
2019/6/3 16:33,108.0730,121.4950,136.8770,75.4060,71.3010,80.3670,108.8440,18.5374,7.4827,5.4642,12.4157,11.4409,13.82
2019/6/3 16:34,108.0730,121.4980,136.8790,75.4050,71.3060,80.3690,108.8270,18.5376,7.4827,5.4653,12.4156,11.4405,13.82
2019/6/3 16:35,108.0760,121.5100,136.8800,75.4160,71.3090,80.3810,108.8460,18.5362,7.4824,5.4656,12.4176,11.4414,13.82
2019/6/3 16:36,108.0720,121.5000,136.8720,75.4070,71.3050,80.3720,108.8500,18.5350,7.4822,5.4653,12.4168,11.4403,13.82
2019/6/3 16:37,108.0730,121.4820,136.8660,75.4040,71.3050,80.3670,108.8620,18.5349,7.4822,5.4632,12.4124,11.4387,13.82
2019/6/3 16:38,108.0740,121.4820,136.8720,75.3970,71.3040,80.3730,108.8660,18.5352,7.4823,5.4632,12.4184,11.4390,13.82
2019/6/3 16:39,108.0760,121.4880,136.8740,75.4080,71.3050,80.3760,108.8580,18.5356,7.4826,5.4632,12.4180,11.4396,13.82
2019/6/3 16:40,108.0750,121.5030,136.8730,75.4090,71.3050,80.3780,108.8700,18.5354,7.4831,5.4634,12.4205,11.4415,13.82
2019/6/3 16:41,108.0810,121.5110,136.8830,75.4130,71.3100,80.3850,108.8770,18.5361,7.4831,5.4636,12.4214,11.4420,13.82
2019/6/3 16:42,108.0720,121.5040,136.8680,75.4050,71.3040,80.3720,108.8770,18.5359,7.4828,5.4636,12.4208,11.4411,13.82
2019/6/3 16:43,108.0710,121.5040,136.8680,75.4020,71.3030,80.3700,108.8720,18.5347,7.4827,5.4630,12.4198,11.4411,13.82
2019/6/3 16:44,108.0750,121.5090,136.8710,75.4060,71.3020,80.3710,108.8730,18.5260,7.4842,5.4630,12.4249,11.4411,13.82
2019/6/3 16:45,108.0680,121.5010,136.8750,75.4000,71.2990,80.3650,108.8610,18.5339,7.4831,5.4624,12.4234,11.4406,13.82
2019/6/3 16:46,108.0670,121.4980,136.8750,75.3980,71.2930,80.3640,108.8670,18.5337,7.4831,5.4644,12.4151,11.4392,13.82
2019/6/3 16:47,108.0740,121.4980,136.8820,75.4030,71.2920,80.3680,108.8740,18.5268,7.4836,5.4644,12.4147,11.4389,13.82
2019/6/3 16:48,108.0620,121.4820,136.8690,75.3860,71.2850,80.3600,108.8590,18.5349,7.4827,5.4649,12.4138,11.4367,13.82
2019/6/3 16:49,108.0660,121.4840,136.8690,75.3900,71.2870,80.3650,108.8590,18.5363,7.4788,5.4644,12.4134,11.4376,13.82
2019/6/3 16:50,108.0680,121.4830,136.8740,75.3880,71.2880,80.3640,108.8660,18.5367,7.4787,5.4648,12.4123,11.4370,13.82
2019/6/3 16:51,108.0700,121.4820,136.8780,75.3890,71.2790,80.3660,108.8670,18.5377,7.4791,5.4645,12.4122,11.4395,13.82
2019/6/3 16:52,108.0680,121.4850,136.8750,75.3910,71.2890,80.3770,108.8650,18.5376,7.4827,5.4650,12.4134,11.4442,13.82
2019/6/3 16:53,108.0700,121.4890,136.8680,75.3910,71.2890,80.3810,108.8770,18.5330,7.4831,5.4644,12.4136,11.4446,13.82
2019/6/3 16:54,108.0650,121.4900,136.8680,75.3870,71.2850,80.3820,108.8740,18.5356,7.4834,5.4653,12.4142,11.4454,13.82
2019/6/3 16:55,108.0670,121.4850,136.8540,75.3880,71.2890,80.3900,108.8740,18.5359,7.4838,5.4653,12.4167,11.4461,13.82
2019/6/3 16:56,108.0650,121.4850,136.8530,75.3850,71.2890,80.3940,108.8730,18.5365,7.4837,5.4653,12.4162,11.4439,13.82
2019/6/3 16:57,108.0630,121.4830,136.8460,75.3860,71.2910,80.3990,108.8680,18.5365,7.4842,5.4652,12.4162,11.4434,13.82
2019/6/3 16:58,108.0620,121.4780,136.8370,75.3830,71.2950,80.3940,108.8730,18.5363,7.4821,5.4658,12.4158,11.4430,13.82
2019/6/3 16:59,108.0600,121.4670,136.8360,75.3810,71.2730,80.4040,108.8690,18.5401,7.4839,5.4657,12.4182,11.4428,13.82
2019/6/3 17:00,108.0570,121.4620,136.8430,75.3770,71.2790,80.3980,108.8600,18.5315,7.4840,5.4657,12.4179,11.4440,13.82
2019/6/3 17:01,108.0520,121.4670,136.8450,75.3750,71.2790,80.3690,108.8610,18.5306,7.4837,5.4654,12.4173,11.4425,13.82
2019/6/3 17:02,108.0730,121.4880,136.8600,75.3860,71.2880,80.3770,108.8790,18.5342,7.4829,5.4665,12.4197,11.4448,13.82
2019/6/3 17:03,108.0810,121.4990,136.8690,75.3920,71.2940,80.3830,108.8860,18.5356,7.4835,5.4669,12.4207,11.4457,13.82
2019/6/3 17:04,108.0810,121.4960,136.8730,75.3940,71.2990,80.3820,108.8900,18.5356,7.4835,5.4669,12.4207,11.4455,13.82
2019/6/3 17:05,108.0800,121.4940,136.8670,75.3920,71.2970,80.3860,108.8890,18.5354,7.4834,5.4668,12.4205,11.4454,13.82
2019/6/3 17:06,108.0810,121.4940,136.8670,75.3930,71.2970,80.3860,108.8830,18.5376,7.4856,5.4672,12.4286,11.4455,13.82
2019/6/3 17:07,108.0740,121.4920,136.8560,75.3870,71.2890,80.3830,108.8740,18.5374,7.4874,5.4670,12.4278,11.4466,13.82
2019/6/3 17:08,108.0710,121.4840,136.8570,75.3860,71.2880,80.3850,108.8770,18.5366,7.4872,5.4668,12.4275,11.4463,13.82
2019/6/3 17:09,108.0670,121.4880,136.8500,75.3840,71.2840,80.3740,108.8700,18.5359,7.4869,5.4666,12.4270,11.4458,13.82
2019/6/3 17:10,108.0610,121.4900,136.8380,75.3770,71.2820,80.3740,108.8640,18.5349,7.4818,5.4663,12.4278,11.4464,13.82
2019/6/3 17:11,108.0570,121.4910,136.8350,75.3760,71.2780,80.3700,108.8580,18.5342,7.4818,5.4661,12.4282,11.4468,13.82
2019/6/3 17:12,108.0590,121.4930,136.8180,75.3830,71.2800,80.3800,108.8530,18.5345,7.4818,5.4668,12.4284,11.4470,13.82
2019/6/3 17:13,108.0610,121.4950,136.8340,75.3840,71.2800,80.4040,108.8590,18.5353,7.4820,5.4663,12.4285,11.4472,13.82
2019/6/3 17:14,108.0610,121.4950,136.8320,75.3840,71.2800,80.3960,108.8590,18.5353,7.4820,5.4663,12.4286,11.4470,13.82
2019/6/3 17:15,108.0600,121.4930,136.8320,75.3820,71.2790,80.3960,108.8590,18.5369,7.4819,5.4666,12.4285,11.4470,13.82
2019/6/3 17:16,108.0600,121.4930,136.8300,75.3820,71.2790,80.3950,108.8610,18.5369,7.4819,5.4666,12.4273,11.4471,13.82
2019/6/3 17:17,108.0610,121.4920,136.8240,75.3820,71.2790,80.3940,108.8620,18.5383,7.4828,5.4670,12.4273,11.4470,13.82
2019/6/3 17:18,108.0600,121.4920,136.8280,75.3820,71.2790,80.3950,108.8620,18.5381,7.4829,5.4665,12.4272,11.4468,13.82
2019/6/3 17:19,108.0580,121.4860,136.8200,75.3810,71.2770,80.3880,108.8630,18.5377,7.4825,5.4664,12.4272,11.4470,13.82
2019/6/3 17:20,108.0590,121.4860,136.8170,75.3830,71.2820,80.3900,108.8620,18.5379,7.4773,5.4663,12.4267,11.4466,13.82
2019/6/3 17:21,108.0580,121.4850,136.8210,75.3810,71.2790,80.3900,108.8600,18.5378,7.4772,5.4663,12.4266,11.4455,13.82
2019/6/3 17:22,108.0600,121.4920,136.8240,75.3840,71.2800,80.3930,108.8650,18.5374,7.4774,5.4670,12.4268,11.4462,13.82
2019/6/3 17:23,108.0590,121.4970,136.8240,75.3840,71.2790,80.3900,108.8690,18.5372,7.4774,5.4668,12.4267,11.4476,13.82
2019/6/3 17:26,108.0700,121.5070,136.8300,75.3890,71.2850,80.4000,108.8820,18.5395,7.4771,5.4676,12.4292,11.4479,13.82
2019/6/3 17:27,108.0590,121.4940,136.8210,75.3850,71.2790,80.3920,108.8730,18.5376,7.4766,5.4670,12.4277,11.4467,13.82
2019/6/3 17:28,108.0590,121.4950,136.8200,75.3830,71.2800,80.3980,108.8720,18.5376,7.4774,5.4670,12.4275,11.4467,13.82
2019/6/3 17:29,108.0590,121.4930,136.8230,75.3840,71.2800,80.3660,108.8750,18.5377,7.4775,5.4670,12.4275,11.4462,13.82
2019/6/3 17:30,108.0350,121.4680,136.7930,75.3660,71.2700,80.3500,108.8460,18.5305,7.4750,5.4662,12.4246,11.4440,13.82
2019/6/3 17:31,108.0480,121.4910,136.8090,75.3730,71.2690,80.3580,108.8560,18.5327,7.4780,5.4669,12.4266,11.4455,13.82
2019/6/3 17:32,108.0480,121.4890,136.8080,75.3760,71.2690,80.3610,108.8500,18.5327,7.4787,5.4669,12.4170,11.4455,13.82
2019/6/3 17:33,108.0480,121.4900,136.8090,75.3750,71.2690,80.3540,108.8500,18.5327,7.4787,5.4682,12.4173,11.4456,13.82
2019/6/3 17:34,108.0480,121.4880,136.8060,75.3780,71.2710,80.3510,108.8570,18.5327,7.4792,5.4682,12.4166,11.4450,13.82
2019/6/3 17:35,108.0400,121.4800,136.7910,75.3700,71.2670,80.3440,108.8480,18.5296,7.4789,5.4679,12.4154,11.4447,13.82
2019/6/3 17:36,108.0450,121.4860,136.7970,75.3740,71.2710,80.3560,108.8560,18.5315,7.4783,5.4680,12.4159,11.4444,13.82
2019/6/3 17:37,108.0520,121.4900,136.8090,75.3770,71.2750,80.3580,108.8650,18.5325,7.4785,5.4684,12.4169,11.4452,13.82
2019/6/3 17:38,108.0520,121.4900,136.8090,75.3780,71.2760,80.3540,108.8650,18.5315,7.4779,5.4679,12.4172,11.4448,13.82
2019/6/3 17:39,108.0550,121.4920,136.8160,75.3810,71.2770,80.3150,108.8660,18.5320,7.4792,5.4681,12.4174,11.4450,13.82
2019/6/3 17:40,108.0560,121.4930,136.8160,75.3780,71.2730,80.3290,108.8660,18.5332,7.4789,5.4684,12.4176,11.4452,13.82
2019/6/3 17:41,108.0500,121.4850,136.7760,75.3740,71.2780,80.3230,108.8660,18.5311,7.4790,5.4682,12.4169,11.4446,13.82
2019/6/3 17:42,108.0570,121.4970,136.7880,75.3800,71.2820,80.3320,108.8650,18.5322,7.4791,5.4687,12.4176,11.4452,13.82
2019/6/3 17:43,108.0580,121.4970,136.8150,75.3810,71.2880,80.3260,108.8650,18.5323,7.4796,5.4686,12.4194,11.4456,13.82
2019/6/3 17:44,108.0580,121.4950,136.8250,75.3790,71.2920,80.3350,108.8660,18.5324,7.4793,5.4688,12.4223,11.4456,13.82
2019/6/3 17:45,108.0580,121.4980,136.8230,75.3840,71.2940,80.3770,108.8710,18.5324,7.4788,5.4688,12.4187,11.4467,13.82
2019/6/3 17:46,108.0620,121.4990,136.7930,75.3840,71.3080,80.3800,108.8770,18.5331,7.4793,5.4699,12.4173,11.4455,13.82
2019/6/3 17:47,108.0650,121.5140,136.8000,75.3870,71.3090,80.3820,108.8830,18.5336,7.4792,5.4691,12.4195,11.4467,13.82
2019/6/3 17:48,108.0660,121.5120,136.8210,75.3910,71.3080,80.3810,108.8840,18.5338,7.4796,5.4692,12.4188,11.4468,13.82
2019/6/3 17:49,108.0630,121.5050,136.8220,75.3900,71.3130,80.3770,108.8830,18.5333,7.4799,5.4690,12.4179,11.4465,13.82
2019/6/3 17:50,108.0640,121.5070,136.8270,75.3890,71.3110,80.3810,108.8860,18.5334,7.4791,5.4691,12.4205,11.4465,13.82
2019/6/3 17:51,108.0650,121.5100,136.8270,75.3890,71.3070,80.3780,108.8860,18.5336,7.4806,5.4692,12.4201,11.4476,13.82
2019/6/3 17:52,108.0660,121.5130,136.8210,75.3930,71.3070,80.3790,108.8950,18.5338,7.4796,5.4690,12.4232,11.4467,13.82
2019/6/3 17:53,108.0590,121.5040,136.8120,75.3880,71.3060,80.3750,108.8900,18.5336,7.4795,5.4686,12.4200,11.4460,13.82
2019/6/3 17:54,108.0510,121.4960,136.8190,75.3840,71.2870,80.3690,108.8790,18.5312,7.4793,5.4682,12.4182,11.4454,13.82
2019/6/3 17:55,108.0580,121.5020,136.8500,75.3840,71.2890,80.3700,108.8860,18.5325,7.4793,5.4686,12.4190,11.4462,13.82
2019/6/3 17:56,108.0540,121.4970,136.8430,75.3850,71.3060,80.3670,108.8830,18.5317,7.4788,5.4683,12.4185,11.4458,13.82
2019/6/3 17:57,108.0520,121.4950,136.8470,75.3790,71.3040,80.3660,108.8790,18.5314,7.4791,5.4682,12.4183,11.4455,13.82
2019/6/3 17:58,108.0510,121.4930,136.8480,75.3830,71.3010,80.3650,108.8780,18.5313,7.4785,5.4681,12.4186,11.4454,13.82
2019/6/3 17:59,108.0510,121.4920,136.8420,75.3750,71.3050,80.3560,108.8890,18.5312,7.4813,5.4681,12.4216,11.4440,13.82
2019/6/3 18:00,108.0430,121.4860,136.8240,75.3700,71.2930,80.3810,108.8800,18.5259,7.4799,5.4665,12.4237,11.4428,13.82
2019/6/3 18:01,108.0400,121.4850,136.8250,75.3600,71.2780,80.3780,108.8760,18.5249,7.4796,5.4660,12.4204,11.4429,13.82
2019/6/3 18:02,108.0280,121.4720,136.8100,75.3500,71.2710,80.3800,108.8640,18.5230,7.4780,5.4646,12.4231,11.4389,13.82
2019/6/3 18:03,108.0300,121.4760,136.8100,75.3550,71.2840,80.3810,108.8540,18.5221,7.4790,5.4647,12.4234,11.4377,13.82
2019/6/3 18:04,108.0230,121.4710,136.8080,75.3530,71.2800,80.3770,108.8520,18.5222,7.4786,5.4644,12.4215,11.4372,13.82
2019/6/3 18:05,108.0230,121.4740,136.8170,75.3620,71.2870,80.3770,108.8630,18.5183,7.4785,5.4644,12.4212,11.4414,13.82
2019/6/3 18:06,108.0180,121.4690,136.8090,75.3610,71.2910,80.3760,108.8580,18.5214,7.4776,5.4642,12.4207,11.4384,13.82
2019/6/3 18:07,108.0100,121.4590,136.8060,75.3570,71.2870,80.3700,108.8490,18.5186,7.4765,5.4621,12.4192,11.4362,13.82
2019/6/3 18:08,108.0080,121.4580,136.8050,75.3560,71.2870,80.3690,108.8490,18.5172,7.4774,5.4617,12.4173,11.4354,13.82
2019/6/3 18:09,108.0010,121.4460,136.7970,75.3490,71.2810,80.3610,108.8460,18.5177,7.4760,5.4613,12.4184,11.4338,13.82
2019/6/3 18:10,108.0030,121.4450,136.7960,75.3500,71.2730,80.3630,108.8270,18.5164,7.4772,5.4612,12.4167,11.4342,13.82
2019/6/3 18:11,108.0020,121.4450,136.7950,75.3480,71.2730,80.3620,108.8280,18.5184,7.4768,5.4611,12.4184,11.4344,13.82
2019/6/3 18:12,108.0080,121.4520,136.8070,75.3490,71.2750,80.3710,108.8440,18.5187,7.4773,5.4605,12.4211,11.4353,13.82
2019/6/3 18:13,108.0250,121.4680,136.8240,75.3620,71.2850,80.3880,108.8440,18.5217,7.4778,5.4613,12.4231,11.4359,13.82
2019/6/3 18:14,108.0310,121.4760,136.8330,75.3670,71.2900,80.3850,108.8520,18.5227,7.4792,5.4618,12.4237,11.4404,13.82
2019/6/3 18:15,108.0350,121.4810,136.8400,75.3690,71.2850,80.3870,108.8740,18.5232,7.4793,5.4620,12.4235,11.4417,13.82
2019/6/3 18:16,108.0310,121.4750,136.8330,75.3660,71.2820,80.3840,108.8700,18.5237,7.4811,5.4618,12.4230,11.4409,13.82
2019/6/3 18:17,108.0330,121.4770,136.8340,75.3670,71.2800,80.3860,108.8690,18.5229,7.4792,5.4620,12.4232,11.4410,13.82
2019/6/3 18:18,108.0330,121.4740,136.8360,75.3660,71.2800,80.3870,108.8700,18.5237,7.4781,5.4620,12.4230,11.4410,13.82
2019/6/3 18:19,108.0240,121.4620,136.8230,75.3620,71.2750,80.3770,108.8500,18.5217,7.4783,5.4613,12.4214,11.4404,13.82
2019/6/3 18:20,108.0110,121.4490,136.8050,75.3510,71.2690,80.3620,108.8450,18.5201,7.4775,5.4617,12.4170,11.4383,13.82
2019/6/3 18:21,108.0050,121.4460,136.8030,75.3470,71.2650,80.3570,108.8430,18.5186,7.4773,5.4614,12.4159,11.4357,13.82
2019/6/3 18:22,108.0050,121.4440,136.8000,75.3430,71.2640,80.3580,108.8440,18.5185,7.4773,5.4614,12.4168,11.4355,13.82
2019/6/3 18:23,108.0040,121.4390,136.7970,75.3450,71.2620,80.3510,108.8410,18.5201,7.4778,5.4614,12.4158,11.4354,13.82
2019/6/3 18:24,108.0020,121.4370,136.7930,75.3420,71.2550,80.3530,108.8290,18.5197,7.4769,5.4613,12.4150,11.4352,13.82
2019/6/3 18:25,108.0010,121.4350,136.7920,75.3410,71.2540,80.3510,108.8260,18.5195,7.4770,5.4612,12.4145,11.4341,13.82
2019/6/3 18:26,108.0020,121.4370,136.7950,75.3450,71.2530,80.3530,108.8290,18.5197,7.4764,5.4587,12.4145,11.4361,13.82
2019/6/3 18:27,108.0010,121.4420,136.8040,75.3460,71.2540,80.3530,108.8360,18.5195,7.4763,5.4585,12.4144,11.4360,13.82
2019/6/3 18:28,107.9970,121.4400,136.7920,75.3400,71.2580,80.3510,108.8340,18.5189,7.4771,5.4583,12.4137,11.4356,13.82
2019/6/3 18:29,108.0010,121.4420,136.7950,75.3430,71.2610,80.3540,108.8380,18.5196,7.4774,5.4585,12.4142,11.4362,13.82
2019/6/3 18:30,108.0130,121.4540,136.8090,75.3520,71.2700,80.3630,108.8490,18.5217,7.4765,5.4578,12.4145,11.4375,13.82
2019/6/3 18:31,108.0270,121.4660,136.8270,75.3600,71.2800,80.3710,108.8520,18.5241,7.4775,5.4585,12.4207,11.4381,13.82
2019/6/3 18:32,108.0260,121.4640,136.8260,75.3570,71.2700,80.3630,108.8500,18.5239,7.4776,5.4582,12.4170,11.4376,13.82
2019/6/3 18:33,108.0170,121.4540,136.8060,75.3460,71.2630,80.3570,108.8420,18.5224,7.4771,5.4585,12.4151,11.4363,13.82
2019/6/3 18:34,108.0250,121.4640,136.8060,75.3520,71.2680,80.3670,108.8490,18.5238,7.4778,5.4589,12.4155,11.4352,13.82
2019/6/3 18:35,108.0210,121.4640,136.8090,75.3540,71.2760,80.3620,108.8470,18.5231,7.4778,5.4587,12.4156,11.4343,13.82
2019/6/3 18:36,108.0130,121.4550,136.7990,75.3490,71.2690,80.3520,108.8420,18.5217,7.4767,5.4583,12.4134,11.4335,13.82
2019/6/3 18:37,108.0010,121.4420,136.7850,75.3410,71.2650,80.3410,108.8380,18.5196,7.4758,5.4567,12.4115,11.4322,13.82
2019/6/3 18:38,107.9940,121.4440,136.7860,75.3360,71.2710,80.3360,108.8410,18.5185,7.4753,5.4564,12.4143,11.4333,13.82
2019/6/3 18:39,107.9860,121.4360,136.7760,75.3350,71.2680,80.3310,108.8350,18.5171,7.4753,5.4559,12.4120,11.4320,13.82
2019/6/3 18:40,107.9770,121.4250,136.7620,75.3240,71.2570,80.3230,108.8260,18.5156,7.4740,5.4556,12.4109,11.4311,13.82
2019/6/3 18:41,107.9760,121.4310,136.7650,75.3240,71.2570,80.3220,108.8260,18.5154,7.4744,5.4554,12.4118,11.4311,13.82
2019/6/3 18:42,107.9650,121.4160,136.7490,75.3170,71.2540,80.3140,108.8220,18.5135,7.4733,5.4547,12.4089,11.4301,13.82
2019/6/3 18:43,107.9630,121.4080,136.7490,75.3150,71.2480,80.3130,108.8120,18.5131,7.4729,5.4549,12.4083,11.4299,13.82
2019/6/3 18:44,107.9720,121.4180,136.7580,75.3200,71.2510,80.3190,108.8250,18.5147,7.4739,5.4543,12.4112,11.4308,13.82
2019/6/3 18:45,107.9720,121.4220,136.7540,75.3210,71.2590,80.3180,108.8260,18.5147,7.4745,5.4541,12.4115,11.4312,13.82
2019/6/3 18:46,107.9710,121.4200,136.7550,75.3210,71.2550,80.3190,108.8250,18.5145,7.4762,5.4541,12.4159,11.4322,13.82
2019/6/3 18:47,107.9710,121.4190,136.7530,75.3190,71.2540,80.3160,108.8260,18.5145,7.4762,5.4538,12.4121,11.4322,13.82
2019/6/3 18:48,107.9710,121.4190,136.7540,75.3190,71.2540,80.3210,108.8250,18.5145,7.4762,5.4533,12.4119,11.4322,13.82
2019/6/3 18:49,107.9730,121.4290,136.7600,75.3220,71.2550,80.3230,108.8260,18.5148,7.4763,5.4534,12.4123,11.4320,13.82
2019/6/3 18:50,107.9770,121.4330,136.7650,75.3220,71.2570,80.3190,108.8260,18.5155,7.4754,5.4536,12.4125,11.4325,13.82
2019/6/3 18:51,107.9770,121.4360,136.7670,75.3250,71.2570,80.3300,108.8250,18.5156,7.4754,5.4534,12.4134,11.4325,13.82
2019/6/3 18:52,107.9850,121.4410,136.7740,75.3290,71.2630,80.3320,108.8310,18.5177,7.4772,5.4539,12.4136,11.4335,13.82
2019/6/3 18:53,107.9770,121.4260,136.7630,75.3250,71.2510,80.3220,108.8250,18.5163,7.4759,5.4533,12.4121,11.4322,13.82
2019/6/3 18:54,107.9760,121.4300,136.7600,75.3230,71.2400,80.3160,108.8260,18.5150,7.4765,5.4534,12.4124,11.4315,13.82
2019/6/3 18:55,107.9710,121.4200,136.7570,75.3120,71.2300,80.3110,108.8260,18.5141,7.4761,5.4530,12.4115,11.4357,13.82
2019/6/3 18:56,107.9670,121.4140,136.7500,75.3090,71.2270,80.3070,108.8240,18.5135,7.4746,5.4528,12.4110,11.4340,13.82
2019/6/3 18:57,107.9620,121.4080,136.7450,75.3030,71.2150,80.3050,108.8100,18.5126,7.4745,5.4525,12.4104,11.4308,13.82
2019/6/3 18:58,107.9610,121.4060,136.7440,75.3030,71.2150,80.3040,108.8080,18.5124,7.4743,5.4525,12.4155,11.4310,13.82
2019/6/3 18:59,107.9540,121.4010,136.7370,75.2980,71.2080,80.2980,108.8030,18.5112,7.4720,5.4520,12.4141,11.4332,13.82
2019/6/3 19:00,107.9810,121.4360,136.7680,75.3260,71.2290,80.3350,108.8260,18.5147,7.4748,5.4531,12.4170,11.4360,13.82
2019/6/3 19:01,107.9860,121.4340,136.7620,75.3230,71.2280,80.3320,108.8200,18.5155,7.4738,5.4533,12.4176,11.4359,13.82
2019/6/3 19:02,107.9790,121.4270,136.7670,75.3190,71.2230,80.3250,108.8150,18.5140,7.4734,5.4530,12.4165,11.4331,13.82
2019/6/3 19:03,107.9830,121.4270,136.7620,75.3190,71.2250,80.3220,108.8170,18.5147,7.4741,5.4529,12.4128,11.4369,13.82
2019/6/3 19:04,107.9780,121.4250,136.7550,75.3150,71.2210,80.3200,108.8130,18.5138,7.4741,5.4521,12.4120,11.4382,13.82
2019/6/3 19:05,107.9730,121.4140,136.7490,75.3130,71.2190,80.3150,108.8040,18.5129,7.4728,5.4520,12.4112,11.4341,13.82
2019/6/3 19:06,107.9650,121.4070,136.7450,75.3050,71.2030,80.3040,108.7960,18.5115,7.4725,5.4515,12.4100,11.4336,13.82
2019/6/3 19:07,107.9660,121.4130,136.7490,75.3090,71.2020,80.3040,108.7980,18.5117,7.4700,5.4516,12.4101,11.4340,13.82
2019/6/3 19:08,107.9710,121.4140,136.7470,75.3100,71.2070,80.3080,108.8000,18.5126,7.4715,5.4497,12.4118,11.4350,13.82
2019/6/3 19:09,107.9680,121.4180,136.7490,75.3190,71.2130,80.3160,108.8000,18.5121,7.4730,5.4499,12.4140,11.4354,13.82
2019/6/3 19:10,107.9670,121.4140,136.7380,75.3150,71.2160,80.3150,108.8020,18.5120,7.4733,5.4500,12.4125,11.4342,13.82
2019/6/3 19:11,107.9610,121.4070,136.7310,75.3070,71.2190,80.3140,108.7960,18.5110,7.4727,5.4497,12.4094,11.4301,13.82
2019/6/3 19:12,107.9660,121.4110,136.7380,75.3080,71.2220,80.3100,108.7990,18.5117,7.4725,5.4498,12.4107,11.4303,13.82
2019/6/3 19:13,107.9640,121.4070,136.7370,75.3060,71.2260,80.3030,108.7980,18.5103,7.4723,5.4499,12.4104,11.4299,13.82
2019/6/3 19:14,107.9720,121.4150,136.7440,75.3120,71.2300,80.3090,108.8050,18.5112,7.4728,5.4505,12.4109,11.4308,13.82
2019/6/3 19:15,107.9740,121.4270,136.7550,75.3220,71.2460,80.3120,108.8080,18.5115,7.4737,5.4505,12.4119,11.4311,13.82
2019/6/3 19:16,107.9750,121.4220,136.7590,75.3230,71.2440,80.3260,108.8090,18.5117,7.4721,5.4505,12.4117,11.4319,13.82
2019/6/3 19:17,107.9770,121.4300,136.7700,75.3230,71.2460,80.3270,108.8090,18.5121,7.4734,5.4508,12.4122,11.4349,13.82
2019/6/3 19:18,107.9730,121.4240,136.7580,75.3210,71.2450,80.3230,108.8050,18.5114,7.4735,5.4510,12.4117,11.4348,13.82
2019/6/3 19:19,107.9730,121.4270,136.7550,75.3230,71.2440,80.3220,108.8020,18.5114,7.4727,5.4500,12.4120,11.4357,13.82
2019/6/3 19:20,107.9800,121.4340,136.7630,75.3280,71.2470,80.3300,108.8020,18.5126,7.4706,5.4513,12.4129,11.4357,13.82
2019/6/3 19:21,107.9780,121.4370,136.7660,75.3270,71.2470,80.3290,108.7960,18.5123,7.4707,5.4512,12.4130,11.4355,13.82
2019/6/3 19:22,108.0060,121.4650,136.7990,75.3550,71.2650,80.3530,108.8250,18.5164,7.4727,5.4520,12.4161,11.4389,13.82
2019/6/3 19:23,108.0100,121.4680,136.8050,75.3580,71.2660,80.3510,108.8220,18.5172,7.4729,5.4522,12.4171,11.4365,13.82
2019/6/3 19:24,108.0170,121.4760,136.8120,75.3520,71.2600,80.3580,108.8220,18.5191,7.4734,5.4533,12.4184,11.4372,13.82
2019/6/3 19:25,108.0120,121.4710,136.8070,75.3490,71.2540,80.3510,108.8150,18.5182,7.4733,5.4532,12.4175,11.4361,13.82
2019/6/3 19:26,108.0110,121.4680,136.8010,75.3480,71.2510,80.3500,108.8200,18.5179,7.4731,5.4531,12.4173,11.4387,13.82
2019/6/3 19:27,108.0130,121.4660,136.7960,75.3490,71.2510,80.3490,108.8150,18.5180,7.4733,5.4532,12.4183,11.4378,13.82
2019/6/3 19:28,108.0110,121.4640,136.7940,75.3480,71.2530,80.3500,108.8130,18.5180,7.4716,5.4520,12.4174,11.4386,13.82
2019/6/3 19:29,108.0180,121.4710,136.8040,75.3430,71.2540,80.3530,108.8180,18.5161,7.4718,5.4524,12.4173,11.4387,13.82
2019/6/3 19:30,108.0230,121.4790,136.8100,75.3470,71.2560,80.3540,108.8230,18.5197,7.4722,5.4537,12.4185,11.4393,13.82
2019/6/3 19:31,108.0390,121.4940,136.8280,75.3600,71.2640,80.3660,108.8310,18.5189,7.4738,5.4558,12.4203,11.4407,13.82
2019/6/3 19:32,108.0460,121.4920,136.8290,75.3630,71.2610,80.3830,108.8340,18.5224,7.4755,5.4564,12.4209,11.4420,13.82
2019/6/3 19:33,108.0300,121.4720,136.8100,75.3520,71.2510,80.3720,108.8230,18.5209,7.4742,5.4556,12.4189,11.4399,13.82
2019/6/3 19:34,108.0380,121.4810,136.8170,75.3570,71.2570,80.3760,108.8310,18.5221,7.4748,5.4577,12.4205,11.4409,13.82
2019/6/3 19:35,108.0400,121.4870,136.8210,75.3590,71.2580,80.3740,108.8340,18.5226,7.4747,5.4576,12.4199,11.4412,13.82
2019/6/3 19:36,108.0290,121.4720,136.8060,75.3500,71.2560,80.3680,108.8190,18.5207,7.4737,5.4574,12.4185,11.4414,13.82
2019/6/3 19:37,108.0300,121.4770,136.8100,75.3520,71.2510,80.3640,108.8230,18.5207,7.4729,5.4575,12.4201,11.4397,13.82
2019/6/3 19:38,108.0300,121.4710,136.8070,75.3540,71.2560,80.3680,108.8220,18.5195,7.4727,5.4573,12.4201,11.4372,13.82
2019/6/3 19:39,108.0260,121.4700,136.8010,75.3590,71.2560,80.3640,108.8210,18.5188,7.4733,5.4571,12.4192,11.4368,13.82
2019/6/3 19:40,108.0230,121.4660,136.7990,75.3470,71.2520,80.3590,108.8130,18.5182,7.4724,5.4569,12.4188,11.4365,13.82
2019/6/3 19:41,108.0380,121.5000,136.8200,75.3660,71.2680,80.3740,108.8310,18.5208,7.4736,5.4581,12.4183,11.4433,13.82
2019/6/3 19:42,108.0320,121.5040,136.8220,75.3580,71.2620,80.3660,108.8320,18.5194,7.4750,5.4586,12.4195,11.4430,13.82
2019/6/3 19:43,108.0500,121.5180,136.8420,75.3650,71.2610,80.3800,108.8420,18.5217,7.4758,5.4595,12.4243,11.4423,13.82
2019/6/3 19:44,108.0470,121.5170,136.8320,75.3630,71.2470,80.3730,108.8450,18.5209,7.4742,5.4594,12.4227,11.4416,13.82
2019/6/3 19:45,108.0430,121.5140,136.8250,75.3600,71.2560,80.3720,108.8400,18.5202,7.4737,5.4590,12.4222,11.4395,13.82
2019/6/3 19:46,108.0480,121.5160,136.8300,75.3640,71.2600,80.3770,108.8440,18.5209,7.4745,5.4594,12.4223,11.4437,13.82
2019/6/3 19:47,108.0510,121.5030,136.8220,75.3460,71.2460,80.3710,108.8430,18.5214,7.4740,5.4587,12.4224,11.4430,13.82
2019/6/3 19:48,108.0480,121.5000,136.8190,75.3360,71.2390,80.3680,108.8400,18.5210,7.4739,5.4583,12.4211,11.4422,13.82
2019/6/3 19:49,108.0460,121.4970,136.8170,75.3230,71.2340,80.3670,108.8390,18.5205,7.4730,5.4574,12.4209,11.4420,13.82
2019/6/3 19:50,108.0450,121.4970,136.8160,75.3210,71.2290,80.3660,108.8370,18.5195,7.4729,5.4574,12.4205,11.4419,13.82
2019/6/3 19:51,108.0490,121.4990,136.8210,75.3230,71.2320,80.3710,108.8400,18.5196,7.4729,5.4585,12.4211,11.4419,13.82
2019/6/3 19:52,108.0500,121.5000,136.8210,75.3230,71.2270,80.3700,108.8400,18.5197,7.4728,5.4585,12.4212,11.4420,13.82
2019/6/3 19:53,108.0410,121.4870,136.8010,75.3160,71.2160,80.3610,108.8340,18.5182,7.4722,5.4580,12.4197,11.4386,13.82
2019/6/3 19:54,108.0250,121.4710,136.7830,75.2940,71.2030,80.3520,108.8240,18.5159,7.4711,5.4570,12.4186,11.4354,13.82
2019/6/3 19:55,108.0170,121.4680,136.7830,75.3010,71.2070,80.3450,108.8240,18.5142,7.4706,5.4569,12.4175,11.4350,13.82
2019/6/3 19:56,108.0240,121.4790,136.7910,75.3070,71.2150,80.3520,108.8240,18.5153,7.4714,5.4572,12.4184,11.4372,13.82
2019/6/3 19:57,108.0210,121.4770,136.7880,75.3030,71.2090,80.3530,108.8240,18.5147,7.4712,5.4548,12.4191,11.4370,13.82
2019/6/3 19:58,108.0270,121.4840,136.7960,75.3080,71.2090,80.3620,108.8270,18.5154,7.4715,5.4552,12.4197,11.4378,13.82
2019/6/3 19:59,108.0360,121.4950,136.8090,75.3030,71.2030,80.3740,108.8290,18.5168,7.4727,5.4556,12.4207,11.4386,13.82
2019/6/3 20:00,108.0620,121.5170,136.8290,75.3190,71.2130,80.3960,108.8530,18.5198,7.4698,5.4572,12.4212,11.4393,13.82
2019/6/3 20:01,108.0450,121.5020,136.8060,75.3080,71.2040,80.3830,108.8450,18.5173,7.4709,5.4558,12.4190,11.4374,13.82
2019/6/3 20:02,108.0430,121.4960,136.7990,75.3050,71.2020,80.3810,108.8390,18.5167,7.4671,5.4556,12.4191,11.4371,13.82
2019/6/3 20:03,108.0140,121.4920,136.7800,75.2970,71.1900,80.3590,108.8180,18.5115,7.4654,5.4547,12.4163,11.4354,13.82
2019/6/3 20:04,108.0260,121.5130,136.7950,75.3110,71.2070,80.3740,108.8330,18.5135,7.4660,5.4572,12.4210,11.4363,13.82
2019/6/3 20:05,108.0220,121.5180,136.8030,75.3160,71.2090,80.3710,108.8370,18.5127,7.4658,5.4571,12.4202,11.4375,13.82
2019/6/3 20:06,108.0490,121.5610,136.8430,75.3350,71.2360,80.3960,108.8660,18.5172,7.4673,5.4586,12.4233,11.4413,13.82
2019/6/3 20:07,108.0470,121.5610,136.8420,75.3320,71.2300,80.3950,108.8620,18.5161,7.4695,5.4582,12.4229,11.4412,13.82
2019/6/3 20:08,108.0420,121.5710,136.8370,75.3270,71.2280,80.3960,108.8650,18.5152,7.4693,5.4574,12.4242,11.4414,13.82
2019/6/3 20:09,108.0290,121.5390,136.8080,75.3190,71.2150,80.3870,108.8500,18.5130,7.4684,5.4564,12.4210,11.4385,13.82
2019/6/3 20:10,108.0400,121.5340,136.8210,75.3150,71.2180,80.3890,108.8450,18.5148,7.4677,5.4553,12.4212,11.4366,13.82
2019/6/3 20:11,108.0320,121.5420,136.8120,75.3160,71.2280,80.3890,108.8500,18.5135,7.4671,5.4557,12.4210,11.4382,13.82
2019/6/3 20:12,108.0120,121.5190,136.7890,75.2990,71.2130,80.3730,108.8330,18.5100,7.4657,5.4537,12.4176,11.4354,13.82
2019/6/3 20:13,108.0040,121.5050,136.7760,75.2900,71.1920,80.3620,108.8240,18.5086,7.4657,5.4537,12.4163,11.4337,13.82
2019/6/3 20:14,107.9860,121.4870,136.7640,75.2670,71.1760,80.3490,108.8040,18.5056,7.4642,5.4519,12.4152,11.4346,13.82
2019/6/3 20:15,107.9990,121.5230,136.7970,75.2990,71.2000,80.3640,108.8240,18.5080,7.4654,5.4530,12.4177,11.4379,13.82
2019/6/3 20:16,107.9810,121.4940,136.7680,75.2760,71.1820,80.3500,108.8050,18.5047,7.4638,5.4527,12.4154,11.4351,13.82
2019/6/3 20:17,107.9620,121.4720,136.7420,75.2620,71.1710,80.3360,108.7880,18.5006,7.4621,5.4515,12.4139,11.4328,13.82
2019/6/3 20:18,107.9520,121.4600,136.7360,75.2690,71.1760,80.3240,108.7790,18.4978,7.4617,5.4511,12.4129,11.4316,13.82
2019/6/3 20:19,107.9510,121.4630,136.7430,75.2590,71.1620,80.3210,108.7790,18.4969,7.4618,5.4507,12.4124,11.4323,13.82
2019/6/3 20:20,107.9510,121.4660,136.7410,75.2650,71.1670,80.3230,108.7770,18.4955,7.4617,5.4506,12.4128,11.4324,13.82
2019/6/3 20:21,107.9420,121.4610,136.7330,75.2600,71.1570,80.3150,108.7780,18.4923,7.4613,5.4505,12.4122,11.4342,13.82
2019/6/3 20:22,107.9410,121.4600,136.7320,75.2590,71.1570,80.3140,108.7740,18.4888,7.4610,5.4500,12.4120,11.4335,13.82
2019/6/3 20:23,107.9250,121.4360,136.6990,75.2420,71.1360,80.2970,108.7530,18.4850,7.4596,5.4492,12.4093,11.4310,13.82
2019/6/3 20:24,107.9110,121.4230,136.6930,75.2320,71.1260,80.2870,108.7480,18.4801,7.4588,5.4484,12.4076,11.4306,13.82
2019/6/3 20:25,107.9290,121.4360,136.7140,75.2410,71.1360,80.2910,108.7640,18.4829,7.4599,5.4487,12.4084,11.4320,13.82
2019/6/3 20:26,107.9260,121.4270,136.7120,75.2270,71.1290,80.2880,108.7570,18.4821,7.4600,5.4483,12.4076,11.4313,13.82
2019/6/3 20:27,107.9470,121.4570,136.7390,75.2410,71.1490,80.3040,108.7750,18.4843,7.4620,5.4494,12.4106,11.4340,13.82
2019/6/3 20:28,107.9500,121.4660,136.7420,75.2420,71.1440,80.3060,108.7760,18.4872,7.4663,5.4498,12.4136,11.4350,13.82
2019/6/3 20:29,107.9570,121.4670,136.7490,75.2470,71.1450,80.3110,108.7720,18.4873,7.4675,5.4502,12.4136,11.4349,13.82
2019/6/3 20:30,107.9520,121.4630,136.7420,75.2420,71.1430,80.3090,108.7710,18.4899,7.4655,5.4498,12.4131,11.4357,13.82
2019/6/3 20:31,107.9690,121.4770,136.7520,75.2550,71.1520,80.3200,108.7840,18.4893,7.4665,5.4511,12.4158,11.4388,13.82
2019/6/3 20:32,107.9500,121.4670,136.7320,75.2470,71.1460,80.3070,108.7730,18.4892,7.4634,5.4502,12.4114,11.4365,13.82
2019/6/3 20:33,107.9260,121.4570,136.6980,75.2420,71.1390,80.2930,108.7540,18.4760,7.4603,5.4487,12.4106,11.4342,13.82
2019/6/3 20:34,107.9150,121.4540,136.6920,75.2320,71.1320,80.2780,108.7520,18.4691,7.4595,5.4482,12.4065,11.4310,13.82
2019/6/3 20:35,107.9300,121.4580,136.7120,75.2360,71.1310,80.2840,108.7590,18.4698,7.4603,5.4488,12.4056,11.4324,13.82
2019/6/3 20:36,107.9460,121.4840,136.7350,75.2590,71.1420,80.3080,108.7750,18.4758,7.4615,5.4497,12.4161,11.4355,13.82
2019/6/3 20:37,107.9630,121.4810,136.7450,75.2410,71.1300,80.3150,108.7840,18.4781,7.4626,5.4507,12.4131,11.4362,13.82
2019/6/3 20:38,107.9690,121.4890,136.7540,75.2600,71.1440,80.3190,108.7880,18.4789,7.4630,5.4509,12.4129,11.4374,13.82
2019/6/3 20:39,107.9750,121.4940,136.7580,75.2750,71.1570,80.3290,108.7910,18.4802,7.4633,5.4516,12.4139,11.4375,13.82
2019/6/3 20:40,107.9700,121.4880,136.7530,75.2780,71.1570,80.3250,108.7770,18.4787,7.4625,5.4509,12.4142,11.4367,13.82
2019/6/3 20:41,107.9630,121.4810,136.7440,75.2720,71.1530,80.3210,108.7730,18.4767,7.4625,5.4509,12.4077,11.4365,13.82
2019/6/3 20:42,107.9760,121.4930,136.7590,75.2830,71.1630,80.3350,108.7840,18.4789,7.4635,5.4525,12.4096,11.4378,13.82
2019/6/3 20:43,107.9630,121.4740,136.7470,75.2650,71.1440,80.3260,108.7720,18.4767,7.4626,5.4505,12.4104,11.4356,13.82
2019/6/3 20:44,107.9680,121.4880,136.7530,75.2710,71.1470,80.3300,108.7770,18.4781,7.4629,5.4507,12.4126,11.4365,13.82
2019/6/3 20:45,107.9610,121.4720,136.7400,75.2510,71.1390,80.3250,108.7700,18.4748,7.4625,5.4502,12.4144,11.4350,13.82
2019/6/3 20:46,107.9550,121.4680,136.7340,75.2470,71.1320,80.3210,108.7640,18.4724,7.4621,5.4501,12.4138,11.4350,13.82
2019/6/3 20:47,107.9330,121.4390,136.7070,75.2330,71.1180,80.3020,108.7470,18.4689,7.4605,5.4490,12.4112,11.4325,13.82
2019/6/3 20:48,107.9260,121.4270,136.7010,75.2290,71.1160,80.2930,108.7400,18.4677,7.4601,5.4487,12.4101,11.4311,13.82
2019/6/3 20:49,107.9380,121.4360,136.7150,75.2350,71.1180,80.3020,108.7530,18.4699,7.4608,5.4492,12.4102,11.4320,13.82
2019/6/3 20:50,107.9410,121.4410,136.7100,75.2300,71.1160,80.3030,108.7560,18.4705,7.4610,5.4493,12.4107,11.4325,13.82
2019/6/3 20:51,107.9440,121.4430,136.7140,75.2300,71.1210,80.3070,108.7580,18.4691,7.4612,5.4496,12.4108,11.4323,13.82
2019/6/3 20:52,107.9520,121.4510,136.7240,75.2340,71.1260,80.3120,108.7660,18.4704,7.4619,5.4500,12.4116,11.4302,13.82
2019/6/3 20:53,107.9380,121.4370,136.7160,75.2380,71.1220,80.3030,108.7550,18.4679,7.4608,5.4494,12.4104,11.4287,13.82
2019/6/3 20:54,107.9050,121.3880,136.6700,75.2170,71.1020,80.2780,108.7380,18.4622,7.4577,5.4477,12.4063,11.4247,13.82
2019/6/3 20:55,107.9050,121.3850,136.6600,75.2100,71.1020,80.2750,108.7300,18.4624,7.4579,5.4476,12.4058,11.4261,13.82
2019/6/3 20:56,107.9240,121.3970,136.6860,75.2170,71.1140,80.2920,108.7390,18.4685,7.4592,5.4485,12.4083,11.4273,13.82
2019/6/3 20:57,107.9090,121.3950,136.6800,75.2040,71.1040,80.2820,108.7270,18.4648,7.4581,5.4479,12.4062,11.4271,13.82
2019/6/3 20:58,107.9140,121.4000,136.6870,75.2080,71.1070,80.2850,108.7310,18.4655,7.4584,5.4477,12.4063,11.4272,13.82
2019/6/3 20:59,107.9160,121.4060,136.6880,75.2120,71.1090,80.2850,108.7300,18.4661,7.4590,5.4479,12.4065,11.4278,13.82
2019/6/3 21:00,107.9040,121.3920,136.6690,75.1880,71.0870,80.2770,108.7220,18.4627,7.4575,5.4472,12.4053,11.4257,13.82
2019/6/3 21:01,107.9060,121.3830,136.6590,75.1810,71.0770,80.2740,108.7260,18.4629,7.4585,5.4473,12.4101,11.4250,13.82
2019/6/3 21:02,107.8990,121.3700,136.6450,75.1720,71.0640,80.2700,108.7180,18.4628,7.4579,5.4469,12.4063,11.4236,13.82
2019/6/3 21:03,107.9230,121.3970,136.6740,75.1930,71.0840,80.2870,108.7390,18.4671,7.4595,5.4482,12.4071,11.4262,13.82
2019/6/3 21:04,107.9040,121.3720,136.6440,75.1670,71.0620,80.2680,108.7190,18.4624,7.4573,5.4468,12.4034,11.4228,13.82
2019/6/3 21:05,107.9040,121.3720,136.6400,75.1680,71.0620,80.2710,108.7120,18.4642,7.4572,5.4472,12.4029,11.4228,13.82
2019/6/3 21:06,107.9000,121.3690,136.6410,75.1690,71.0590,80.2690,108.7070,18.4668,7.4574,5.4470,12.4025,11.4230,13.82
2019/6/3 21:07,107.9010,121.3720,136.6460,75.1720,71.0580,80.2750,108.7100,18.4723,7.4580,5.4471,12.4028,11.4240,13.82
2019/6/3 21:08,107.9030,121.3700,136.6400,75.1590,71.0500,80.2720,108.7070,18.4690,7.4587,5.4469,12.4022,11.4238,13.82
2019/6/3 21:09,107.9030,121.3700,136.6400,75.1680,71.0480,80.2770,108.7100,18.4736,7.4588,5.4473,12.4027,11.4241,13.82
2019/6/3 21:10,107.9000,121.3670,136.6340,75.1690,71.0470,80.2740,108.7070,18.4731,7.4586,5.4472,12.4024,11.4237,13.82
2019/6/3 21:11,107.9050,121.3720,136.6410,75.1720,71.0510,80.2730,108.7150,18.4738,7.4589,5.4474,12.4036,11.4245,13.82
2019/6/3 21:12,107.9180,121.3860,136.6530,75.1820,71.0590,80.2880,108.7200,18.4762,7.4599,5.4476,12.4045,11.4259,13.82
2019/6/3 21:13,107.9160,121.3840,136.6530,75.1800,71.0550,80.2870,108.7200,18.4767,7.4598,5.4477,12.4044,11.4252,13.82
2019/6/3 21:14,107.9090,121.3800,136.6460,75.1870,71.0670,80.2860,108.7160,18.4754,7.4598,5.4474,12.4041,11.4251,13.82
2019/6/3 21:15,107.9280,121.3990,136.6730,75.2100,71.0910,80.3070,108.7250,18.4788,7.4607,5.4488,12.4062,11.4270,13.82
2019/6/3 21:16,107.9350,121.4080,136.6800,75.2130,71.0990,80.3060,108.7320,18.4801,7.4611,5.4488,12.4068,11.4278,13.82
2019/6/3 21:17,107.9340,121.3980,136.6760,75.2020,71.0890,80.2980,108.7280,18.4801,7.4611,5.4488,12.4060,11.4268,13.82
2019/6/3 21:18,107.9270,121.3910,136.6700,75.1930,71.0750,80.2900,108.7260,18.4789,7.4605,5.4485,12.4068,11.4261,13.82
2019/6/3 21:19,107.9070,121.3740,136.6590,75.1670,71.0590,80.2740,108.7110,18.4749,7.4596,5.4475,12.4053,11.4244,13.82
2019/6/3 21:20,107.9040,121.3650,136.6470,75.1690,71.0500,80.2720,108.7070,18.4733,7.4594,5.4473,12.4046,11.4235,13.82
2019/6/3 21:21,107.9060,121.3660,136.6500,75.1630,71.0480,80.2730,108.7070,18.4739,7.4597,5.4475,12.4035,11.4236,13.82
2019/6/3 21:22,107.8900,121.3550,136.6310,75.1510,71.0360,80.2660,108.6940,18.4707,7.4590,5.4467,12.4021,11.4226,13.82
2019/6/3 21:23,107.8810,121.3630,136.6360,75.1560,71.0400,80.2660,108.6950,18.4707,7.4579,5.4462,12.4056,11.4233,13.82
2019/6/3 21:24,107.8950,121.3780,136.6420,75.1500,71.0420,80.2760,108.7020,18.4719,7.4588,5.4470,12.4071,11.4247,13.82
2019/6/3 21:25,107.8860,121.3720,136.6480,75.1420,71.0390,80.2710,108.7010,18.4716,7.4582,5.4459,12.4066,11.4244,13.82
2019/6/3 21:26,107.8980,121.3860,136.6530,75.1480,71.0440,80.2790,108.7130,18.4722,7.4590,5.4460,12.4074,11.4257,13.82
2019/6/3 21:27,107.8680,121.3570,136.6120,75.1290,71.0290,80.2520,108.6890,18.4685,7.4570,5.4445,12.4034,11.4228,13.82
2019/6/3 21:28,107.8870,121.3720,136.6240,75.1450,71.0360,80.2670,108.6980,18.4705,7.4587,5.4455,12.4050,11.4245,13.82
2019/6/3 21:29,107.8860,121.3670,136.6230,75.1460,71.0380,80.2690,108.6930,18.4701,7.4592,5.4451,12.4044,11.4243,13.82
2019/6/3 21:30,107.8680,121.3360,136.5990,75.1250,71.0270,80.2500,108.6730,18.4671,7.4568,5.4441,12.3998,11.4210,13.82
2019/6/3 21:31,107.8810,121.3440,136.6070,75.1300,71.0300,80.2540,108.6780,18.4710,7.4578,5.4448,12.4006,11.4218,13.82
2019/6/3 21:32,107.8780,121.3310,136.5920,75.1330,71.0210,80.2490,108.6810,18.4687,7.4570,5.4440,12.3985,11.4203,13.82
2019/6/3 21:33,107.8690,121.3240,136.5830,75.1290,71.0150,80.2400,108.6720,18.4675,7.4546,5.4436,12.3980,11.4195,13.82
2019/6/3 21:34,107.8690,121.3200,136.5810,75.1390,71.0290,80.2460,108.6730,18.4671,7.4547,5.4435,12.3976,11.4191,13.82
2019/6/3 21:35,107.8630,121.3180,136.5740,75.1260,71.0350,80.2420,108.6680,18.4667,7.4543,5.4436,12.3974,11.4190,13.82
2019/6/3 21:36,107.8750,121.3270,136.5930,75.1490,71.0430,80.2580,108.6790,18.4683,7.4565,5.4444,12.3985,11.4198,13.82
2019/6/3 21:37,107.8730,121.3250,136.5750,75.1410,71.0390,80.2490,108.6750,18.4673,7.4562,5.4443,12.3987,11.4195,13.82
2019/6/3 21:38,107.8660,121.3170,136.5690,75.1400,71.0370,80.2440,108.6720,18.4683,7.4566,5.4442,12.3979,11.4188,13.82
2019/6/3 21:39,107.8740,121.3180,136.5780,75.1420,71.0400,80.2560,108.6770,18.4659,7.4570,5.4436,12.3978,11.4190,13.82
2019/6/3 21:40,107.8680,121.3070,136.5590,75.1280,71.0260,80.2460,108.6700,18.4638,7.4566,5.4434,12.3966,11.4179,13.82
2019/6/3 21:41,107.8680,121.3060,136.5580,75.1300,71.0250,80.2460,108.6710,18.4633,7.4565,5.4434,12.3967,11.4180,13.82
2019/6/3 21:42,107.8750,121.3200,136.5660,75.1400,71.0260,80.2520,108.6810,18.4740,7.4569,5.4438,12.3978,11.4194,13.82
2019/6/3 21:43,107.8740,121.3210,136.5670,75.1440,71.0180,80.2500,108.6790,18.4744,7.4571,5.4437,12.3978,11.4193,13.82
2019/6/3 21:44,107.8770,121.3350,136.5730,75.1440,71.0180,80.2530,108.6880,18.4750,7.4579,5.4439,12.3994,11.4205,13.82
2019/6/3 21:45,107.8860,121.3430,136.6150,75.1580,71.0390,80.2580,108.6990,18.4766,7.4579,5.4443,12.4001,11.4212,13.82
2019/6/3 21:46,107.8860,121.3380,136.6050,75.1500,71.0240,80.2540,108.6910,18.4769,7.4580,5.4442,12.3996,11.4207,13.82
2019/6/3 21:47,107.9000,121.3330,136.6120,75.1420,71.0100,80.2610,108.6780,18.4790,7.4582,5.4448,12.3974,11.4202,13.82
2019/6/3 21:48,107.9100,121.3500,136.6230,75.1470,71.0200,80.2710,108.6870,18.4805,7.4587,5.4453,12.3982,11.4220,13.82
2019/6/3 21:49,107.9130,121.3570,136.6270,75.1600,71.0260,80.2740,108.6890,18.4811,7.4589,5.4456,12.3984,11.4227,13.82
2019/6/3 21:50,107.9230,121.3630,136.6380,75.1650,71.0380,80.2820,108.7020,18.4828,7.4595,5.4460,12.4012,11.4231,13.82
2019/6/3 21:51,107.9230,121.3540,136.6310,75.1540,71.0300,80.2770,108.7040,18.4829,7.4572,5.4459,12.4014,11.4229,13.82
2019/6/3 21:52,107.9140,121.3470,136.6200,75.1690,71.0320,80.2680,108.7020,18.4812,7.4569,5.4456,12.3999,11.4220,13.82
2019/6/3 21:53,107.9080,121.3380,136.6100,75.1560,71.0210,80.2610,108.6960,18.4802,7.4563,5.4452,12.3985,11.4209,13.82
2019/6/3 21:54,107.9080,121.3420,136.6020,75.1640,71.0210,80.2600,108.7030,18.4804,7.4564,5.4452,12.4009,11.4214,13.82
2019/6/3 21:55,107.9030,121.3400,136.6040,75.1520,71.0180,80.2530,108.7100,18.4795,7.4560,5.4449,12.3996,11.4217,13.82
2019/6/3 21:56,107.9030,121.3360,136.6040,75.1600,71.0230,80.2540,108.7090,18.4796,7.4560,5.4449,12.3992,11.4207,13.82
2019/6/3 21:57,107.8860,121.3340,136.5850,75.1540,71.0150,80.2420,108.7000,18.4762,7.4547,5.4439,12.3987,11.4205,13.82
2019/6/3 21:58,107.8910,121.3390,136.6000,75.1560,71.0200,80.2460,108.7110,18.4773,7.4559,5.4409,12.3995,11.4209,13.82
2019/6/3 21:59,107.8740,121.3300,136.6020,75.1460,71.0070,80.2280,108.7030,18.4746,7.4561,5.4389,12.3980,11.4202,13.82
2019/6/3 22:00,107.8760,121.3240,136.6000,75.1470,71.0140,80.2360,108.7000,18.4749,7.4563,5.4386,12.3999,11.4196,13.82
2019/6/3 22:01,107.8740,121.3210,136.6090,75.1500,71.0150,80.2440,108.6890,18.4744,7.4562,5.4394,12.3980,11.4192,13.82
2019/6/3 22:02,107.8690,121.3140,136.5940,75.1410,71.0050,80.2350,108.6830,18.4737,7.4561,5.4390,12.3973,11.4186,13.82
2019/6/3 22:03,107.8620,121.3130,136.5890,75.1350,71.0070,80.2310,108.6810,18.4726,7.4552,5.4386,12.3970,11.4184,13.82
2019/6/3 22:04,107.8630,121.3190,136.5980,75.1340,71.0100,80.2310,108.6860,18.4727,7.4570,5.4387,12.3975,11.4188,13.82
2019/6/3 22:05,107.8820,121.3400,136.6220,75.1440,71.0220,80.2440,108.7010,18.4757,7.4607,5.4398,12.3986,11.4211,13.82
2019/6/3 22:06,107.8940,121.3460,136.6350,75.1510,71.0230,80.2480,108.7090,18.4780,7.4612,5.4403,12.4005,11.4220,13.82
2019/6/3 22:07,107.8930,121.3450,136.6380,75.1420,71.0180,80.2470,108.7070,18.4775,7.4609,5.4404,12.3996,11.4214,13.82
2019/6/3 22:08,107.8940,121.3450,136.6280,75.1410,71.0160,80.2420,108.7080,18.4778,7.4581,5.4403,12.3995,11.4213,13.82
2019/6/3 22:09,107.8900,121.3370,136.6200,75.1410,71.0120,80.2360,108.7010,18.4769,7.4572,5.4392,12.3985,11.4204,13.82
2019/6/3 22:10,107.8860,121.3380,136.6270,75.1500,71.0240,80.2380,108.7020,18.4761,7.4567,5.4393,12.3988,11.4205,13.82
2019/6/3 22:11,107.8990,121.3480,136.6440,75.1580,71.0320,80.2460,108.7120,18.4789,7.4576,5.4411,12.3999,11.4216,13.82
2019/6/3 22:12,107.8930,121.3370,136.6290,75.1450,71.0190,80.2420,108.7060,18.4775,7.4582,5.4434,12.3988,11.4203,13.82
2019/6/3 22:13,107.8930,121.3350,136.6170,75.1440,71.0220,80.2410,108.7000,18.4778,7.4593,5.4446,12.3985,11.4201,13.82
2019/6/3 22:14,107.8930,121.3320,136.6160,75.1430,71.0190,80.2410,108.7010,18.4777,7.4605,5.4450,12.3999,11.4198,13.82
2019/6/3 22:15,107.8930,121.3350,136.6150,75.1490,71.0290,80.2460,108.7000,18.4779,7.4586,5.4464,12.4004,11.4200,13.82
2019/6/3 22:16,107.8970,121.3400,136.6210,75.1530,71.0310,80.2510,108.7090,18.4787,7.4578,5.4476,12.4009,11.4204,13.82
2019/6/3 22:17,107.8950,121.3430,136.6190,75.1560,71.0290,80.2490,108.7090,18.4781,7.4580,5.4480,12.4017,11.4211,13.82
2019/6/3 22:18,107.9020,121.3530,136.6280,75.1680,71.0350,80.2590,108.7150,18.4794,7.4585,5.4492,12.4025,11.4219,13.82
2019/6/3 22:19,107.9060,121.3560,136.6290,75.1730,71.0360,80.2620,108.7200,18.4801,7.4588,5.4493,12.4031,11.4223,13.82
2019/6/3 22:20,107.9030,121.3530,136.6290,75.1710,71.0320,80.2550,108.7160,18.4797,7.4586,5.4492,12.4010,11.4218,13.82
2019/6/3 22:21,107.9110,121.3640,136.6410,75.1750,71.0420,80.2660,108.7250,18.4806,7.4591,5.4505,12.4023,11.4227,13.82
2019/6/3 22:22,107.9200,121.3740,136.6510,75.1920,71.0530,80.2770,108.7330,18.4826,7.4598,5.4513,12.4036,11.4238,13.82
2019/6/3 22:23,107.9270,121.3840,136.6510,75.1960,71.0580,80.2840,108.7310,18.4834,7.4605,5.4516,12.4072,11.4251,13.82
2019/6/3 22:24,107.9250,121.3850,136.6490,75.1960,71.0540,80.2820,108.7360,18.4831,7.4602,5.4516,12.4064,11.4252,13.82
2019/6/3 22:25,107.9320,121.3960,136.6570,75.2030,71.0570,80.2870,108.7400,18.4844,7.4591,5.4511,12.4079,11.4263,13.82
2019/6/3 22:26,107.9430,121.4160,136.6740,75.2230,71.0730,80.3000,108.7460,18.4863,7.4610,5.4543,12.4102,11.4284,13.82
2019/6/3 22:27,107.9390,121.4160,136.6780,75.2210,71.0710,80.2980,108.7400,18.4856,7.4618,5.4541,12.4104,11.4283,13.82
2019/6/3 22:28,107.9440,121.4170,136.6820,75.2180,71.0720,80.3010,108.7360,18.4861,7.4622,5.4550,12.4093,11.4285,13.82
2019/6/3 22:29,107.9400,121.4150,136.6720,75.2090,71.0640,80.2980,108.7330,18.4856,7.4620,5.4547,12.4089,11.4282,13.82
2019/6/3 22:30,107.9270,121.4040,136.6600,75.1980,71.0550,80.2880,108.7250,18.4836,7.4611,5.4540,12.4079,11.4273,13.82
2019/6/3 22:31,107.9330,121.4110,136.6700,75.2110,71.0640,80.2920,108.7260,18.4845,7.4617,5.4543,12.4086,11.4279,13.82
2019/6/3 22:32,107.9400,121.4230,136.6870,75.2240,71.0690,80.2970,108.7350,18.4856,7.4622,5.4548,12.4093,11.4287,13.82
2019/6/3 22:33,107.9340,121.4210,136.6820,75.2270,71.0780,80.2990,108.7290,18.4849,7.4618,5.4544,12.4092,11.4287,13.82
2019/6/3 22:34,107.9430,121.4260,136.6910,75.2340,71.0870,80.3060,108.7340,18.4866,7.4624,5.4549,12.4089,11.4294,13.82
2019/6/3 22:35,107.9380,121.4210,136.6850,75.2250,71.0730,80.2970,108.7240,18.4857,7.4644,5.4546,12.4094,11.4287,13.82
2019/6/3 22:36,107.9360,121.4190,136.6850,75.2340,71.0760,80.2960,108.7240,18.4857,7.4648,5.4573,12.4117,11.4286,13.82
2019/6/3 22:37,107.9320,121.4210,136.6890,75.2350,71.0830,80.2970,108.7230,18.4845,7.4650,5.4598,12.4111,11.4287,13.82
2019/6/3 22:38,107.9290,121.4170,136.6900,75.2290,71.0850,80.2940,108.7210,18.4843,7.4654,5.4621,12.4107,11.4285,13.82
2019/6/3 22:39,107.9520,121.4440,136.7160,75.2510,71.1020,80.3140,108.7420,18.4886,7.4671,5.4631,12.4133,11.4310,13.82
2019/6/3 22:40,107.9520,121.4480,136.7130,75.2500,71.0930,80.3120,108.7410,18.4894,7.4675,5.4643,12.4139,11.4314,13.82
2019/6/3 22:41,107.9760,121.4710,136.7420,75.2670,71.1090,80.3310,108.7590,18.4933,7.4681,5.4675,12.4182,11.4337,13.82
2019/6/3 22:42,107.9750,121.4720,136.7390,75.2600,71.1060,80.3300,108.7460,18.4933,7.4678,5.4683,12.4177,11.4339,13.82
2019/6/3 22:43,107.9730,121.4720,136.7390,75.2600,71.1000,80.3270,108.7460,18.4971,7.4673,5.4654,12.4168,11.4341,13.82
2019/6/3 22:44,107.9690,121.4770,136.7460,75.2640,71.1090,80.3260,108.7440,18.4972,7.4676,5.4686,12.4168,11.4340,13.82
2019/6/3 22:45,107.9560,121.4700,136.7300,75.2480,71.0940,80.3110,108.7370,18.4967,7.4676,5.4679,12.4160,11.4334,13.82
2019/6/3 22:46,107.9800,121.5010,136.7700,75.2810,71.1170,80.3480,108.7610,18.5022,7.4723,5.4731,12.4186,11.4366,13.82
2019/6/3 22:47,107.9750,121.4960,136.7620,75.2720,71.1140,80.3390,108.7460,18.5017,7.4734,5.4751,12.4179,11.4361,13.82
2019/6/3 22:48,107.9920,121.5140,136.7820,75.2880,71.1250,80.3570,108.7740,18.5071,7.4750,5.4763,12.4253,11.4380,13.82
2019/6/3 22:49,107.9790,121.5000,136.7710,75.2760,71.1170,80.3480,108.7730,18.5095,7.4725,5.4757,12.4223,11.4368,13.82
2019/6/3 22:50,107.9810,121.5020,136.7710,75.2800,71.1160,80.3440,108.7700,18.5125,7.4720,5.4752,12.4215,11.4373,13.82
2019/6/3 22:51,107.9810,121.5050,136.7800,75.2920,71.1230,80.3500,108.7730,18.5107,7.4718,5.4754,12.4218,11.4379,13.82
2019/6/3 22:52,107.9560,121.4810,136.7520,75.2730,71.1050,80.3270,108.7680,18.5111,7.4701,5.4740,12.4193,11.4356,13.82
2019/6/3 22:53,107.9680,121.4980,136.7640,75.2850,71.1080,80.3290,108.7730,18.5129,7.4709,5.4750,12.4215,11.4373,13.82
2019/6/3 22:54,107.9720,121.4920,136.7600,75.2880,71.1110,80.3330,108.7760,18.5159,7.4722,5.4755,12.4207,11.4364,13.82
2019/6/3 22:55,107.9670,121.4960,136.7630,75.2820,71.1080,80.3340,108.7780,18.5157,7.4718,5.4754,12.4240,11.4373,13.82
2019/6/3 22:56,107.9750,121.5040,136.7670,75.2890,71.1170,80.3360,108.7800,18.5184,7.4718,5.4759,12.4242,11.4382,13.82
2019/6/3 22:57,107.9740,121.5060,136.7700,75.2860,71.1170,80.3380,108.7790,18.5187,7.4709,5.4762,12.4239,11.4382,13.82
2019/6/3 22:58,107.9730,121.5080,136.7720,75.2880,71.1190,80.3380,108.7800,18.5172,7.4705,5.4762,12.4244,11.4388,13.82
2019/6/3 22:59,107.9840,121.5170,136.7860,75.2990,71.1370,80.3480,108.7780,18.5200,7.4743,5.4767,12.4264,11.4393,13.82
2019/6/3 23:00,108.0010,121.5250,136.7990,75.2990,71.1340,80.3560,108.7890,18.5231,7.4754,5.4776,12.4260,11.4403,13.82
2019/6/3 23:01,107.9910,121.5140,136.7830,75.2900,71.1270,80.3470,108.7730,18.5219,7.4722,5.4732,12.4233,11.4392,13.82
2019/6/3 23:02,108.0050,121.5350,136.8000,75.2950,71.1340,80.3570,108.7870,18.5221,7.4730,5.4706,12.4268,11.4415,13.82
2019/6/3 23:03,108.0040,121.5350,136.8000,75.3000,71.1340,80.3590,108.7860,18.5222,7.4731,5.4730,12.4269,11.4412,13.82
2019/6/3 23:04,108.0080,121.5340,136.8040,75.3050,71.1320,80.3600,108.7870,18.5214,7.4735,5.4724,12.4265,11.4410,13.82
2019/6/3 23:05,108.0020,121.5260,136.7940,75.3030,71.1270,80.3560,108.7810,18.5200,7.4729,5.4726,12.4254,11.4403,13.82
2019/6/3 23:06,107.9900,121.5100,136.7800,75.2930,71.1180,80.3480,108.7670,18.5186,7.4714,5.4722,12.4241,11.4388,13.82
2019/6/3 23:07,107.9900,121.5060,136.7770,75.2930,71.1150,80.3460,108.7600,18.5182,7.4713,5.4722,12.4236,11.4385,13.82
2019/6/3 23:08,107.9960,121.5170,136.7900,75.2960,71.1200,80.3520,108.7680,18.5179,7.4717,5.4739,12.4247,11.4395,13.82
2019/6/3 23:09,108.0060,121.5300,136.8010,75.2980,71.1180,80.3590,108.7780,18.5190,7.4724,5.4742,12.4249,11.4407,13.82
2019/6/3 23:10,107.9970,121.5310,136.7910,75.2990,71.1260,80.3510,108.7700,18.5192,7.4719,5.4737,12.4251,11.4409,13.82
2019/6/3 23:11,107.9960,121.5280,136.7910,75.2970,71.1250,80.3510,108.7680,18.5186,7.4718,5.4737,12.4246,11.4404,13.82
2019/6/3 23:12,108.0020,121.5280,136.7950,75.3030,71.1280,80.3560,108.7740,18.5202,7.4722,5.4740,12.4244,11.4404,13.82
2019/6/3 23:13,108.0030,121.5310,136.7970,75.3060,71.1270,80.3560,108.7740,18.5204,7.4723,5.4741,12.4250,11.4408,13.82
2019/6/3 23:14,108.0110,121.5390,136.8070,75.3150,71.1310,80.3640,108.7800,18.5227,7.4728,5.4740,12.4259,11.4415,13.82
2019/6/3 23:15,108.0310,121.5580,136.8200,75.3230,71.1370,80.3780,108.7920,18.5242,7.4742,5.4754,12.4280,11.4433,13.82
2019/6/3 23:16,108.0200,121.5470,136.8070,75.3300,71.1380,80.3760,108.7800,18.5294,7.4747,5.4754,12.4268,11.4424,13.82
2019/6/3 23:17,108.0190,121.5470,136.8050,75.3270,71.1450,80.3750,108.7810,18.5290,7.4748,5.4765,12.4267,11.4421,13.82
2019/6/3 23:18,108.0180,121.5480,136.8050,75.3370,71.1480,80.3740,108.7800,18.5295,7.4747,5.4759,12.4270,11.4425,13.82
2019/6/3 23:19,108.0170,121.5490,136.8030,75.3350,71.1480,80.3730,108.7790,18.5297,7.4739,5.4764,12.4299,11.4427,13.82
2019/6/3 23:20,108.0290,121.5610,136.8190,75.3540,71.1550,80.3880,108.7910,18.5324,7.4749,5.4791,12.4301,11.4437,13.82
2019/6/3 23:21,108.0250,121.5530,136.8160,75.3510,71.1500,80.3790,108.7850,18.5315,7.4743,5.4783,12.4288,11.4431,13.82
2019/6/3 23:22,108.0180,121.5480,136.8090,75.3410,71.1370,80.3800,108.7790,18.5305,7.4738,5.4779,12.4283,11.4423,13.82
2019/6/3 23:23,108.0090,121.5320,136.7920,75.3290,71.1190,80.3630,108.7670,18.5281,7.4732,5.4771,12.4268,11.4410,13.82
2019/6/3 23:24,108.0070,121.5320,136.7930,75.3290,71.1190,80.3650,108.7680,18.5262,7.4731,5.4769,12.4266,11.4408,13.82
2019/6/3 23:25,108.0010,121.5260,136.7840,75.3240,71.1140,80.3560,108.7590,18.5245,7.4726,5.4738,12.4270,11.4404,13.82
2019/6/3 23:26,108.0070,121.5330,136.7930,75.3260,71.1200,80.3610,108.7650,18.5254,7.4731,5.4740,12.4281,11.4404,13.82
2019/6/3 23:27,108.0060,121.5400,136.7920,75.3290,71.1240,80.3650,108.7670,18.5253,7.4731,5.4752,12.4315,11.4412,13.82
2019/6/3 23:28,108.0120,121.5480,136.7990,75.3330,71.1220,80.3640,108.7720,18.5273,7.4733,5.4757,12.4359,11.4421,13.82
2019/6/3 23:29,108.0070,121.5420,136.7900,75.3290,71.1180,80.3610,108.7570,18.5285,7.4728,5.4751,12.4340,11.4414,13.82
2019/6/3 23:30,108.0060,121.5420,136.7820,75.3280,71.1160,80.3600,108.7600,18.5284,7.4727,5.4750,12.4331,11.4410,13.82
2019/6/3 23:31,108.0000,121.5370,136.7770,75.3230,71.1130,80.3580,108.7550,18.5260,7.4725,5.4746,12.4318,11.4408,13.82
2019/6/3 23:32,108.0230,121.5610,136.8110,75.3390,71.1260,80.3740,108.7750,18.5308,7.4733,5.4758,12.4343,11.4428,13.82
2019/6/3 23:33,108.0030,121.5340,136.7780,75.3070,71.1020,80.3580,108.7540,18.5263,7.4711,5.4737,12.4307,11.4403,13.82
2019/6/3 23:34,108.0070,121.5350,136.7820,75.3140,71.1070,80.3610,108.7550,18.5263,7.4713,5.4741,12.4313,11.4406,13.82
2019/6/3 23:35,108.0140,121.5430,136.7900,75.3420,71.1330,80.3710,108.7610,18.5275,7.4717,5.4752,12.4324,11.4414,13.82
2019/6/3 23:36,108.0200,121.5450,136.7970,75.3360,71.1350,80.3700,108.7580,18.5285,7.4724,5.4749,12.4330,11.4420,13.82
2019/6/3 23:37,108.0240,121.5490,136.7960,75.3170,71.1180,80.3660,108.7590,18.5291,7.4724,5.4750,12.4328,11.4418,13.82
2019/6/3 23:38,108.0240,121.5510,136.7910,75.3330,71.1260,80.3720,108.7600,18.5291,7.4724,5.4751,12.4330,11.4420,13.82
2019/6/3 23:39,108.0190,121.5500,136.7970,75.3330,71.1230,80.3750,108.7570,18.5284,7.4723,5.4749,12.4328,11.4421,13.82
2019/6/3 23:40,108.0060,121.5330,136.7770,75.3190,71.1130,80.3610,108.7440,18.5261,7.4713,5.4739,12.4316,11.4407,13.82
2019/6/3 23:41,108.0080,121.5360,136.7800,75.3200,71.1150,80.3660,108.7450,18.5283,7.4714,5.4732,12.4315,11.4411,13.82
2019/6/3 23:42,108.0030,121.5280,136.7750,75.3220,71.1130,80.3620,108.7440,18.5275,7.4710,5.4726,12.4297,11.4406,13.82
2019/6/3 23:43,108.0020,121.5260,136.7750,75.3220,71.1130,80.3620,108.7450,18.5273,7.4709,5.4727,12.4301,11.4403,13.82
2019/6/3 23:44,108.0070,121.5300,136.7810,75.3240,71.1170,80.3670,108.7450,18.5262,7.4714,5.4730,12.4307,11.4402,13.82
2019/6/3 23:45,108.0140,121.5360,136.7890,75.3300,71.1200,80.3760,108.7510,18.5199,7.4717,5.4733,12.4318,11.4407,13.82
2019/6/3 23:46,108.0210,121.5460,136.7970,75.3390,71.1360,80.3810,108.7570,18.5283,7.4722,5.4737,12.4329,11.4416,13.82
2019/6/3 23:47,108.0140,121.5390,136.7920,75.3340,71.1320,80.3770,108.7500,18.5331,7.4717,5.4733,12.4320,11.4411,13.82
2019/6/3 23:48,108.0170,121.5430,136.7920,75.3390,71.1340,80.3780,108.7550,18.5220,7.4719,5.4737,12.4324,11.4411,13.82
2019/6/3 23:49,108.0190,121.5430,136.7950,75.3400,71.1370,80.3810,108.7560,18.5225,7.4719,5.4737,12.4323,11.4413,13.82
2019/6/3 23:50,108.0190,121.5460,136.7970,75.3370,71.1380,80.3790,108.7570,18.5237,7.4719,5.4736,12.4325,11.4418,13.82
2019/6/3 23:51,108.0170,121.5480,136.7950,75.3470,71.1500,80.3830,108.7550,18.5182,7.4716,5.4742,12.4326,11.4417,13.82
2019/6/3 23:52,108.0110,121.5380,136.7850,75.3330,71.1430,80.3790,108.7470,18.5188,7.4713,5.4739,12.4320,11.4412,13.82
2019/6/3 23:53,108.0130,121.5420,136.7880,75.3290,71.1450,80.3810,108.7490,18.5207,7.4714,5.4743,12.4322,11.4412,13.82
2019/6/3 23:54,108.0170,121.5540,136.7930,75.3370,71.1560,80.3890,108.7550,18.5229,7.4725,5.4775,12.4330,11.4422,13.82
2019/6/3 23:55,108.0110,121.5470,136.7900,75.3300,71.1530,80.3840,108.7510,18.5193,7.4721,5.4771,12.4315,11.4416,13.82
2019/6/3 23:56,108.0070,121.5360,136.7800,75.3300,71.1520,80.3760,108.7480,18.5186,7.4717,5.4770,12.4308,11.4410,13.82
2019/6/3 23:57,108.0070,121.5370,136.7790,75.3300,71.1510,80.3760,108.7460,18.5187,7.4703,5.4768,12.4309,11.4411,13.82
2019/6/3 23:58,108.0060,121.5430,136.7870,75.3370,71.1520,80.3790,108.7450,18.5304,7.4711,5.4769,12.4308,11.4414,13.82
2019/6/3 23:59,108.0010,121.5370,136.7820,75.3310,71.1480,80.3700,108.7450,18.5256,7.4709,5.4766,12.4292,11.4410,13.82
2019/6/4 0:00,108.0010,121.5380,136.7810,75.3330,71.1490,80.3750,108.7490,18.5149,7.4708,5.4767,12.4295,11.4409,13.77
2019/6/4 0:01,108.0020,121.5410,136.7790,75.3240,71.1490,80.3760,108.7470,18.5310,7.4718,5.4766,12.4302,11.4415,13.77
2019/6/4 0:02,108.0020,121.5440,136.7800,75.3280,71.1510,80.3740,108.7520,18.5149,7.4717,5.4767,12.4298,11.4416,13.77
2019/6/4 0:03,108.0030,121.5390,136.7730,75.3290,71.1510,80.3770,108.7530,18.5312,7.4724,5.4767,12.4300,11.4411,13.77
2019/6/4 0:04,108.0030,121.5390,136.7750,75.3340,71.1510,80.3770,108.7510,18.5292,7.4724,5.4767,12.4299,11.4402,13.77
2019/6/4 0:05,108.0070,121.5420,136.7700,75.3310,71.1540,80.3800,108.7530,18.5300,7.4727,5.4769,12.4294,11.4408,13.77
2019/6/4 0:06,108.0070,121.5410,136.7670,75.3320,71.1520,80.3810,108.7550,18.5253,7.4716,5.4768,12.4298,11.4405,13.77
2019/6/4 0:07,108.0120,121.5580,136.7740,75.3360,71.1630,80.3870,108.7620,18.5258,7.4731,5.4770,12.4313,11.4421,13.77
2019/6/4 0:08,108.0060,121.5520,136.7700,75.3320,71.1600,80.3810,108.7540,18.5240,7.4727,5.4768,12.4301,11.4418,13.77
2019/6/4 0:09,108.0040,121.5500,136.7770,75.3370,71.1570,80.3810,108.7550,18.5228,7.4725,5.4767,12.4299,11.4422,13.77
2019/6/4 0:10,107.9970,121.5430,136.7670,75.3330,71.1550,80.3770,108.7470,18.5298,7.4721,5.4764,12.4295,11.4408,13.77
2019/6/4 0:11,108.0020,121.5480,136.7730,75.3360,71.1570,80.3820,108.7500,18.5310,7.4724,5.4766,12.4301,11.4415,13.77
2019/6/4 0:12,108.0070,121.5480,136.7810,75.3390,71.1630,80.3840,108.7540,18.5172,7.4727,5.4769,12.4305,11.4412,13.77
2019/6/4 0:13,108.0080,121.5360,136.7750,75.3340,71.1630,80.3800,108.7470,18.5233,7.4727,5.4755,12.4289,11.4403,13.77
2019/6/4 0:14,108.0130,121.5460,136.7770,75.3310,71.1650,80.3840,108.7600,18.5247,7.4729,5.4762,12.4308,11.4404,13.77
2019/6/4 0:15,108.0150,121.5490,136.7790,75.3360,71.1520,80.3860,108.7620,18.5247,7.4717,5.4763,12.4314,11.4404,13.77
2019/6/4 0:16,108.0180,121.5470,136.7940,75.3370,71.1470,80.3870,108.7670,18.5336,7.4719,5.4764,12.4319,11.4416,13.77
2019/6/4 0:17,108.0140,121.5430,136.7810,75.3330,71.1400,80.3800,108.7630,18.5243,7.4718,5.4762,12.4311,11.4409,13.77
2019/6/4 0:18,108.0130,121.5340,136.7740,75.3260,71.1320,80.3790,108.7630,18.5227,7.4715,5.4762,12.4297,11.4390,13.77
2019/6/4 0:19,108.0120,121.5340,136.7740,75.3250,71.1380,80.3790,108.7630,18.5221,7.4715,5.4761,12.4296,11.4396,13.77
2019/6/4 0:20,107.9990,121.5200,136.7600,75.3210,71.1300,80.3730,108.7490,18.5203,7.4708,5.4755,12.4279,11.4381,13.77
2019/6/4 0:21,107.9910,121.5000,136.7480,75.3060,71.1160,80.3630,108.7350,18.5188,7.4704,5.4751,12.4258,11.4361,13.77
2019/6/4 0:22,107.9850,121.4920,136.7420,75.2990,71.1180,80.3520,108.7230,18.5281,7.4701,5.4743,12.4250,11.4356,13.77
2019/6/4 0:23,107.9760,121.4830,136.7410,75.3040,71.1180,80.3470,108.7140,18.5135,7.4695,5.4738,12.4242,11.4350,13.77
2019/6/4 0:24,107.9650,121.4760,136.7310,75.2980,71.1230,80.3420,108.7140,18.5180,7.4691,5.4732,12.4240,11.4342,13.77
2019/6/4 0:25,107.9610,121.4710,136.7220,75.2910,71.1170,80.3390,108.7010,18.5171,7.4695,5.4732,12.4231,11.4339,13.77
2019/6/4 0:26,107.9600,121.4770,136.7310,75.3040,71.1210,80.3390,108.7100,18.5172,7.4693,5.4736,12.4229,11.4343,13.77
2019/6/4 0:27,107.9480,121.4670,136.7160,75.3000,71.1130,80.3360,108.7010,18.5152,7.4692,5.4730,12.4218,11.4332,13.77
2019/6/4 0:28,107.9490,121.4660,136.7220,75.2820,71.1020,80.3360,108.7000,18.5134,7.4694,5.4729,12.4221,11.4340,13.77
2019/6/4 0:29,107.9440,121.4600,136.7130,75.2670,71.0670,80.3290,108.6950,18.5140,7.4693,5.4720,12.4252,11.4335,13.77
2019/6/4 0:30,107.9720,121.5330,136.7800,75.4300,71.1900,80.3750,108.7470,18.5182,7.4711,5.4775,12.4325,11.4507,13.77
2019/6/4 0:31,107.9620,121.5190,136.7670,75.3990,71.1300,80.3520,108.7350,18.5165,7.4697,5.4761,12.4301,11.4483,13.77
2019/6/4 0:32,107.9590,121.5140,136.7740,75.4300,71.1420,80.3500,108.7340,18.5162,7.4700,5.4760,12.4302,11.4474,13.77
2019/6/4 0:33,107.9740,121.5310,136.8040,75.4840,71.1800,80.3660,108.7490,18.5187,7.4713,5.4767,12.4374,11.4490,13.77
2019/6/4 0:34,107.9530,121.5070,136.7750,75.4840,71.1760,80.3520,108.7310,18.5153,7.4698,5.4756,12.4352,11.4445,13.77
2019/6/4 0:35,107.9410,121.4880,136.7580,75.4550,71.1430,80.3360,108.7230,18.5132,7.4686,5.4749,12.4332,11.4436,13.77
2019/6/4 0:36,107.9440,121.4740,136.7420,75.4140,71.1280,80.3330,108.7190,18.5141,7.4699,5.4754,12.4311,11.4425,13.77
2019/6/4 0:37,107.9540,121.4870,136.7550,75.4260,71.1220,80.3410,108.7260,18.5174,7.4733,5.4759,12.4315,11.4428,13.77
2019/6/4 0:38,107.9540,121.4900,136.7550,75.4300,71.1210,80.3450,108.7280,18.5174,7.4715,5.4757,12.4318,11.4426,13.77
2019/6/4 0:39,107.9500,121.4840,136.7500,75.4280,71.1110,80.3430,108.7230,18.5161,7.4698,5.4751,12.4313,11.4426,13.77
2019/6/4 0:40,107.9420,121.4770,136.7400,75.4060,71.1010,80.3350,108.7210,18.5148,7.4713,5.4749,12.4300,11.4387,13.77
2019/6/4 0:41,107.9440,121.4710,136.7270,75.3200,71.0660,80.3230,108.7160,18.5150,7.4708,5.4731,12.4292,11.4390,13.77
2019/6/4 0:42,107.9440,121.4680,136.7250,75.3190,71.0740,80.3250,108.7160,18.5140,7.4710,5.4747,12.4285,11.4385,13.77
2019/6/4 0:43,107.9450,121.4610,136.7210,75.2720,71.0530,80.3170,108.7160,18.5141,7.4710,5.4766,12.4273,11.4370,13.77
2019/6/4 0:44,107.9560,121.4670,136.7370,75.2970,71.0730,80.3230,108.7280,18.5160,7.4719,5.4771,12.4244,11.4369,13.77
2019/6/4 0:45,107.9700,121.4730,136.7430,75.3170,71.0850,80.3280,108.7320,18.5183,7.4727,5.4779,12.4227,11.4375,13.77
2019/6/4 0:46,107.9720,121.4670,136.7480,75.3100,71.0810,80.3210,108.7120,18.5186,7.4729,5.4784,12.4242,11.4371,13.77
2019/6/4 0:47,107.9700,121.4750,136.7510,75.3180,71.0870,80.3220,108.7170,18.5184,7.4731,5.4801,12.4252,11.4382,13.77
2019/6/4 0:48,107.9710,121.4740,136.7530,75.3170,71.0900,80.3220,108.7160,18.5187,7.4729,5.4801,12.4238,11.4379,13.77
2019/6/4 0:49,107.9860,121.4840,136.7750,75.3500,71.1050,80.3380,108.7240,18.5213,7.4747,5.4814,12.4256,11.4394,13.77
2019/6/4 0:50,107.9840,121.4860,136.7730,75.3580,71.1110,80.3380,108.7230,18.5210,7.4750,5.4812,12.4304,11.4402,13.77
2019/6/4 0:51,107.9750,121.4720,136.7540,75.3500,71.0970,80.3300,108.7120,18.5198,7.4741,5.4806,12.4286,11.4387,13.77
2019/6/4 0:52,107.9800,121.4820,136.7630,75.3480,71.0910,80.3340,108.7190,18.5207,7.4745,5.4808,12.4295,11.4396,13.77
2019/6/4 0:53,107.9800,121.4750,136.7550,75.3200,71.0770,80.3290,108.7170,18.5208,7.4741,5.4809,12.4287,11.4389,13.77
2019/6/4 0:54,107.9840,121.4720,136.7490,75.3180,71.0700,80.3310,108.7150,18.5241,7.4738,5.4800,12.4278,11.4383,13.77
2019/6/4 0:55,107.9720,121.4530,136.7360,75.2970,71.0470,80.3170,108.7030,18.5210,7.4729,5.4780,12.4264,11.4366,13.77
2019/6/4 0:56,107.9590,121.4370,136.7190,75.2600,71.0380,80.3040,108.6840,18.5179,7.4717,5.4773,12.4243,11.4348,13.77
2019/6/4 0:57,107.9560,121.4130,136.7050,75.2270,71.0270,80.2980,108.6820,18.5173,7.4694,5.4764,12.4200,11.4322,13.77
2019/6/4 0:58,107.9730,121.4200,136.7120,75.2220,71.0260,80.3060,108.6960,18.5197,7.4694,5.4755,12.4199,11.4329,13.77
2019/6/4 0:59,107.9670,121.4300,136.7060,75.2100,71.0220,80.3020,108.6930,18.5186,7.4689,5.4754,12.4189,11.4331,13.77
2019/6/4 1:00,107.9850,121.4420,136.7200,75.2450,71.0380,80.3160,108.7110,18.5222,7.4696,5.4733,12.4210,11.4349,13.77
2019/6/4 1:01,107.9730,121.4320,136.7090,75.2280,71.0310,80.3070,108.7030,18.5198,7.4687,5.4749,12.4195,11.4335,13.77
2019/6/4 1:02,107.9700,121.4430,136.7270,75.2380,71.0380,80.3040,108.7080,18.5191,7.4694,5.4747,12.4202,11.4346,13.77
2019/6/4 1:03,107.9680,121.4380,136.7230,75.2470,71.0460,80.2980,108.7050,18.5194,7.4695,5.4746,12.4193,11.4341,13.77
2019/6/4 1:04,107.9550,121.4260,136.7070,75.2320,71.0300,80.2830,108.6990,18.5169,7.4686,5.4738,12.4179,11.4331,13.77
2019/6/4 1:05,107.9470,121.4210,136.6980,75.2270,71.0330,80.2770,108.6930,18.5155,7.4680,5.4733,12.4172,11.4327,13.77
2019/6/4 1:06,107.9540,121.4270,136.7080,75.2290,71.0410,80.2820,108.6990,18.5165,7.4684,5.4737,12.4184,11.4324,13.77
2019/6/4 1:07,107.9560,121.4280,136.7410,75.2520,71.0530,80.2940,108.6920,18.5173,7.4690,5.4747,12.4184,11.4322,13.77
2019/6/4 1:08,107.9560,121.4310,136.7430,75.2620,71.0630,80.2950,108.6980,18.5174,7.4684,5.4746,12.4185,11.4323,13.77
2019/6/4 1:09,107.9590,121.4410,136.7460,75.2720,71.0750,80.3010,108.7000,18.5181,7.4683,5.4745,12.4207,11.4333,13.77
2019/6/4 1:10,107.9550,121.4360,136.7380,75.2620,71.0620,80.2920,108.6910,18.5174,7.4681,5.4745,12.4202,11.4329,13.77
2019/6/4 1:11,107.9540,121.4350,136.7370,75.2770,71.0700,80.2980,108.6900,18.5169,7.4683,5.4745,12.4197,11.4333,13.77
2019/6/4 1:12,107.9430,121.4240,136.7250,75.2730,71.0640,80.2890,108.6790,18.5150,7.4679,5.4738,12.4184,11.4327,13.77
2019/6/4 1:13,107.9310,121.4150,136.7090,75.2670,71.0550,80.2800,108.6680,18.5132,7.4672,5.4732,12.4178,11.4315,13.77
2019/6/4 1:14,107.9400,121.4270,136.7210,75.2710,71.0620,80.2880,108.6780,18.5151,7.4678,5.4735,12.4184,11.4320,13.77
2019/6/4 1:15,107.9420,121.4260,136.7210,75.2720,71.0660,80.2880,108.6780,18.5156,7.4705,5.4730,12.4186,11.4322,13.77
2019/6/4 1:16,107.9420,121.4250,136.7180,75.2700,71.0660,80.2890,108.6770,18.5152,7.4705,5.4731,12.4187,11.4322,13.77
2019/6/4 1:17,107.9430,121.4260,136.7210,75.2720,71.0680,80.2890,108.6790,18.5151,7.4701,5.4730,12.4190,11.4323,13.77
2019/6/4 1:18,107.9450,121.4230,136.7130,75.2620,71.0530,80.2840,108.6810,18.5153,7.4657,5.4730,12.4184,11.4318,13.77
2019/6/4 1:19,107.9510,121.4320,136.7310,75.2760,71.0680,80.2890,108.6790,18.5163,7.4680,5.4737,12.4185,11.4329,13.77
2019/6/4 1:20,107.9540,121.4370,136.7350,75.2820,71.0710,80.2920,108.6790,18.5169,7.4680,5.4738,12.4190,11.4334,13.77
2019/6/4 1:21,107.9550,121.4460,136.7470,75.2890,71.0810,80.2990,108.6810,18.5171,7.4683,5.4741,12.4194,11.4339,13.77
2019/6/4 1:22,107.9550,121.4460,136.7480,75.2970,71.0810,80.2990,108.6820,18.5171,7.4689,5.4741,12.4268,11.4370,13.77
2019/6/4 1:23,107.9450,121.4340,136.7340,75.2890,71.0760,80.2900,108.6720,18.5154,7.4682,5.4736,12.4255,11.4348,13.77
2019/6/4 1:24,107.9240,121.4160,136.7190,75.2830,71.0690,80.2800,108.6620,18.5118,7.4668,5.4729,12.4211,11.4330,13.77
2019/6/4 1:25,107.9300,121.4220,136.7240,75.2990,71.0780,80.2840,108.6770,18.5129,7.4675,5.4730,12.4215,11.4337,13.77
2019/6/4 1:26,107.9130,121.4110,136.7050,75.2880,71.0680,80.2730,108.6750,18.5099,7.4663,5.4721,12.4204,11.4327,13.77
2019/6/4 1:27,107.9200,121.4160,136.7120,75.3000,71.0820,80.2790,108.6780,18.5111,7.4669,5.4726,12.4210,11.4333,13.77
2019/6/4 1:28,107.9240,121.4230,136.7200,75.3090,71.0840,80.2850,108.6860,18.5118,7.4673,5.4728,12.4214,11.4338,13.77
2019/6/4 1:29,107.9170,121.4210,136.7290,75.3190,71.0900,80.2810,108.6820,18.5106,7.4669,5.4725,12.4212,11.4336,13.77
2019/6/4 1:30,107.9120,121.4190,136.7270,75.3220,71.0870,80.2820,108.6820,18.5098,7.4665,5.4722,12.4237,11.4332,13.77
2019/6/4 1:31,107.9060,121.4170,136.7180,75.3060,71.0810,80.2770,108.6710,18.5088,7.4660,5.4717,12.4230,11.4328,13.77
2019/6/4 1:32,107.8880,121.3970,136.6970,75.2870,71.0530,80.2590,108.6500,18.5057,7.4647,5.4705,12.4197,11.4310,13.77
2019/6/4 1:33,107.8910,121.4100,136.7060,75.2970,71.0650,80.2720,108.6600,18.5062,7.4648,5.4707,12.4197,11.4320,13.77
2019/6/4 1:34,107.8920,121.4100,136.7080,75.2960,71.0720,80.2720,108.6610,18.5064,7.4650,5.4707,12.4198,11.4318,13.77
2019/6/4 1:35,107.8840,121.4080,136.6920,75.2990,71.0760,80.2730,108.6550,18.5050,7.4644,5.4703,12.4195,11.4315,13.77
2019/6/4 1:36,107.8810,121.4060,136.6990,75.3200,71.0870,80.2700,108.6600,18.5045,7.4645,5.4712,12.4197,11.4312,13.77
2019/6/4 1:37,107.8960,121.4300,136.7300,75.3560,71.1100,80.2880,108.6680,18.5072,7.4700,5.4744,12.4241,11.4341,13.77
2019/6/4 1:38,107.9110,121.4500,136.7560,75.3510,71.1070,80.2970,108.6820,18.5100,7.4714,5.4747,12.4265,11.4361,13.77
2019/6/4 1:39,107.9170,121.4510,136.7570,75.3580,71.1090,80.3020,108.6850,18.5111,7.4735,5.4741,12.4282,11.4362,13.77
2019/6/4 1:40,107.9160,121.4390,136.7410,75.3590,71.1140,80.3030,108.6860,18.5110,7.4733,5.4741,12.4270,11.4352,13.77
2019/6/4 1:41,107.9160,121.4330,136.7350,75.3520,71.0990,80.3010,108.6840,18.5110,7.4729,5.4742,12.4265,11.4350,13.77
2019/6/4 1:42,107.9160,121.4320,136.7300,75.3510,71.0960,80.3010,108.6870,18.5111,7.4727,5.4739,12.4256,11.4354,13.77
2019/6/4 1:43,107.9140,121.4300,136.7240,75.3480,71.0950,80.2990,108.6840,18.5108,7.4725,5.4738,12.4248,11.4357,13.77
2019/6/4 1:44,107.9230,121.4400,136.7400,75.3480,71.0920,80.3070,108.6920,18.5124,7.4728,5.4743,12.4259,11.4368,13.77
2019/6/4 1:45,107.9250,121.4440,136.7450,75.3340,71.0820,80.3030,108.6940,18.5130,7.4742,5.4748,12.4266,11.4368,13.77
2019/6/4 1:46,107.9150,121.4250,136.7390,75.3100,71.0670,80.2900,108.6840,18.5109,7.4735,5.4740,12.4249,11.4352,13.77
2019/6/4 1:47,107.9040,121.3600,136.7040,75.2900,71.0540,80.2760,108.6550,18.5092,7.4696,5.4702,12.4180,11.4285,13.77
2019/6/4 1:48,107.9030,121.3910,136.7140,75.3070,71.0650,80.2840,108.6630,18.5086,7.4717,5.4717,12.4209,11.4316,13.77
2019/6/4 1:49,107.9110,121.3910,136.7190,75.3060,71.0640,80.2910,108.6670,18.5100,7.4721,5.4717,12.4213,11.4321,13.77
2019/6/4 1:50,107.8890,121.3700,136.6930,75.2880,71.0490,80.2750,108.6460,18.5070,7.4706,5.4697,12.4192,11.4301,13.77
2019/6/4 1:51,107.8850,121.3710,136.6940,75.2980,71.0570,80.2710,108.6440,18.5060,7.4680,5.4696,12.4192,11.4302,13.77
2019/6/4 1:52,107.8870,121.3900,136.7070,75.3140,71.0720,80.2740,108.6560,18.5064,7.4691,5.4700,12.4208,11.4320,13.77
2019/6/4 1:53,107.8970,121.4060,136.7280,75.3250,71.0760,80.2870,108.6670,18.5080,7.4721,5.4709,12.4223,11.4333,13.77
2019/6/4 1:54,107.9160,121.4440,136.7750,75.3520,71.1020,80.3070,108.6960,18.5112,7.4720,5.4731,12.4266,11.4369,13.77
2019/6/4 1:55,107.9110,121.4390,136.7450,75.3470,71.0990,80.3040,108.6860,18.5103,7.4728,5.4723,12.4265,11.4365,13.77
2019/6/4 1:56,107.9030,121.4250,136.7240,75.3510,71.1040,80.3020,108.6830,18.5090,7.4723,5.4723,12.4241,11.4352,13.77
2019/6/4 1:57,107.9150,121.4400,136.7380,75.3520,71.1090,80.3110,108.6880,18.5110,7.4738,5.4730,12.4262,11.4365,13.77
2019/6/4 1:58,107.9070,121.4390,136.7260,75.3370,71.0930,80.3050,108.6780,18.5096,7.4728,5.4735,12.4265,11.4364,13.77
2019/6/4 1:59,107.9160,121.4420,136.7500,75.3370,71.0900,80.3110,108.6860,18.5111,7.4734,5.4752,12.4265,11.4367,13.77
2019/6/4 2:00,107.9410,121.4730,136.7640,75.3480,71.1160,80.3320,108.7030,18.5136,7.4747,5.4764,12.4284,11.4395,13.77
2019/6/4 2:01,107.9510,121.4690,136.7580,75.3300,71.1050,80.3390,108.6980,18.5138,7.4746,5.4778,12.4278,11.4391,13.77
2019/6/4 2:02,107.9510,121.4730,136.7750,75.3570,71.1180,80.3570,108.7110,18.5125,7.4761,5.4781,12.4281,11.4391,13.77
2019/6/4 2:03,107.9510,121.4770,136.7740,75.3580,71.1210,80.3550,108.7000,18.5122,7.4758,5.4780,12.4275,11.4395,13.77
2019/6/4 2:04,107.9730,121.4650,136.7710,75.3380,71.0940,80.3590,108.7050,18.5147,7.4724,5.4746,12.4266,11.4386,13.77
2019/6/4 2:05,107.9620,121.4650,136.7570,75.3380,71.0910,80.3410,108.6900,18.5139,7.4724,5.4739,12.4237,11.4386,13.77
2019/6/4 2:06,107.9470,121.4420,136.7460,75.3250,71.0770,80.3300,108.6890,18.5114,7.4747,5.4728,12.4217,11.4364,13.77
2019/6/4 2:07,107.9510,121.4450,136.7540,75.3350,71.0830,80.3320,108.6890,18.5121,7.4753,5.4733,12.4219,11.4368,13.77
2019/6/4 2:08,107.9440,121.4190,136.7230,75.2940,71.0570,80.3170,108.6760,18.5002,7.4722,5.4717,12.4186,11.4344,13.77
2019/6/4 2:09,107.9360,121.4280,136.7200,75.3050,71.0640,80.3100,108.6930,18.5132,7.4736,5.4713,12.4195,11.4325,13.77
2019/6/4 2:10,107.9150,121.4460,136.7090,75.2890,71.0560,80.3020,108.6970,18.4990,7.4733,5.4713,12.4210,11.4342,13.77
2019/6/4 2:11,107.9170,121.4530,136.7310,75.3040,71.0750,80.3190,108.7000,18.5006,7.4763,5.4712,12.4224,11.4350,13.77
2019/6/4 2:12,107.9010,121.4540,136.7270,75.3020,71.0690,80.3080,108.7160,18.5021,7.4767,5.4699,12.4231,11.4350,13.77
2019/6/4 2:13,107.8980,121.4650,136.7480,75.3010,71.0780,80.3110,108.7210,18.5066,7.4753,5.4707,12.4226,11.4354,13.77
2019/6/4 2:14,107.8930,121.4690,136.7680,75.3050,71.0860,80.3080,108.7230,18.5063,7.4749,5.4707,12.4228,11.4346,13.77
2019/6/4 2:15,107.8800,121.4880,136.8010,75.3100,71.0950,80.3030,108.7300,18.5046,7.4751,5.4707,12.4243,11.4363,13.77
2019/6/4 2:16,107.8800,121.4900,136.8060,75.3180,71.1000,80.3120,108.7400,18.5020,7.4763,5.4711,12.4267,11.4363,13.77
2019/6/4 2:17,107.8760,121.4950,136.8320,75.3410,71.1200,80.3210,108.7330,18.4969,7.4793,5.4738,12.4286,11.4369,13.77
2019/6/4 2:18,107.8740,121.4720,136.7970,75.3240,71.1100,80.3080,108.7660,18.4941,7.4781,5.4706,12.4246,11.4349,13.77
2019/6/4 2:19,107.8770,121.4730,136.7850,75.3390,71.1200,80.3170,108.7700,18.4945,7.4782,5.4711,12.4251,11.4348,13.77
2019/6/4 2:20,107.8780,121.4790,136.7970,75.3380,71.1210,80.3180,108.7720,18.4818,7.4809,5.4716,12.4253,11.4347,13.77
2019/6/4 2:21,107.8860,121.4760,136.7740,75.3350,71.1240,80.3250,108.7680,18.4814,7.4810,5.4713,12.4250,11.4349,13.77
2019/6/4 2:22,107.8820,121.4600,136.7680,75.3290,71.1170,80.3200,108.7820,18.4440,7.4754,5.4691,12.4227,11.4306,13.77
2019/6/4 2:23,107.8580,121.4300,136.7340,75.3020,71.1030,80.3030,108.7640,18.4390,7.4735,5.4675,12.4177,11.4267,13.77
2019/6/4 2:24,107.8730,121.4520,136.7590,75.3070,71.1020,80.3130,108.7980,18.4398,7.4694,5.4646,12.4200,11.4273,13.77
2019/6/4 2:25,107.8750,121.4480,136.7860,75.3150,71.1120,80.3150,108.7830,18.4380,7.4757,5.4657,12.4214,11.4279,13.77
2019/6/4 2:26,107.8970,121.4680,136.7870,75.3310,71.1290,80.3260,108.7800,18.4167,7.4761,5.4639,12.4222,11.4296,13.77
2019/6/4 2:27,107.8940,121.4560,136.7640,75.3240,71.1230,80.3150,108.7700,18.4227,7.4729,5.4633,12.4198,11.4286,13.77
2019/6/4 2:28,107.9080,121.4670,136.7820,75.3260,71.1180,80.3290,108.7570,18.4201,7.4717,5.4640,12.4235,11.4301,13.77
2019/6/4 2:29,107.9100,121.4590,136.7750,75.3130,71.1170,80.3190,108.7470,18.4167,7.4719,5.4642,12.4211,11.4288,13.77
2019/6/4 2:30,107.9160,121.4610,136.7690,75.3170,71.1260,80.3140,108.7530,18.4176,7.4698,5.4646,12.4212,11.4281,13.77
2019/6/4 2:31,107.9310,121.4720,136.7740,75.3210,71.1310,80.3330,108.7500,18.4219,7.4704,5.4631,12.4228,11.4294,13.77
2019/6/4 2:32,107.9310,121.4600,136.7440,75.3150,71.1300,80.3300,108.7380,18.4244,7.4674,5.4622,12.4191,11.4252,13.77
2019/6/4 2:33,107.9370,121.4570,136.7190,75.3100,71.1220,80.3300,108.7340,18.4380,7.4690,5.4603,12.4161,11.4251,13.77
2019/6/4 2:34,107.9470,121.4650,136.7320,75.3170,71.1300,80.3430,108.7390,18.4477,7.4707,5.4583,12.4191,11.4272,13.77
2019/6/4 2:35,107.9340,121.4700,136.7510,75.3130,71.1320,80.3330,108.7430,18.4481,7.4739,5.4626,12.4196,11.4281,13.77
2019/6/4 2:36,107.9060,121.4620,136.7490,75.2940,71.1160,80.3120,108.7330,18.4429,7.4719,5.4608,12.4189,11.4292,13.77
2019/6/4 2:37,107.9070,121.4450,136.7500,75.2820,71.1130,80.3070,108.7260,18.4397,7.4696,5.4602,12.4176,11.4276,13.77
2019/6/4 2:38,107.9160,121.4600,136.7730,75.2980,71.1210,80.3190,108.7380,18.4413,7.4715,5.4614,12.4183,11.4288,13.77
2019/6/4 2:39,107.9130,121.4760,136.7760,75.3100,71.1300,80.3220,108.7470,18.4425,7.4727,5.4626,12.4210,11.4305,13.77
2019/6/4 2:40,107.8910,121.4630,136.7530,75.3010,71.1240,80.3050,108.7370,18.4361,7.4752,5.4621,12.4195,11.4294,13.77
2019/6/4 2:41,107.8900,121.4690,136.7700,75.3010,71.1240,80.2990,108.7390,18.4362,7.4773,5.4636,12.4194,11.4298,13.77
2019/6/4 2:42,107.8970,121.4790,136.7780,75.2990,71.1280,80.3050,108.7490,18.4395,7.4777,5.4638,12.4199,11.4308,13.77
2019/6/4 2:43,107.8910,121.4720,136.7730,75.2940,71.1230,80.2990,108.7410,18.4404,7.4789,5.4635,12.4199,11.4291,13.77
2019/6/4 2:44,107.8910,121.4780,136.7690,75.3030,71.1280,80.3100,108.7400,18.4505,7.4811,5.4639,12.4200,11.4260,13.77
2019/6/4 2:45,107.8830,121.4890,136.7740,75.3130,71.1380,80.3160,108.7530,18.4492,7.4835,5.4647,12.4192,11.4271,13.77
2019/6/4 2:46,107.8980,121.5190,136.8040,75.3280,71.1500,80.3330,108.7590,18.4525,7.4843,5.4663,12.4223,11.4300,13.77
2019/6/4 2:47,107.8980,121.5060,136.8000,75.3150,71.1320,80.3270,108.7540,18.4520,7.4836,5.4641,12.4195,11.4289,13.77
2019/6/4 2:48,107.8850,121.4940,136.7870,75.3130,71.1250,80.3230,108.7560,18.4499,7.4813,5.4635,12.4176,11.4277,13.77
2019/6/4 2:49,107.8840,121.5310,136.7880,75.3290,71.1380,80.3220,108.7580,18.4486,7.4850,5.4646,12.4220,11.4313,13.77
2019/6/4 2:50,107.8600,121.5560,136.8140,75.3310,71.1470,80.3200,108.7800,18.4454,7.4860,5.4649,12.4230,11.4336,13.77
2019/6/4 2:51,107.8630,121.5530,136.8090,75.3250,71.1350,80.3170,108.7850,18.4464,7.4816,5.4637,12.4209,11.4332,13.77
2019/6/4 2:52,107.8680,121.5540,136.8180,75.3330,71.1430,80.3190,108.7730,18.4466,7.4811,5.4644,12.4241,11.4335,13.77
2019/6/4 2:53,107.8860,121.5820,136.8390,75.3490,71.1580,80.3340,108.8010,18.4494,7.4822,5.4653,12.4266,11.4358,13.77
2019/6/4 2:54,107.8810,121.5730,136.7940,75.3370,71.1530,80.3260,108.7960,18.4493,7.4818,5.4656,12.4249,11.4343,13.77
2019/6/4 2:55,107.8660,121.5360,136.7680,75.3160,71.1380,80.3050,108.7810,18.4461,7.4791,5.4649,12.4197,11.4312,13.77
2019/6/4 2:56,107.8720,121.5360,136.7630,75.3140,71.1350,80.3020,108.7740,18.4475,7.4771,5.4642,12.4197,11.4312,13.77
2019/6/4 2:57,107.8790,121.5470,136.7830,75.3210,71.1430,80.3130,108.7820,18.4511,7.4787,5.4651,12.4215,11.4324,13.77
2019/6/4 2:58,107.9070,121.5650,136.8100,75.3330,71.1510,80.3450,108.7920,18.4573,7.4809,5.4662,12.4247,11.4341,13.77
2019/6/4 2:59,107.9030,121.5450,136.8090,75.3290,71.1460,80.3320,108.7930,18.4565,7.4796,5.4668,12.4224,11.4323,13.77
2019/6/4 3:00,107.8990,121.5700,136.8370,75.3430,71.1670,80.3330,108.8280,18.4550,7.4839,5.4670,12.4251,11.4345,13.77
2019/6/4 3:01,107.8880,121.5700,136.8260,75.3440,71.1660,80.3190,108.8400,18.4859,7.4839,5.4662,12.4232,11.4346,13.77
2019/6/4 3:02,107.8850,121.5860,136.8490,75.3550,71.1810,80.3170,108.8670,18.5031,7.4834,5.4660,12.4271,11.4360,13.77
2019/6/4 3:03,107.8880,121.5950,136.8120,75.3540,71.1700,80.3190,108.8690,18.4947,7.4842,5.4658,12.4309,11.4386,13.77
2019/6/4 3:04,107.8780,121.6010,136.8270,75.3650,71.1810,80.3180,108.8660,18.4924,7.4835,5.4654,12.4314,11.4387,13.77
2019/6/4 3:05,107.8830,121.6120,136.8370,75.3730,71.1920,80.3270,108.8930,18.4928,7.4839,5.4656,12.4332,11.4408,13.77
2019/6/4 3:06,107.8860,121.6230,136.8440,75.3770,71.2040,80.3390,108.9070,18.4797,7.4869,5.4658,12.4365,11.4429,13.77
2019/6/4 3:07,107.8580,121.6150,136.8160,75.3750,71.2020,80.3340,108.9060,18.4938,7.4855,5.4651,12.4363,11.4437,13.77
2019/6/4 3:08,107.8860,121.6360,136.8630,75.3950,71.2230,80.3530,108.8950,18.4976,7.4864,5.4663,12.4399,11.4446,13.77
2019/6/4 3:09,107.8850,121.6290,136.8540,75.3990,71.2190,80.3600,108.8720,18.5020,7.4877,5.4668,12.4411,11.4430,13.77
2019/6/4 3:10,107.8840,121.6390,136.8530,75.4060,71.2300,80.3570,108.8800,18.4964,7.4862,5.4667,12.4393,11.4444,13.77
2019/6/4 3:11,107.9020,121.6670,136.8620,75.4060,71.2320,80.3670,108.9080,18.4962,7.4874,5.4676,12.4408,11.4476,13.77
2019/6/4 3:12,107.9260,121.6910,136.9010,75.4360,71.2560,80.3910,108.8840,18.5229,7.4924,5.4693,12.4455,11.4508,13.77
2019/6/4 3:13,107.9270,121.6860,136.9030,75.4290,71.2510,80.3920,108.9160,18.5306,7.4932,5.4707,12.4474,11.4521,13.77
2019/6/4 3:14,107.9510,121.6890,136.9150,75.4320,71.2530,80.4160,108.9180,18.5380,7.4932,5.4727,12.4479,11.4465,13.77
2019/6/4 3:15,107.9680,121.7110,136.9530,75.4480,71.2670,80.4290,108.9360,18.5257,7.4934,5.4733,12.4526,11.4493,13.77
2019/6/4 3:16,107.9660,121.7040,136.9310,75.4400,71.2620,80.4260,108.9330,18.5305,7.4917,5.4730,12.4510,11.4493,13.77
2019/6/4 3:17,107.9590,121.6900,136.9110,75.4410,71.2570,80.4270,108.9160,18.5304,7.4913,5.4728,12.4489,11.4477,13.77
2019/6/4 3:18,107.9550,121.6670,136.8890,75.4260,71.2470,80.4230,108.8890,18.5297,7.4855,5.4724,12.4467,11.4452,13.77
2019/6/4 3:19,107.9500,121.6640,136.9000,75.4280,71.2480,80.4190,108.8830,18.5252,7.4868,5.4722,12.4472,11.4466,13.77
2019/6/4 3:20,107.9420,121.6820,136.9070,75.4280,71.2520,80.4190,108.8860,18.5269,7.4884,5.4717,12.4484,11.4483,13.77
2019/6/4 3:21,107.9630,121.7050,136.9290,75.4420,71.2720,80.4410,108.8960,18.5331,7.4898,5.4729,12.4555,11.4530,13.77
2019/6/4 3:22,107.9620,121.7200,136.9090,75.4480,71.2730,80.4420,108.9100,18.5252,7.4899,5.4725,12.4531,11.4526,13.77
2019/6/4 3:23,107.9620,121.7190,136.8510,75.4470,71.2720,80.4350,108.9060,18.5238,7.4854,5.4719,12.4521,11.4528,13.77
2019/6/4 3:24,107.9490,121.6930,136.8380,75.4280,71.2650,80.4080,108.9370,18.5217,7.4860,5.4699,12.4480,11.4489,13.77
2019/6/4 3:25,107.9440,121.6750,136.8280,75.4190,71.2510,80.4050,108.9140,18.5202,7.4848,5.4694,12.4471,11.4475,13.77
2019/6/4 3:26,107.9560,121.6790,136.8450,75.4230,71.2250,80.4170,108.9040,18.5211,7.4905,5.4696,12.4474,11.4475,13.77
2019/6/4 3:27,107.9440,121.6620,136.8320,75.4080,71.2230,80.4040,108.8880,18.5183,7.4872,5.4686,12.4459,11.4461,13.77
2019/6/4 3:28,107.9540,121.6670,136.8300,75.3790,71.2080,80.4070,108.8750,18.5194,7.4863,5.4690,12.4466,11.4464,13.77
2019/6/4 3:29,107.9740,121.6880,136.8470,75.4220,71.2220,80.4210,108.9030,18.5237,7.4913,5.4721,12.4564,11.4527,13.77
2019/6/4 3:30,107.9780,121.6890,136.8760,75.4250,71.2270,80.4240,108.8860,18.5237,7.4927,5.4742,12.4511,11.4624,13.77
2019/6/4 3:31,107.9860,121.6750,136.8510,75.4210,71.2290,80.4470,108.8750,18.5252,7.4936,5.4730,12.4546,11.4618,13.77
2019/6/4 3:32,107.9970,121.6850,136.8840,75.4290,71.2370,80.4610,108.8360,18.5275,7.4954,5.4744,12.4574,11.4622,13.77
2019/6/4 3:33,107.9900,121.6740,136.8810,75.4160,71.2320,80.4500,108.8200,18.5263,7.4941,5.4744,12.4557,11.4601,13.77
2019/6/4 3:34,108.0010,121.6850,136.8930,75.4220,71.2330,80.4510,108.8030,18.5208,7.4952,5.4770,12.4567,11.4614,13.77
2019/6/4 3:35,107.9730,121.6750,136.8650,75.4190,71.2320,80.4260,108.7940,18.5126,7.4969,5.4755,12.4554,11.4604,13.77
2019/6/4 3:36,107.9630,121.6480,136.8350,75.3850,71.2050,80.4160,108.7570,18.5145,7.4940,5.4746,12.4514,11.4523,13.77
2019/6/4 3:37,107.9540,121.6450,136.8310,75.3910,71.2090,80.4120,108.7460,18.5138,7.4925,5.4754,12.4512,11.4545,13.77
2019/6/4 3:38,107.9630,121.6530,136.8360,75.3940,71.2120,80.4150,108.7810,18.5157,7.4926,5.4752,12.4525,11.4548,13.77
2019/6/4 3:39,107.9660,121.6510,136.8370,75.3980,71.2160,80.4220,108.7790,18.5158,7.4916,5.4749,12.4496,11.4546,13.77
2019/6/4 3:40,107.9540,121.6550,136.8270,75.3900,71.2120,80.4100,108.7790,18.5138,7.4891,5.4725,12.4495,11.4525,13.77
2019/6/4 3:41,107.9550,121.6390,136.7940,75.3830,71.2090,80.4080,108.7590,18.5135,7.4893,5.4725,12.4512,11.4515,13.77
2019/6/4 3:42,107.9620,121.6430,136.7900,75.3910,71.2090,80.4090,108.7750,18.5161,7.4883,5.4721,12.4498,11.4517,13.77
2019/6/4 3:43,107.9800,121.6560,136.7840,75.3960,71.2130,80.4200,108.7940,18.5181,7.4886,5.4735,12.4510,11.4529,13.77
2019/6/4 3:44,107.9750,121.6630,136.8120,75.3840,71.1990,80.4120,108.7920,18.5177,7.4881,5.4734,12.4492,11.4510,13.77
2019/6/4 3:45,107.9840,121.6770,136.8370,75.4020,71.2160,80.4230,108.7880,18.5177,7.4904,5.4760,12.4529,11.4536,13.77
2019/6/4 3:46,107.9970,121.6780,136.8590,75.4010,71.2130,80.4290,108.7670,18.5198,7.4921,5.4776,12.4515,11.4534,13.77
2019/6/4 3:47,107.9990,121.6700,136.8480,75.4030,71.2150,80.4340,108.7490,18.5192,7.4889,5.4807,12.4516,11.4534,13.77
2019/6/4 3:48,107.9940,121.6610,136.8300,75.3990,71.2120,80.4360,108.7440,18.5193,7.4896,5.4796,12.4509,11.4526,13.77
2019/6/4 3:49,108.0030,121.6610,136.8180,75.4130,71.2170,80.4430,108.7620,18.5232,7.4932,5.4805,12.4514,11.4536,13.77
2019/6/4 3:50,108.0350,121.6940,136.8320,75.4340,71.2320,80.4700,108.7810,18.5373,7.4990,5.4848,12.4549,11.4565,13.77
2019/6/4 3:51,108.0230,121.6830,136.8120,75.4010,71.2110,80.4520,108.7730,18.5367,7.4957,5.4835,12.4526,11.4545,13.77
2019/6/4 3:52,108.0080,121.6950,136.8230,75.3940,71.2110,80.4400,108.7680,18.5338,7.4940,5.4811,12.4495,11.4538,13.77
2019/6/4 3:53,108.0150,121.7140,136.8350,75.4230,71.2250,80.4520,108.7870,18.5343,7.4948,5.4815,12.4514,11.4559,13.77
2019/6/4 3:54,108.0160,121.7090,136.8140,75.4310,71.2270,80.4520,108.7980,18.5346,7.4951,5.4815,12.4514,11.4552,13.77
2019/6/4 3:55,108.0400,121.7230,136.7780,75.4260,71.2260,80.4640,108.8050,18.5383,7.4965,5.4828,12.4529,11.4551,13.77
2019/6/4 3:56,108.0570,121.7240,136.7510,75.4170,71.2230,80.4720,108.7980,18.5388,7.4926,5.4819,12.4500,11.4534,13.77
2019/6/4 3:57,108.0680,121.7220,136.7700,75.4080,71.2180,80.4810,108.7690,18.5409,7.4877,5.4833,12.4482,11.4499,13.77
2019/6/4 3:58,108.0470,121.6830,136.7510,75.3880,71.2030,80.4540,108.7630,18.5397,7.4877,5.4816,12.4412,11.4457,13.77
2019/6/4 3:59,108.0460,121.6910,136.7570,75.3850,71.1960,80.4530,108.7630,18.5398,7.4849,5.4805,12.4428,11.4459,13.77
2019/6/4 4:00,108.0510,121.6880,136.7520,75.3810,71.2090,80.4520,108.7570,18.5387,7.4817,5.4780,12.4358,11.4448,13.77
2019/6/4 4:01,108.0530,121.6890,136.7550,75.3870,71.2090,80.4430,108.7590,18.5356,7.4805,5.4774,12.4365,11.4443,13.77
2019/6/4 4:02,108.0230,121.6660,136.7480,75.3760,71.2030,80.4100,108.7500,18.5321,7.4803,5.4770,12.4395,11.4448,13.77
2019/6/4 4:03,108.0230,121.6630,136.7570,75.3680,71.1890,80.4100,108.7510,18.5321,7.4764,5.4767,12.4396,11.4430,13.77
2019/6/4 4:04,108.0210,121.6610,136.7530,75.3650,71.1900,80.4130,108.7630,18.5166,7.4786,5.4777,12.4390,11.4430,13.77
2019/6/4 4:05,108.0220,121.6490,136.6890,75.3570,71.1910,80.4140,108.7770,18.4969,7.4780,5.4779,12.4379,11.4401,13.77
2019/6/4 4:06,108.0250,121.6390,136.6830,75.3590,71.1890,80.4160,108.7860,18.5046,7.4802,5.4793,12.4362,11.4384,13.77
2019/6/4 4:07,108.0370,121.6800,136.7450,75.3890,71.2110,80.4300,108.8230,18.5032,7.4850,5.4809,12.4404,11.4433,13.77
2019/6/4 4:08,108.0390,121.6850,136.7470,75.3920,71.2140,80.4280,108.8390,18.5049,7.4853,5.4830,12.4397,11.4441,13.77
2019/6/4 4:09,108.0380,121.6680,136.7150,75.3860,71.2100,80.4300,108.8360,18.5043,7.4859,5.4823,12.4377,11.4418,13.77
2019/6/4 4:10,108.0360,121.6440,136.7030,75.3770,71.2010,80.4200,108.8130,18.5045,7.4900,5.4819,12.4320,11.4393,13.77
2019/6/4 4:11,108.0310,121.6310,136.7170,75.3810,71.1990,80.4160,108.7960,18.5038,7.4913,5.4826,12.4297,11.4354,13.77
2019/6/4 4:12,108.0230,121.6260,136.7080,75.3770,71.1940,80.4080,108.8010,18.5138,7.4881,5.4827,12.4285,11.4347,13.77
2019/6/4 4:13,108.0120,121.6270,136.7100,75.3810,71.1920,80.4010,108.8170,18.5171,7.4899,5.4825,12.4266,11.4351,13.77
2019/6/4 4:14,108.0130,121.6490,136.7120,75.3890,71.1990,80.4130,108.8420,18.5172,7.4928,5.4826,12.4286,11.4376,13.77
2019/6/4 4:15,108.0250,121.6550,136.7260,75.3980,71.1980,80.4220,108.8230,18.5254,7.4925,5.4833,12.4270,11.4394,13.77
2019/6/4 4:16,108.0060,121.6480,136.7140,75.3860,71.1880,80.4080,108.8200,18.5241,7.4922,5.4838,12.4264,11.4386,13.77
2019/6/4 4:17,108.0260,121.6600,136.7330,75.3990,71.2020,80.4220,108.8240,18.5263,7.4918,5.4842,12.4267,11.4391,13.77
2019/6/4 4:18,108.0250,121.6460,136.7100,75.3980,71.2000,80.4160,108.8250,18.5280,7.4908,5.4852,12.4297,11.4399,13.77
2019/6/4 4:19,108.0360,121.6400,136.7180,75.4050,71.2060,80.4240,108.8210,18.5308,7.4935,5.4869,12.4305,11.4419,13.77
2019/6/4 4:20,108.0320,121.6360,136.7220,75.3990,71.2010,80.4160,108.8180,18.5293,7.4922,5.4871,12.4273,11.4418,13.77
2019/6/4 4:21,108.0240,121.6200,136.7390,75.3970,71.2060,80.4100,108.8150,18.5281,7.4914,5.4849,12.4288,11.4420,13.77
2019/6/4 4:22,108.0270,121.6230,136.7290,75.4080,71.2070,80.4150,108.8300,18.5288,7.4914,5.4846,12.4251,11.4419,13.77
2019/6/4 4:23,108.0230,121.6150,136.7300,75.4100,71.2060,80.4140,108.8230,18.5276,7.4906,5.4837,12.4250,11.4450,13.77
2019/6/4 4:24,108.0350,121.6160,136.7370,75.4090,71.2020,80.4240,108.8230,18.5303,7.4909,5.4837,12.4266,11.4443,13.77
2019/6/4 4:25,108.0370,121.6220,136.7470,75.4260,71.2150,80.4240,108.8240,18.5308,7.4908,5.4840,12.4272,11.4470,13.77
2019/6/4 4:26,108.0520,121.6350,136.7640,75.4350,71.2240,80.4300,108.8410,18.5329,7.4908,5.4872,12.4304,11.4492,13.77
2019/6/4 4:27,108.0560,121.6380,136.7640,75.4450,71.2270,80.4390,108.8380,18.5349,7.4888,5.4884,12.4326,11.4512,13.77
2019/6/4 4:28,108.0490,121.6330,136.7580,75.4460,71.2230,80.4380,108.8530,18.5436,7.4903,5.4893,12.4330,11.4503,13.77
2019/6/4 4:29,108.0420,121.6290,136.7170,75.4430,71.2210,80.4270,108.8460,18.5522,7.4917,5.4888,12.4322,11.4501,13.77
2019/6/4 4:30,108.0380,121.6350,136.7650,75.4450,71.2240,80.4290,108.8510,18.5542,7.4904,5.4892,12.4314,11.4499,13.77
2019/6/4 4:31,108.0480,121.6450,136.7760,75.4470,71.2300,80.4350,108.8350,18.5642,7.4896,5.4909,12.4311,11.4511,13.77
2019/6/4 4:32,108.0500,121.6490,136.7520,75.4440,71.2300,80.4360,108.8620,18.5714,7.4903,5.4924,12.4314,11.4524,13.77
2019/6/4 4:33,108.0440,121.6210,136.7710,75.4440,71.2230,80.4360,108.8490,18.5612,7.4875,5.4908,12.4306,11.4523,13.77
2019/6/4 4:34,108.0460,121.6450,136.7950,75.4430,71.2240,80.4370,108.8600,18.5647,7.4907,5.4923,12.4326,11.4551,13.77
2019/6/4 4:35,108.0570,121.6510,136.7990,75.4500,71.2370,80.4510,108.8620,18.5654,7.4921,5.4934,12.4341,11.4570,13.77
2019/6/4 4:36,108.0570,121.6260,136.7690,75.4430,71.2280,80.4430,108.8420,18.5691,7.4917,5.4938,12.4334,11.4551,13.77
2019/6/4 4:37,108.0760,121.6250,136.7630,75.4450,71.2290,80.4580,108.8410,18.5720,7.4924,5.4936,12.4333,11.4558,13.77
2019/6/4 4:38,108.0870,121.6110,136.7500,75.4420,71.2370,80.4630,108.8270,18.5745,7.4897,5.4928,12.4316,11.4536,13.77
2019/6/4 4:39,108.1010,121.6330,136.7620,75.4460,71.2450,80.4760,108.8180,18.5785,7.4922,5.4965,12.4342,11.4553,13.77
2019/6/4 4:40,108.1040,121.6190,136.7580,75.4440,71.2370,80.4800,108.8120,18.5830,7.4922,5.4961,12.4332,11.4543,13.77
2019/6/4 4:41,108.1100,121.6190,136.7460,75.4490,71.2410,80.4820,108.8060,18.5834,7.4917,5.4967,12.4340,11.4536,13.77
2019/6/4 4:42,108.1390,121.6400,136.7530,75.4570,71.2470,80.5040,108.8150,18.5887,7.4922,5.4982,12.4356,11.4555,13.77
2019/6/4 4:43,108.1550,121.6320,136.7620,75.4630,71.2450,80.5090,108.8140,18.5943,7.4917,5.5012,12.4347,11.4548,13.77
2019/6/4 4:44,108.1550,121.6430,136.7760,75.4640,71.2440,80.5090,108.8240,18.5924,7.4904,5.5003,12.4356,11.4541,13.77
2019/6/4 4:45,108.1400,121.6160,136.7300,75.4390,71.2280,80.4910,108.8010,18.5898,7.4892,5.5007,12.4337,11.4522,13.77
2019/6/4 4:46,108.1590,121.6420,136.7540,75.4550,71.2330,80.5180,108.8110,18.5927,7.4928,5.5037,12.4426,11.4549,13.77
2019/6/4 4:47,108.1560,121.6370,136.7480,75.4460,71.2330,80.5080,108.8310,18.5911,7.4939,5.5020,12.4401,11.4570,13.77
2019/6/4 4:48,108.1350,121.6160,136.7340,75.4350,71.2210,80.4870,108.8350,18.5880,7.4907,5.5004,12.4381,11.4537,13.77
2019/6/4 4:49,108.1580,121.6400,136.7520,75.4470,71.2290,80.5030,108.8430,18.5873,7.4926,5.5027,12.4409,11.4561,13.77
2019/6/4 4:50,108.1580,121.6250,136.7530,75.4480,71.2300,80.5040,108.8360,18.5900,7.4931,5.5019,12.4390,11.4559,13.77
2019/6/4 4:51,108.1590,121.6290,136.7770,75.4460,71.2290,80.5040,108.8550,18.5949,7.4952,5.5024,12.4405,11.4576,13.77
2019/6/4 4:52,108.1510,121.6170,136.7800,75.4420,71.2260,80.4970,108.8500,18.5942,7.4943,5.5014,12.4402,11.4551,13.77
2019/6/4 4:53,108.1580,121.6090,136.7710,75.4400,71.2240,80.5030,108.8340,18.5975,7.4953,5.5019,12.4402,11.4562,13.77
2019/6/4 4:54,108.1400,121.6000,136.7560,75.4390,71.2280,80.4860,108.8280,18.5970,7.4941,5.5017,12.4400,11.4553,13.77
2019/6/4 4:55,108.1340,121.6160,136.7700,75.4360,71.2240,80.4870,108.8210,18.6077,7.4960,5.5013,12.4415,11.4557,13.77
2019/6/4 4:56,108.1360,121.6070,136.7720,75.4400,71.2260,80.4880,108.7900,18.6089,7.4962,5.5014,12.4402,11.4548,13.77
2019/6/4 4:57,108.1360,121.6150,136.7820,75.4440,71.2250,80.4890,108.7980,18.6090,7.4921,5.5014,12.4413,11.4578,13.77
2019/6/4 4:58,108.1310,121.6230,136.7980,75.4440,71.2210,80.4920,108.7860,18.6084,7.4928,5.5011,12.4419,11.4608,13.77
2019/6/4 4:59,108.1350,121.6280,136.7980,75.4440,71.2220,80.4920,108.7760,18.6098,7.4930,5.5013,12.4382,11.4625,13.77
2019/6/4 5:00,108.1310,121.6370,136.8270,75.4490,71.2290,80.4880,108.7490,18.6140,7.4932,5.5018,12.4470,11.4650,13.77
2019/6/4 5:01,108.1360,121.6490,136.8390,75.4520,71.2330,80.4980,108.7670,18.6123,7.4936,5.5016,12.4471,11.4672,13.77
2019/6/4 5:02,108.1360,121.6700,136.8380,75.4540,71.2370,80.4920,108.7670,18.6125,7.4933,5.5015,12.4483,11.4656,13.77
2019/6/4 5:03,108.1420,121.6560,136.8760,75.4490,71.2360,80.4960,108.7650,18.6078,7.4917,5.5008,12.4464,11.4652,13.77
2019/6/4 5:04,108.1530,121.6380,136.8770,75.4490,71.2290,80.5050,108.7650,18.5921,7.4891,5.5001,12.4427,11.4625,13.77
2019/6/4 5:05,108.1530,121.6580,136.9050,75.4540,71.2380,80.5000,108.7790,18.5826,7.4862,5.4987,12.4443,11.4653,13.77
2019/6/4 5:06,108.1530,121.6460,136.9050,75.4500,71.2330,80.5060,108.7550,18.5801,7.4870,5.4976,12.4478,11.4703,13.77
2019/6/4 5:07,108.1540,121.6290,136.8940,75.4410,71.2280,80.5040,108.7590,18.5925,7.4878,5.4971,12.4446,11.4693,13.77
2019/6/4 5:08,108.1520,121.6390,136.8770,75.4470,71.2310,80.5080,108.7650,18.5917,7.4850,5.4971,12.4458,11.4730,13.77
2019/6/4 5:09,108.1540,121.6420,136.8810,75.4360,71.2250,80.5060,108.7770,18.5817,7.4841,5.4973,12.4452,11.4741,13.77
2019/6/4 5:10,108.1530,121.6520,136.9130,75.4430,71.2320,80.5110,108.7870,18.5799,7.4876,5.4972,12.4484,11.4783,13.77
2019/6/4 5:11,108.1470,121.6450,136.9060,75.4300,71.2210,80.5040,108.7900,18.5813,7.4861,5.4979,12.4473,11.4731,13.77
2019/6/4 5:12,108.1380,121.6250,136.8860,75.4280,71.2160,80.4940,108.7710,18.5830,7.4842,5.4963,12.4459,11.4738,13.77
2019/6/4 5:13,108.1340,121.6120,136.8790,75.4170,71.2040,80.4860,108.7550,18.5854,7.4813,5.4961,12.4414,11.4711,13.77
2019/6/4 5:14,108.1220,121.6040,136.8700,75.4170,71.2030,80.4770,108.7480,18.5777,7.4808,5.4965,12.4397,11.4704,13.77
2019/6/4 5:15,108.1400,121.6000,136.8800,75.4230,71.2060,80.4850,108.7530,18.5823,7.4803,5.4977,12.4417,11.4717,13.77
2019/6/4 5:16,108.1300,121.5820,136.8810,75.4090,71.1940,80.4720,108.7390,18.5681,7.4797,5.4959,12.4381,11.4686,13.77
2019/6/4 5:17,108.1170,121.5870,136.8920,75.4190,71.2040,80.4620,108.7380,18.5777,7.4801,5.4960,12.4409,11.4683,13.77
2019/6/4 5:18,108.1240,121.5770,136.8770,75.4100,71.1930,80.4570,108.7370,18.5810,7.4771,5.4960,12.4366,11.4675,13.77
2019/6/4 5:19,108.1240,121.5840,136.8720,75.4130,71.1980,80.4570,108.7360,18.5814,7.4773,5.4959,12.4377,11.4657,13.77
2019/6/4 5:20,108.1190,121.5750,136.8830,75.4040,71.1910,80.4540,108.7420,18.5799,7.4761,5.4938,12.4348,11.4648,13.77
2019/6/4 5:21,108.1130,121.5650,136.8630,75.4030,71.1910,80.4460,108.7410,18.5688,7.4741,5.4921,12.4309,11.4628,13.77
2019/6/4 5:22,108.1170,121.5640,136.8680,75.4090,71.1940,80.4570,108.7400,18.5706,7.4742,5.4914,12.4305,11.4613,13.77
2019/6/4 5:23,108.1150,121.5700,136.8940,75.4070,71.1920,80.4550,108.7410,18.5691,7.4742,5.4912,12.4316,11.4617,13.77
2019/6/4 5:24,108.1130,121.5630,136.8970,75.3990,71.1880,80.4480,108.7360,18.5685,7.4740,5.4911,12.4284,11.4612,13.77
2019/6/4 5:25,108.1070,121.5620,136.8760,75.3880,71.1800,80.4290,108.7220,18.5669,7.4732,5.4908,12.4291,11.4601,13.77
2019/6/4 5:26,108.1020,121.5540,136.8680,75.3830,71.1670,80.4180,108.7190,18.5645,7.4703,5.4886,12.4274,11.4584,13.77
2019/6/4 5:27,108.1060,121.5410,136.8510,75.3770,71.1630,80.4170,108.7100,18.5643,7.4723,5.4896,12.4260,11.4570,13.77
2019/6/4 5:28,108.1000,121.5480,136.8760,75.3830,71.1680,80.4240,108.7120,18.5638,7.4757,5.4915,12.4292,11.4581,13.77
2019/6/4 5:29,108.1000,121.5570,136.8780,75.3860,71.1700,80.4180,108.7260,18.5621,7.4762,5.4917,12.4299,11.4588,13.77
2019/6/4 5:30,108.1080,121.5240,136.8620,75.3150,71.1390,80.4070,108.7240,18.5581,7.4282,5.4861,12.4223,11.4515,13.77
2019/6/4 5:31,108.1010,121.5510,136.8890,75.3520,71.1690,80.4130,108.7440,18.5531,7.4246,5.4877,12.4226,11.4524,13.77
2019/6/4 5:32,108.0960,121.5520,136.9010,75.3940,71.2000,80.4090,108.7660,18.5534,7.4421,5.4899,12.4245,11.4533,13.77
2019/6/4 5:33,108.0870,121.5430,136.9220,75.3990,71.1950,80.4120,108.7530,18.5533,7.4356,5.4879,12.4237,11.4520,13.77
2019/6/4 5:34,108.0750,121.5380,136.9040,75.4060,71.1980,80.4050,108.7460,18.5388,7.4219,5.4858,12.4228,11.4507,13.77
2019/6/4 5:35,108.0790,121.5580,136.9120,75.4000,71.1960,80.4100,108.7390,18.5411,7.4245,5.4871,12.4235,11.4518,13.77
2019/6/4 5:36,108.0810,121.5560,136.8940,75.3900,71.1860,80.4130,108.7360,18.5280,7.4106,5.4849,12.4231,11.4507,13.77
2019/6/4 5:37,108.0800,121.5430,136.8720,75.3800,71.1790,80.4120,108.7350,18.5312,7.4154,5.4848,12.4228,11.4489,13.77
2019/6/4 5:38,108.0920,121.5700,136.9000,75.4140,71.2080,80.4290,108.7560,18.5413,7.4169,5.4887,12.4254,11.4522,13.77
2019/6/4 5:39,108.0880,121.5690,136.8960,75.4130,71.2020,80.4270,108.7560,18.5394,7.4126,5.4865,12.4237,11.4516,13.77
2019/6/4 5:40,108.0760,121.5600,136.8650,75.3960,71.1860,80.3940,108.7360,18.5339,7.4068,5.4857,12.4208,11.4504,13.77
2019/6/4 5:41,108.0710,121.5480,136.8320,75.3900,71.1830,80.3960,108.7250,18.5319,7.3944,5.4851,12.4195,11.4493,13.77
2019/6/4 5:42,108.0700,121.5390,136.8360,75.3910,71.1820,80.3950,108.7180,18.5252,7.4055,5.4851,12.4177,11.4482,13.77
2019/6/4 5:43,108.0670,121.5480,136.8580,75.3960,71.1890,80.3950,108.7330,18.5252,7.4029,5.4854,12.4193,11.4497,13.77
2019/6/4 5:44,108.0640,121.5400,136.8280,75.3930,71.1880,80.3950,108.7250,18.5251,7.4055,5.4848,12.4192,11.4488,13.77
2019/6/4 5:45,108.0600,121.5290,136.8350,75.4000,71.1870,80.4040,108.7300,18.5251,7.4066,5.4839,12.4201,11.4475,13.77
2019/6/4 5:46,108.0630,121.5360,136.8280,75.4090,71.1930,80.4180,108.7160,18.5262,7.4062,5.4841,12.4223,11.4471,13.77
2019/6/4 5:47,108.0590,121.5400,136.8220,75.4240,71.2080,80.4240,108.7250,18.5252,7.4064,5.4850,12.4223,11.4474,13.77
2019/6/4 5:48,108.0610,121.5410,136.8230,75.4220,71.2090,80.4310,108.7410,18.5247,7.4068,5.4853,12.4219,11.4476,13.77
2019/6/4 5:49,108.0590,121.5360,136.8200,75.4220,71.2080,80.4230,108.7350,18.5244,7.3970,5.4840,12.4215,11.4471,13.77
2019/6/4 5:50,108.0530,121.5330,136.8330,75.4300,71.2150,80.4260,108.7210,18.5233,7.4013,5.4849,12.4210,11.4469,13.77
2019/6/4 5:51,108.0450,121.5250,136.8420,75.4260,71.2090,80.4180,108.7150,18.5218,7.4025,5.4840,12.4196,11.4465,13.77
2019/6/4 5:52,108.0460,121.5190,136.8280,75.4100,71.1940,80.4200,108.7160,18.5220,7.3982,5.4818,12.4192,11.4459,13.77
2019/6/4 5:53,108.0330,121.5220,136.8260,75.4230,71.2000,80.4160,108.7240,18.5205,7.3994,5.4834,12.4187,11.4463,13.77
2019/6/4 5:54,108.0320,121.5170,136.8320,75.4260,71.1990,80.4100,108.7270,18.5196,7.3995,5.4833,12.4182,11.4446,13.77
2019/6/4 5:55,108.0400,121.5330,136.8980,75.4320,71.2070,80.4220,108.7310,18.5317,7.4030,5.4852,12.4203,11.4462,13.77
2019/6/4 5:56,108.0460,121.5370,136.8930,75.4330,71.2110,80.4210,108.7420,18.5350,7.3995,5.4861,12.4183,11.4432,13.77
2019/6/4 5:57,108.0470,121.5360,136.8620,75.4340,71.2100,80.4230,108.7210,18.5396,7.4008,5.4856,12.4184,11.4439,13.77
2019/6/4 5:58,108.0500,121.5510,136.8660,75.4300,71.2220,80.4340,108.7250,18.5433,7.4029,5.4855,12.4187,11.4447,13.77
2019/6/4 5:59,108.0510,121.5360,136.8630,75.4190,71.2150,80.4350,108.7090,18.5434,7.4032,5.4862,12.4176,11.4439,13.77
2019/6/4 6:00,108.0390,121.5270,136.8630,75.4100,71.2060,80.4160,108.7070,18.5404,7.4023,5.4852,12.4168,11.4433,13.77
2019/6/4 6:01,108.0410,121.5240,136.8730,75.4260,71.2190,80.4240,108.7390,18.5399,7.4040,5.4857,12.4187,11.4436,13.77
2019/6/4 6:02,108.0490,121.5340,136.8710,75.4330,71.2330,80.4360,108.7460,18.5809,7.4080,5.4874,12.4193,11.4429,13.77
2019/6/4 6:03,108.0530,121.5200,136.8350,75.3820,71.2010,80.4250,108.7320,18.5761,7.4040,5.4878,12.4151,11.4394,13.77
2019/6/4 6:04,108.0600,121.5160,136.8330,75.3040,71.1700,80.4040,108.7130,18.5648,7.4002,5.4863,12.4138,11.4390,13.77
2019/6/4 6:05,108.0610,121.5260,136.8360,75.3370,71.1960,80.4200,108.7150,18.5732,7.4039,5.4886,12.4153,11.4393,13.77
2019/6/4 6:06,108.0670,121.5330,136.8540,75.3410,71.1940,80.4290,108.7200,18.5698,7.4038,5.4890,12.4184,11.4447,13.77
2019/6/4 6:07,108.0660,121.5460,136.8690,75.3530,71.2120,80.4350,108.7200,18.5661,7.4022,5.4892,12.4198,11.4461,13.77
2019/6/4 6:08,108.0610,121.5350,136.8720,75.3860,71.2320,80.4490,108.7180,18.5613,7.4009,5.4891,12.4223,11.4482,13.77
2019/6/4 6:09,108.0540,121.5360,136.8850,75.3940,71.2330,80.4490,108.7210,18.5554,7.4005,5.4893,12.4195,11.4459,13.77
2019/6/4 6:10,108.0570,121.5570,136.9370,75.4170,71.2480,80.4450,108.7210,18.5556,7.3989,5.4896,12.4243,11.4480,13.77
2019/6/4 6:11,108.0400,121.5440,136.8980,75.4110,71.2380,80.4270,108.7040,18.5535,7.3960,5.4891,12.4216,11.4465,13.77
2019/6/4 6:12,108.0460,121.5460,136.8960,75.4070,71.2410,80.4250,108.7200,18.5537,7.3959,5.4879,12.4212,11.4458,13.77
2019/6/4 6:13,108.0450,121.5520,136.8970,75.4130,71.2420,80.4300,108.7330,18.5506,7.3967,5.4890,12.4214,11.4473,13.77
2019/6/4 6:14,108.0390,121.5490,136.9220,75.4310,71.2600,80.4260,108.7370,18.5493,7.3899,5.4886,12.4205,11.4471,13.77
2019/6/4 6:15,108.0390,121.5320,136.9090,75.4180,71.2370,80.4330,108.7250,18.5516,7.3879,5.4869,12.4188,11.4467,13.77
2019/6/4 6:16,108.0370,121.5310,136.9060,75.4180,71.2370,80.4350,108.7310,18.5511,7.3867,5.4860,12.4172,11.4463,13.77
2019/6/4 6:17,108.0370,121.5440,136.9140,75.4290,71.2510,80.4410,108.7420,18.5499,7.3831,5.4844,12.4183,11.4468,13.77
2019/6/4 6:18,108.0420,121.5470,136.9260,75.4270,71.2490,80.4510,108.7330,18.5479,7.3803,5.4832,12.4183,11.4459,13.77
2019/6/4 6:19,108.0360,121.5480,136.9260,75.4360,71.2570,80.4460,108.7430,18.5462,7.3774,5.4830,12.4182,11.4462,13.77
2019/6/4 6:20,108.0360,121.5360,136.9010,75.4380,71.2570,80.4470,108.7330,18.5435,7.3771,5.4830,12.4174,11.4447,13.77
2019/6/4 6:21,108.0230,121.5340,136.8910,75.4220,71.2440,80.4410,108.7300,18.5400,7.3771,5.4828,12.4157,11.4404,13.77
2019/6/4 6:22,108.0160,121.5260,136.8700,75.4210,71.2400,80.4370,108.7270,18.5362,7.3752,5.4819,12.4141,11.4401,13.77
2019/6/4 6:23,108.0270,121.5290,136.8820,75.4320,71.2420,80.4440,108.7390,18.5374,7.3811,5.4812,12.4153,11.4406,13.77
2019/6/4 6:24,108.0240,121.5220,136.8760,75.4320,71.2350,80.4360,108.7300,18.5371,7.3812,5.4810,12.4152,11.4418,13.77
2019/6/4 6:25,108.0180,121.5210,136.8900,75.4360,71.2460,80.4390,108.7300,18.5361,7.3812,5.4819,12.4144,11.4407,13.77
2019/6/4 6:26,108.0190,121.4930,136.8740,75.4200,71.2240,80.4400,108.7080,18.5363,7.3782,5.4810,12.4114,11.4380,13.77
2019/6/4 6:27,108.0190,121.4930,136.8790,75.4280,71.2320,80.4440,108.7060,18.5353,7.3810,5.4819,12.4116,11.4376,13.77
2019/6/4 6:28,108.0240,121.5080,136.8750,75.4490,71.2460,80.4520,108.7230,18.5374,7.3838,5.4841,12.4138,11.4385,13.77
2019/6/4 6:29,108.0210,121.5010,136.8860,75.4470,71.2460,80.4460,108.7320,18.5399,7.3852,5.4839,12.4131,11.4378,13.77
2019/6/4 6:30,108.0190,121.5000,136.8790,75.4460,71.2420,80.4440,108.7310,18.5395,7.3844,5.4833,12.4128,11.4390,13.77
2019/6/4 6:31,108.0130,121.5070,136.8880,75.4430,71.2380,80.4380,108.7450,18.5377,7.3836,5.4824,12.4141,11.4399,13.77
2019/6/4 6:32,108.0000,121.4870,136.8660,75.4360,71.2300,80.4240,108.7330,18.5355,7.3849,5.4821,12.4111,11.4380,13.77
2019/6/4 6:33,107.9960,121.4770,136.8930,75.4400,71.2300,80.4250,108.7270,18.5342,7.3849,5.4831,12.4110,11.4369,13.77
2019/6/4 6:34,107.9760,121.4520,136.8910,75.4300,71.2240,80.4110,108.7100,18.5302,7.3785,5.4807,12.4081,11.4346,13.77
2019/6/4 6:35,107.9820,121.4530,136.9000,75.4400,71.2290,80.4160,108.7050,18.5319,7.3774,5.4801,12.4080,11.4348,13.77
2019/6/4 6:36,107.9890,121.4620,136.8860,75.4390,71.2340,80.4200,108.7000,18.5323,7.3787,5.4816,12.4090,11.4379,13.77
2019/6/4 6:37,108.0050,121.4740,136.8780,75.4490,71.2410,80.4270,108.7060,18.5351,7.3813,5.4822,12.4095,11.4394,13.77
2019/6/4 6:38,108.0040,121.4840,136.8850,75.4550,71.2430,80.4260,108.7070,18.5351,7.3766,5.4831,12.4112,11.4413,13.77
2019/6/4 6:39,108.0030,121.4880,136.9060,75.4610,71.2450,80.4240,108.7040,18.5379,7.3758,5.4840,12.4123,11.4413,13.77
2019/6/4 6:40,107.9990,121.4910,136.9130,75.4660,71.2510,80.4220,108.6850,18.5377,7.3798,5.4860,12.4120,11.4419,13.77
2019/6/4 6:41,107.9900,121.4870,136.8990,75.4540,71.2460,80.4170,108.6920,18.5365,7.3759,5.4847,12.4112,11.4418,13.77
2019/6/4 6:42,107.9900,121.4770,136.8970,75.4450,71.2370,80.4230,108.7040,18.5369,7.3756,5.4856,12.4120,11.4394,13.77
2019/6/4 6:43,107.9860,121.4830,136.9130,75.4470,71.2440,80.4200,108.7060,18.5359,7.3750,5.4859,12.4130,11.4415,13.77
2019/6/4 6:44,107.9750,121.4720,136.9140,75.4470,71.2430,80.4050,108.6990,18.5344,7.3755,5.4853,12.4113,11.4387,13.77
2019/6/4 6:45,107.9820,121.4730,136.9520,75.4590,71.2510,80.4060,108.7020,18.5357,7.3760,5.4864,12.4121,11.4439,13.77
2019/6/4 6:46,107.9640,121.4810,136.9650,75.4510,71.2490,80.3910,108.7160,18.5324,7.3754,5.4834,12.4126,11.4428,13.77
2019/6/4 6:47,107.9690,121.4870,136.9160,75.4350,71.2390,80.3950,108.7050,18.5327,7.3762,5.4832,12.4136,11.4434,13.77
2019/6/4 6:48,107.9640,121.4880,136.9640,75.4350,71.2360,80.4020,108.7150,18.5320,7.3761,5.4834,12.4142,11.4432,13.77
2019/6/4 6:49,107.9590,121.4880,136.9670,75.4350,71.2380,80.4000,108.7140,18.5307,7.3759,5.4824,12.4159,11.4444,13.77
2019/6/4 6:50,107.9500,121.4800,136.9540,75.4280,71.2290,80.3860,108.7010,18.5294,7.3764,5.4805,12.4138,11.4394,13.77
2019/6/4 6:51,107.9540,121.4860,136.9590,75.4260,71.2230,80.3800,108.7180,18.5300,7.3777,5.4803,12.4108,11.4405,13.77
2019/6/4 6:52,107.9500,121.4790,136.9800,75.4210,71.2190,80.3650,108.7230,18.5301,7.3801,5.4792,12.4067,11.4385,13.77
2019/6/4 6:53,107.9500,121.4870,136.9730,75.4340,71.2300,80.3750,108.7250,18.5295,7.3804,5.4808,12.4091,11.4379,13.77
2019/6/4 6:54,107.9570,121.4950,137.0000,75.4370,71.2320,80.3810,108.7320,18.5320,7.3821,5.4800,12.4105,11.4402,13.77
2019/6/4 6:55,107.9660,121.5090,136.9740,75.4600,71.2430,80.3990,108.7110,18.5405,7.3850,5.4833,12.4119,11.4412,13.77
2019/6/4 6:56,107.9640,121.5150,136.9810,75.4600,71.2410,80.4020,108.7060,18.5474,7.3872,5.4835,12.4126,11.4419,13.77
2019/6/4 6:57,107.9530,121.5140,136.9800,75.4490,71.2490,80.3940,108.7130,18.5616,7.3902,5.4839,12.4119,11.4417,13.77
2019/6/4 6:58,107.9410,121.5270,136.9710,75.4460,71.2580,80.3900,108.7170,18.5601,7.3889,5.4834,12.4138,11.4431,13.77
2019/6/4 6:59,107.9490,121.5360,136.9770,75.4600,71.2610,80.4030,108.7200,18.5629,7.3901,5.4842,12.4149,11.4438,13.77
2019/6/4 7:00,107.9410,121.5280,136.9790,75.4500,71.2610,80.3970,108.7150,18.5650,7.3913,5.4823,12.4136,11.4397,13.77
2019/6/4 7:01,107.9430,121.5360,136.9820,75.4480,71.2660,80.3990,108.7160,18.5650,7.3907,5.4822,12.4150,11.4400,13.77
2019/6/4 7:02,107.9500,121.5460,136.9970,75.4500,71.2680,80.3970,108.7350,18.5667,7.3911,5.4796,12.4150,11.4413,13.77
2019/6/4 7:03,107.9480,121.5600,137.0120,75.4470,71.2720,80.3950,108.7550,18.5662,7.3908,5.4778,12.4158,11.4425,13.77
2019/6/4 7:04,107.9320,121.5450,137.0000,75.4370,71.2710,80.3890,108.7510,18.5631,7.3907,5.4791,12.4143,11.4410,13.77
2019/6/4 7:05,107.9290,121.5470,136.9950,75.4380,71.2740,80.3930,108.7570,18.5619,7.3896,5.4779,12.4150,11.4410,13.77
2019/6/4 7:06,107.9310,121.5490,136.9950,75.4380,71.2730,80.3960,108.7740,18.5654,7.3897,5.4770,12.4149,11.4398,13.77
2019/6/4 7:07,107.9350,121.5580,137.0030,75.4460,71.2780,80.4030,108.7660,18.5680,7.3902,5.4775,12.4163,11.4409,13.77
2019/6/4 7:08,107.9460,121.5760,136.9980,75.4600,71.2910,80.4100,108.7630,18.5692,7.3912,5.4772,12.4172,11.4429,13.77
2019/6/4 7:09,107.9410,121.5700,137.0020,75.4610,71.2890,80.4090,108.7690,18.5684,7.3919,5.4770,12.4171,11.4420,13.77
2019/6/4 7:10,107.9310,121.5530,136.9760,75.4430,71.2810,80.4010,108.7510,18.5667,7.3912,5.4749,12.4147,11.4409,13.77
2019/6/4 7:11,107.9340,121.5620,137.0000,75.4450,71.2840,80.4080,108.7540,18.5674,7.3924,5.4741,12.4156,11.4415,13.77
2019/6/4 7:12,107.9430,121.5560,136.9640,75.4380,71.2600,80.4130,108.7540,18.5687,7.3957,5.4737,12.4145,11.4410,13.77
2019/6/4 7:13,107.9380,121.5450,136.9570,75.4340,71.2580,80.4050,108.7580,18.5678,7.3937,5.4707,12.4138,11.4396,13.77
2019/6/4 7:14,107.9380,121.5440,136.9550,75.4300,71.2500,80.4040,108.7690,18.5676,7.3920,5.4685,12.4133,11.4395,13.77
2019/6/4 7:15,107.9290,121.5290,136.9370,75.4120,71.2340,80.3920,108.7700,18.5660,7.3875,5.4681,12.4093,11.4375,13.77
2019/6/4 7:16,107.9310,121.5250,136.9300,75.4140,71.2320,80.3840,108.7690,18.5625,7.3826,5.4686,12.4081,11.4374,13.77
2019/6/4 7:17,107.9330,121.5280,136.9450,75.4180,71.2350,80.3840,108.7850,18.5604,7.3883,5.4727,12.4079,11.4353,13.77
2019/6/4 7:18,107.9320,121.5260,136.9310,75.4070,71.2310,80.3780,108.7840,18.5638,7.3874,5.4731,12.4081,11.4351,13.77
2019/6/4 7:19,107.9200,121.5250,136.9500,75.4000,71.2190,80.3690,108.7610,18.5637,7.3840,5.4683,12.4099,11.4356,13.77
2019/6/4 7:20,107.9210,121.5270,136.9330,75.3990,71.2190,80.3700,108.7620,18.5595,7.3853,5.4675,12.4107,11.4373,13.77
2019/6/4 7:21,107.9330,121.5320,136.9210,75.3960,71.2230,80.3740,108.7640,18.5602,7.3863,5.4695,12.4118,11.4372,13.77
2019/6/4 7:22,107.9500,121.5380,136.9140,75.4020,71.2300,80.3820,108.7790,18.5631,7.3875,5.4714,12.4123,11.4371,13.77
2019/6/4 7:23,107.9730,121.5470,136.9280,75.4060,71.2370,80.3930,108.7910,18.5678,7.3871,5.4715,12.4132,11.4382,13.77
2019/6/4 7:24,107.9730,121.5570,136.9350,75.4070,71.2360,80.3870,108.7920,18.5681,7.3873,5.4722,12.4127,11.4369,13.77
2019/6/4 7:25,107.9860,121.5590,136.9680,75.4160,71.2460,80.4020,108.7970,18.5725,7.3882,5.4727,12.4145,11.4382,13.77
2019/6/4 7:26,107.9870,121.5590,136.9880,75.4160,71.2460,80.4030,108.8020,18.5725,7.3887,5.4729,12.4133,11.4385,13.77
2019/6/4 7:27,107.9850,121.5540,136.9550,75.4080,71.2470,80.4050,108.7890,18.5718,7.3886,5.4721,12.4138,11.4390,13.77
2019/6/4 7:28,107.9850,121.5540,136.9560,75.4060,71.2460,80.4120,108.7660,18.5718,7.3883,5.4729,12.4134,11.4384,13.77
2019/6/4 7:29,107.9850,121.5670,136.9580,75.4060,71.2450,80.4110,108.7830,18.5665,7.3843,5.4733,12.4136,11.4407,13.77
2019/6/4 7:30,107.9800,121.5710,136.9500,75.4050,71.2410,80.3980,108.7880,18.5657,7.3842,5.4717,12.4142,11.4420,13.77
2019/6/4 7:31,107.9790,121.5820,136.9880,75.4050,71.2400,80.3870,108.7950,18.5664,7.3837,5.4696,12.4154,11.4428,13.77
2019/6/4 7:32,107.9850,121.5860,136.9810,75.4100,71.2440,80.3850,108.7830,18.5745,7.3813,5.4687,12.4149,11.4427,13.77
2019/6/4 7:33,107.9830,121.5800,136.9760,75.4030,71.2430,80.3870,108.7890,18.5743,7.3810,5.4688,12.4144,11.4416,13.77
2019/6/4 7:34,107.9870,121.5860,136.9730,75.4050,71.2450,80.3860,108.7840,18.5751,7.3821,5.4685,12.4148,11.4421,13.77
2019/6/4 7:35,107.9920,121.5900,137.0180,75.4100,71.2500,80.3910,108.7920,18.5755,7.3830,5.4717,12.4151,11.4431,13.77
2019/6/4 7:36,108.0090,121.6150,137.0100,75.4280,71.2620,80.4100,108.8190,18.5782,7.3855,5.4748,12.4179,11.4454,13.77
2019/6/4 7:37,108.0090,121.6250,137.0230,75.4300,71.2620,80.4160,108.8270,18.5807,7.3889,5.4759,12.4187,11.4462,13.77
2019/6/4 7:38,108.0190,121.6400,137.0300,75.4400,71.2680,80.4290,108.8400,18.5824,7.3921,5.4779,12.4220,11.4476,13.77
2019/6/4 7:39,108.0180,121.6360,137.0200,75.4370,71.2680,80.4290,108.8580,18.5823,7.3915,5.4744,12.4220,11.4470,13.77
2019/6/4 7:40,108.0350,121.6340,137.0070,75.4470,71.2780,80.4390,108.8550,18.5839,7.3936,5.4775,12.4221,11.4483,13.77
2019/6/4 7:41,108.0420,121.6500,137.0550,75.4600,71.2830,80.4590,108.8630,18.5850,7.3926,5.4800,12.4262,11.4508,13.77
2019/6/4 7:42,108.0430,121.6440,137.0440,75.4640,71.2910,80.4670,108.8610,18.5851,7.3927,5.4788,12.4272,11.4529,13.77
2019/6/4 7:43,108.0440,121.6420,137.0590,75.4710,71.2940,80.4730,108.8440,18.5854,7.3927,5.4786,12.4265,11.4527,13.77
2019/6/4 7:44,108.0480,121.6400,137.0550,75.4710,71.2970,80.4750,108.8300,18.5852,7.3922,5.4775,12.4253,11.4540,13.77
2019/6/4 7:45,108.0930,121.6720,137.1140,75.5030,71.3150,80.5270,108.8560,18.6050,7.3966,5.4806,12.4320,11.4596,13.77
2019/6/4 7:46,108.1040,121.6800,137.1160,75.5090,71.3220,80.5510,108.8450,18.6054,7.3965,5.4862,12.4362,11.4611,13.77
2019/6/4 7:47,108.0820,121.6420,137.0690,75.4790,71.2940,80.5210,108.8220,18.6017,7.3953,5.4810,12.4312,11.4572,13.77
2019/6/4 7:48,108.0780,121.6310,137.0760,75.4700,71.2830,80.5120,108.8270,18.5991,7.3934,5.4793,12.4302,11.4559,13.77
2019/6/4 7:49,108.1020,121.6820,137.1200,75.4940,71.3100,80.5260,108.8460,18.6049,7.3957,5.4842,12.4348,11.4609,13.77
2019/6/4 7:50,108.1020,121.6770,137.0930,75.4900,71.3020,80.5280,108.8440,18.6086,7.4010,5.4858,12.4356,11.4594,13.77
2019/6/4 7:51,108.0960,121.6580,137.0910,75.4880,71.3080,80.5280,108.8330,18.6131,7.4024,5.4889,12.4334,11.4578,13.77
2019/6/4 7:52,108.0980,121.6630,137.1010,75.4920,71.3120,80.5120,108.8390,18.6177,7.4037,5.4894,12.4339,11.4582,13.77
2019/6/4 7:53,108.0770,121.6690,137.0940,75.4900,71.3240,80.5050,108.8370,18.6272,7.3983,5.4900,12.4344,11.4588,13.77
2019/6/4 7:54,108.0830,121.6670,137.0820,75.4940,71.3320,80.5150,108.8260,18.6211,7.3988,5.4903,12.4350,11.4605,13.77
2019/6/4 7:55,108.0940,121.6440,137.0860,75.5040,71.3270,80.5250,108.8140,18.6204,7.3966,5.4882,12.4362,11.4569,13.77
2019/6/4 7:56,108.0820,121.6350,137.0460,75.4960,71.3200,80.5180,108.8140,18.6195,7.3937,5.4886,12.4339,11.4546,13.77
2019/6/4 7:57,108.0830,121.6430,137.0510,75.5030,71.3240,80.5180,108.8070,18.6195,7.3933,5.4882,12.4350,11.4550,13.77
2019/6/4 7:58,108.0870,121.6620,137.0680,75.5080,71.3230,80.5280,108.8040,18.6221,7.3938,5.4884,12.4385,11.4570,13.77
2019/6/4 7:59,108.0930,121.6440,137.0630,75.5070,71.3150,80.5350,108.8030,18.6225,7.3929,5.4888,12.4379,11.4558,13.77
2019/6/4 8:00,108.1230,121.6740,137.1220,75.5340,71.3370,80.5590,108.8210,18.6265,7.3954,5.4901,12.4398,11.4577,13.77
2019/6/4 8:01,108.1290,121.6780,137.1190,75.5400,71.3360,80.5390,108.8190,18.6270,7.3948,5.4887,12.4395,11.4589,13.77
2019/6/4 8:02,108.1280,121.6760,137.1250,75.5380,71.3380,80.5300,108.8230,18.6286,7.3927,5.4881,12.4392,11.4589,13.77
2019/6/4 8:03,108.1190,121.6520,137.1240,75.5320,71.3410,80.5240,108.7970,18.6265,7.3873,5.4857,12.4362,11.4563,13.77
2019/6/4 8:04,108.1280,121.6480,137.1260,75.5180,71.3240,80.5240,108.7960,18.6278,7.3849,5.4845,12.4354,11.4550,13.77
2019/6/4 8:05,108.1450,121.6090,137.1060,75.4960,71.2940,80.5260,108.7790,18.6224,7.3806,5.4829,12.4269,11.4489,13.77
2019/6/4 8:06,108.1250,121.6430,137.1010,75.4920,71.3110,80.5060,108.8190,18.6192,7.3779,5.4827,12.4310,11.4517,13.77
2019/6/4 8:07,108.1480,121.6430,137.0980,75.4830,71.2940,80.5120,108.8170,18.6225,7.3743,5.4829,12.4303,11.4518,13.77
2019/6/4 8:08,108.1470,121.6270,137.1180,75.4770,71.2920,80.4950,108.8020,18.6081,7.3705,5.4825,12.4288,11.4503,13.77
2019/6/4 8:09,108.1420,121.6150,137.0900,75.4690,71.2800,80.4790,108.7860,18.6115,7.3699,5.4834,12.4266,11.4489,13.77
2019/6/4 8:10,108.1410,121.5680,137.0560,75.4250,71.2400,80.4530,108.7720,18.6106,7.3664,5.4828,12.4187,11.4392,13.77
2019/6/4 8:11,108.1620,121.6280,137.0930,75.4630,71.2710,80.4750,108.8060,18.6167,7.3721,5.4846,12.4263,11.4459,13.77
2019/6/4 8:12,108.1500,121.6010,137.0580,75.4510,71.2610,80.4700,108.7910,18.6219,7.3717,5.4839,12.4249,11.4458,13.77
2019/6/4 8:13,108.1830,121.6410,137.1000,75.4860,71.2900,80.5060,108.8160,18.6302,7.3794,5.4892,12.4305,11.4499,13.77
2019/6/4 8:14,108.1700,121.6210,137.0520,75.4670,71.2770,80.4930,108.7990,18.6305,7.3829,5.4888,12.4289,11.4475,13.77
2019/6/4 8:15,108.2110,121.6160,137.0680,75.4430,71.2690,80.5060,108.8080,18.6393,7.3810,5.4904,12.4280,11.4463,13.77
2019/6/4 8:16,108.2350,121.5890,137.0710,75.4470,71.2670,80.5060,108.7980,18.6325,7.3806,5.4908,12.4254,11.4444,13.77
2019/6/4 8:17,108.2420,121.5860,137.1020,75.4610,71.2730,80.5090,108.8150,18.6411,7.3829,5.4922,12.4256,11.4469,13.77
2019/6/4 8:18,108.2290,121.5940,137.1160,75.4670,71.2780,80.5150,108.8200,18.6389,7.3826,5.4926,12.4297,11.4517,13.77
2019/6/4 8:19,108.2180,121.5670,137.0810,75.4650,71.2670,80.5080,108.7980,18.6349,7.3868,5.4975,12.4272,11.4494,13.77
2019/6/4 8:20,108.1980,121.5790,137.0830,75.4630,71.2750,80.5010,108.7830,18.6395,7.3859,5.4953,12.4297,11.4507,13.77
2019/6/4 8:21,108.2280,121.6200,137.1280,75.4850,71.2920,80.5330,108.8070,18.6656,7.3898,5.5023,12.4333,11.4542,13.77
2019/6/4 8:22,108.2100,121.5980,137.0910,75.4770,71.2840,80.5320,108.7980,18.6610,7.3872,5.5039,12.4314,11.4519,13.77
2019/6/4 8:23,108.2220,121.6210,137.1270,75.4980,71.3050,80.5350,108.8160,18.6648,7.3918,5.5058,12.4335,11.4547,13.77
2019/6/4 8:24,108.2160,121.6340,137.1350,75.5100,71.3190,80.5480,108.8290,18.7029,7.4001,5.5109,12.4355,11.4556,13.77
2019/6/4 8:25,108.2440,121.6490,137.1440,75.5030,71.3220,80.5510,108.8410,18.6951,7.3944,5.5088,12.4349,11.4572,13.77
2019/6/4 8:26,108.2210,121.6300,137.1240,75.4870,71.3060,80.5200,108.8140,18.6801,7.3920,5.5059,12.4317,11.4547,13.77
2019/6/4 8:27,108.2230,121.6210,137.1210,75.4830,71.3010,80.5170,108.8150,18.6993,7.3896,5.5041,12.4286,11.4509,13.77
2019/6/4 8:28,108.2140,121.6050,137.1390,75.4860,71.3050,80.5250,108.8060,18.6906,7.3905,5.5053,12.4288,11.4501,13.77
2019/6/4 8:29,108.2100,121.6090,137.1220,75.4850,71.3030,80.5210,108.8130,18.6866,7.3913,5.5050,12.4291,11.4506,13.77
2019/6/4 8:30,108.1910,121.5890,137.1250,75.4790,71.3020,80.5040,108.8030,18.6850,7.3923,5.5039,12.4266,11.4484,13.77
2019/6/4 8:31,108.1920,121.5880,137.1350,75.4770,71.3010,80.5090,108.7970,18.6838,7.3797,5.5035,12.4244,11.4476,13.77
2019/6/4 8:32,108.1880,121.5920,137.1400,75.4810,71.3000,80.5090,108.8080,18.6904,7.3754,5.5016,12.4250,11.4483,13.77
2019/6/4 8:33,108.1880,121.5900,137.1200,75.4750,71.2930,80.5010,108.7980,18.6916,7.3700,5.5042,12.4250,11.4487,13.77
2019/6/4 8:34,108.1900,121.5940,137.1220,75.4780,71.3010,80.4970,108.8110,18.6945,7.3677,5.5076,12.4262,11.4484,13.77
2019/6/4 8:35,108.1970,121.5960,137.1310,75.4670,71.2930,80.4980,108.8100,18.6944,7.3674,5.5095,12.4266,11.4486,13.77
2019/6/4 8:36,108.2200,121.5910,137.1300,75.4750,71.2970,80.5190,108.8000,18.6975,7.3688,5.5109,12.4270,11.4501,13.77
2019/6/4 8:37,108.2280,121.5900,137.1340,75.4700,71.2930,80.5150,108.8050,18.6985,7.3682,5.5112,12.4262,11.4476,13.77
2019/6/4 8:38,108.2140,121.5890,137.1380,75.4710,71.2930,80.5090,108.8070,18.6970,7.3707,5.5097,12.4252,11.4468,13.77
2019/6/4 8:39,108.2090,121.5870,137.1460,75.4760,71.2920,80.5160,108.7900,18.6965,7.3721,5.5119,12.4253,11.4467,13.77
2019/6/4 8:40,108.2090,121.5750,137.1300,75.4640,71.2910,80.4950,108.7780,18.6956,7.3652,5.5079,12.4217,11.4458,13.77
2019/6/4 8:41,108.2120,121.5510,137.1150,75.4640,71.2850,80.5050,108.7580,18.6852,7.3628,5.5109,12.4176,11.4425,13.77
2019/6/4 8:42,108.2100,121.5660,137.1520,75.4710,71.2930,80.5120,108.7590,18.6869,7.3572,5.5103,12.4198,11.4444,13.77
2019/6/4 8:43,108.2210,121.5770,137.1640,75.4950,71.3100,80.5360,108.7710,18.6890,7.3521,5.5114,12.4231,11.4462,13.77
2019/6/4 8:44,108.2150,121.5850,137.1840,75.4990,71.3160,80.5240,108.7760,18.6913,7.3516,5.5115,12.4221,11.4470,13.77
2019/6/4 8:45,108.2000,121.5820,137.1770,75.4880,71.3100,80.5140,108.7710,18.6883,7.3506,5.5105,12.4215,11.4464,13.77
2019/6/4 8:46,108.2150,121.5980,137.1540,75.4960,71.3200,80.5230,108.7970,18.6955,7.3567,5.5122,12.4222,11.4477,13.77
2019/6/4 8:47,108.2200,121.5830,137.1470,75.4840,71.3100,80.5190,108.7860,18.7002,7.3571,5.5115,12.4184,11.4457,13.77
2019/6/4 8:48,108.2200,121.5790,137.1350,75.4770,71.3090,80.5220,108.7790,18.7002,7.3574,5.5109,12.4192,11.4463,13.77
2019/6/4 8:49,108.2200,121.5800,137.1360,75.4870,71.3100,80.5170,108.7880,18.7021,7.3589,5.5117,12.4198,11.4455,13.77
2019/6/4 8:50,108.2200,121.5760,137.1360,75.4890,71.3100,80.5090,108.7900,18.7014,7.3575,5.5120,12.4192,11.4452,13.77
2019/6/4 8:51,108.2030,121.5720,137.1300,75.4900,71.3100,80.5090,108.7840,18.6992,7.3558,5.5141,12.4195,11.4428,13.77
2019/6/4 8:52,108.2270,121.5940,137.1520,75.5090,71.3150,80.5470,108.7960,18.7028,7.3566,5.5158,12.4222,11.4434,13.77
2019/6/4 8:53,108.2210,121.5770,137.1390,75.5010,71.3130,80.5400,108.7930,18.6984,7.3540,5.5179,12.4181,11.4412,13.77
2019/6/4 8:54,108.2020,121.5780,137.1700,75.5100,71.3200,80.5370,108.7840,18.6980,7.3568,5.5209,12.4183,11.4399,13.77
2019/6/4 8:55,108.1910,121.5800,137.1650,75.5060,71.3120,80.5350,108.7830,18.6989,7.3566,5.5186,12.4212,11.4397,13.77
2019/6/4 8:56,108.1980,121.5730,137.1540,75.4970,71.3070,80.5320,108.7770,18.7000,7.3522,5.5206,12.4217,11.4415,13.77
2019/6/4 8:57,108.1990,121.5560,137.1850,75.4980,71.3090,80.5360,108.7700,18.7005,7.3565,5.5222,12.4218,11.4413,13.77
2019/6/4 8:58,108.1910,121.5470,137.1880,75.5010,71.3110,80.5370,108.7760,18.6971,7.3535,5.5247,12.4225,11.4407,13.77
2019/6/4 8:59,108.2030,121.5640,137.2310,75.5010,71.3120,80.5490,108.7810,18.6987,7.3535,5.5242,12.4246,11.4395,13.77
2019/6/4 9:00,108.2130,121.5580,137.2450,75.4950,71.2970,80.5630,108.7630,18.6984,7.3496,5.5206,12.4250,11.4382,13.77
2019/6/4 9:01,108.2280,121.5780,137.2190,75.5130,71.3050,80.5880,108.7780,18.7010,7.3477,5.5179,12.4294,11.4429,13.77
2019/6/4 9:02,108.2320,121.5860,137.2240,75.5190,71.3110,80.6050,108.7920,18.6988,7.3502,5.5177,12.4289,11.4414,13.77
2019/6/4 9:03,108.2620,121.6050,137.2360,75.5170,71.3150,80.6150,108.7870,18.7027,7.3531,5.5178,12.4305,11.4423,13.77
2019/6/4 9:04,108.2880,121.5790,137.2410,75.4890,71.2900,80.6070,108.7620,18.7012,7.3505,5.5176,12.4280,11.4374,13.77
2019/6/4 9:05,108.2590,121.5790,137.2180,75.5100,71.3140,80.5900,108.7730,18.6935,7.3451,5.5162,12.4290,11.4379,13.77
2019/6/4 9:06,108.2630,121.5770,137.2100,75.5170,71.3210,80.6150,108.7750,18.6877,7.3451,5.5165,12.4273,11.4375,13.77
2019/6/4 9:07,108.2590,121.5800,137.2210,75.5090,71.3180,80.6140,108.7780,18.6910,7.3430,5.5125,12.4272,11.4375,13.77
2019/6/4 9:08,108.2590,121.5660,137.2360,75.5020,71.3240,80.6100,108.7800,18.6916,7.3438,5.5121,12.4257,11.4366,13.77
2019/6/4 9:09,108.2460,121.5760,137.2250,75.5050,71.3300,80.5980,108.7870,18.6809,7.3436,5.5115,12.4263,11.4371,13.77
2019/6/4 9:10,108.2530,121.5780,137.2530,75.5070,71.3310,80.6110,108.7890,18.6870,7.3514,5.5142,12.4276,11.4381,13.77
2019/6/4 9:11,108.2460,121.5780,137.2590,75.4940,71.3200,80.6040,108.7940,18.6884,7.3558,5.5124,12.4253,11.4378,13.77
2019/6/4 9:12,108.2480,121.5830,137.2600,75.4930,71.3190,80.6040,108.8120,18.6989,7.3519,5.5130,12.4252,11.4389,13.77
2019/6/4 9:13,108.2530,121.5910,137.2590,75.4870,71.3230,80.6060,108.8100,18.6987,7.3547,5.5144,12.4271,11.4394,13.77
2019/6/4 9:14,108.2520,121.5850,137.2400,75.4720,71.3030,80.6020,108.8070,18.7034,7.3525,5.5145,12.4266,11.4389,13.77
2019/6/4 9:15,108.2590,121.5950,137.2520,75.4830,71.3140,80.6110,108.8130,18.7048,7.3536,5.5169,12.4273,11.4392,13.77
2019/6/4 9:16,108.2460,121.5950,137.2430,75.4860,71.3180,80.5900,108.8070,18.7080,7.3557,5.5163,12.4276,11.4400,13.77
2019/6/4 9:17,108.2450,121.5990,137.2200,75.4920,71.3210,80.5910,108.8130,18.7085,7.3552,5.5151,12.4268,11.4400,13.77
2019/6/4 9:18,108.2210,121.5730,137.1910,75.4910,71.3220,80.5750,108.8020,18.7048,7.3586,5.5138,12.4254,11.4374,13.77
2019/6/4 9:19,108.2220,121.5640,137.1780,75.4870,71.3240,80.5790,108.8010,18.7042,7.3566,5.5129,12.4247,11.4370,13.77
2019/6/4 9:20,108.2040,121.5540,137.1650,75.4790,71.3140,80.5600,108.8030,18.7002,7.3558,5.5091,12.4232,11.4358,13.77
2019/6/4 9:21,108.1940,121.5480,137.1630,75.4820,71.3180,80.5580,108.8010,18.6958,7.3550,5.5082,12.4234,11.4354,13.77
2019/6/4 9:22,108.2030,121.5440,137.1570,75.4760,71.3140,80.5650,108.7720,18.6961,7.3555,5.5093,12.4260,11.4354,13.77
2019/6/4 9:23,108.1870,121.5370,137.1560,75.4730,71.3120,80.5590,108.7710,18.6917,7.3544,5.5080,12.4248,11.4344,13.77
2019/6/4 9:24,108.2040,121.5390,137.1460,75.4650,71.3050,80.5670,108.7720,18.6954,7.3526,5.5074,12.4250,11.4346,13.77
2019/6/4 9:25,108.1780,121.5360,137.1600,75.4680,71.3120,80.5770,108.7610,18.6910,7.3568,5.5131,12.4250,11.4343,13.77
2019/6/4 9:26,108.1760,121.5320,137.1910,75.4660,71.3170,80.5790,108.7830,18.6916,7.3617,5.5107,12.4247,11.4341,13.77
2019/6/4 9:27,108.1780,121.5340,137.2120,75.4690,71.3200,80.5860,108.7700,18.6920,7.3632,5.5125,12.4269,11.4344,13.77
2019/6/4 9:28,108.1890,121.5400,137.1940,75.4670,71.3210,80.5890,108.7730,18.6944,7.3625,5.5040,12.4239,11.4346,13.77
2019/6/4 9:29,108.1730,121.5250,137.1740,75.4530,71.3140,80.5700,108.7790,18.6909,7.3585,5.4988,12.4229,11.4331,13.77
2019/6/4 9:30,108.1910,121.5520,137.2120,75.4630,71.3260,80.5800,108.8080,18.6958,7.3626,5.5045,12.4263,11.4357,13.77
2019/6/4 9:31,108.2000,121.5540,137.1940,75.4530,71.3180,80.5670,108.8040,18.6971,7.3651,5.5051,12.4243,11.4360,13.77
2019/6/4 9:32,108.1930,121.5500,137.2100,75.4460,71.3120,80.5410,108.8060,18.6947,7.3643,5.5005,12.4233,11.4352,13.77
2019/6/4 9:33,108.2070,121.5540,137.2080,75.4580,71.3210,80.5610,108.8040,18.6982,7.3669,5.5076,12.4256,11.4363,13.77
2019/6/4 9:34,108.1990,121.5660,137.2060,75.4610,71.3230,80.5600,108.8130,18.6971,7.3723,5.5048,12.4271,11.4369,13.77
2019/6/4 9:35,108.1780,121.5510,137.2080,75.4530,71.3170,80.5460,108.7950,18.6943,7.3720,5.5044,12.4257,11.4356,13.77
2019/6/4 9:36,108.1540,121.5120,137.1640,75.4260,71.2920,80.5080,108.7720,18.6890,7.3677,5.4995,12.4203,11.4319,13.77
2019/6/4 9:37,108.1620,121.5070,137.1710,75.4250,71.2950,80.5180,108.7770,18.6857,7.3679,5.5027,12.4185,11.4307,13.77
2019/6/4 9:38,108.1620,121.5060,137.1540,75.4140,71.2980,80.5120,108.7730,18.6857,7.3683,5.5035,12.4190,11.4310,13.77
2019/6/4 9:39,108.1570,121.5060,137.1530,75.4200,71.3030,80.5060,108.7790,18.6826,7.3677,5.5019,12.4161,11.4305,13.77
2019/6/4 9:40,108.1400,121.4980,137.1430,75.4240,71.3120,80.5020,108.7740,18.6805,7.3662,5.5000,12.4151,11.4291,13.77
2019/6/4 9:41,108.1550,121.5270,137.1780,75.4340,71.3160,80.5260,108.7890,18.6846,7.3672,5.5014,12.4175,11.4306,13.77
2019/6/4 9:42,108.1500,121.5150,137.1860,75.4400,71.3230,80.5180,108.7790,18.6995,7.3668,5.5047,12.4168,11.4311,13.77
2019/6/4 9:43,108.1330,121.5030,137.1610,75.4280,71.3180,80.5140,108.7620,18.6957,7.3638,5.5061,12.4154,11.4295,13.77
2019/6/4 9:44,108.1360,121.5270,137.1990,75.4380,71.3290,80.5170,108.7710,18.7070,7.3637,5.5062,12.4170,11.4316,13.77
2019/6/4 9:45,108.1470,121.5310,137.1800,75.4390,71.3330,80.5320,108.7820,18.7087,7.3647,5.5078,12.4189,11.4314,13.77
2019/6/4 9:46,108.1780,121.5620,137.2080,75.4560,71.3480,80.5610,108.8110,18.7112,7.3632,5.5099,12.4209,11.4343,13.77
2019/6/4 9:47,108.1630,121.5440,137.2030,75.4420,71.3380,80.5450,108.8100,18.7070,7.3560,5.5060,12.4177,11.4332,13.77
2019/6/4 9:48,108.1460,121.5530,137.2130,75.4340,71.3340,80.5380,108.8080,18.7040,7.3582,5.5038,12.4187,11.4337,13.77
2019/6/4 9:49,108.1380,121.5440,137.2020,75.4300,71.3380,80.5320,108.7990,18.7017,7.3563,5.5023,12.4164,11.4330,13.77
2019/6/4 9:50,108.1430,121.5270,137.1790,75.4210,71.3290,80.5270,108.7850,18.7025,7.3563,5.5036,12.4146,11.4313,13.77
2019/6/4 9:51,108.1460,121.5300,137.1930,75.4320,71.3270,80.5410,108.7890,18.7032,7.3559,5.5040,12.4157,11.4309,13.77
2019/6/4 9:52,108.1480,121.5210,137.1860,75.4350,71.3250,80.5360,108.7860,18.7035,7.3559,5.5047,12.4152,11.4310,13.77
2019/6/4 9:53,108.1470,121.5240,137.1910,75.4360,71.3280,80.5340,108.8010,18.7034,7.3605,5.5034,12.4152,11.4317,13.77
2019/6/4 9:54,108.1460,121.4830,137.1810,75.4430,71.3190,80.5320,108.7830,18.7036,7.3572,5.5026,12.4090,11.4285,13.77
2019/6/4 9:55,108.0110,121.6400,137.2280,75.5030,71.4010,80.5110,108.8780,18.7210,7.3667,5.5064,12.4203,11.4410,13.77
2019/6/4 9:56,108.0120,121.6510,137.2180,75.4880,71.3820,80.4900,108.8860,18.7270,7.3649,5.5084,12.4212,11.4392,13.77
2019/6/4 9:57,108.0760,121.6010,137.1770,75.4940,71.4020,80.5090,108.8530,18.7406,7.3552,5.5052,12.4141,11.4335,13.77
2019/6/4 9:58,108.1040,121.6100,137.1830,75.4820,71.3990,80.5290,108.8550,18.7285,7.3619,5.5056,12.4189,11.4370,13.77
2019/6/4 9:59,108.1010,121.5930,137.1680,75.4890,71.3900,80.5160,108.8340,18.7355,7.3680,5.5056,12.4211,11.4388,13.77
2019/6/4 10:00,108.0760,121.5660,137.1040,75.4670,71.3870,80.4690,108.8270,18.7281,7.3634,5.5016,12.4108,11.4337,13.77
2019/6/4 10:01,108.0730,121.5960,137.1420,75.5070,71.4220,80.5100,108.8110,18.7473,7.3724,5.5050,12.4145,11.4367,13.77
2019/6/4 10:02,108.1100,121.6050,137.1610,75.5160,71.4270,80.5440,108.7980,18.7567,7.3757,5.5093,12.4107,11.4353,13.77
2019/6/4 10:03,108.1450,121.5780,137.1280,75.5090,71.4230,80.5590,108.8040,18.7635,7.3775,5.5111,12.4085,11.4338,13.77
2019/6/4 10:04,108.1960,121.5440,137.0810,75.4730,71.3690,80.5600,108.7840,18.7519,7.3728,5.5097,12.4058,11.4336,13.77
2019/6/4 10:05,108.1800,121.5150,137.0730,75.5040,71.3840,80.5150,108.7910,18.7563,7.3705,5.5118,12.4034,11.4300,13.77
2019/6/4 10:06,108.1850,121.5160,137.0960,75.5000,71.3850,80.5270,108.7560,18.7582,7.3693,5.5149,12.4044,11.4322,13.77
2019/6/4 10:07,108.1700,121.5110,137.0740,75.4750,71.3640,80.4920,108.7500,18.7657,7.3700,5.5138,12.4032,11.4320,13.77
2019/6/4 10:08,108.1640,121.5530,137.1310,75.4990,71.3900,80.5170,108.7830,18.7672,7.3734,5.5142,12.4072,11.4357,13.77
2019/6/4 10:09,108.1760,121.5590,137.1350,75.4990,71.3940,80.5210,108.8150,18.7706,7.3731,5.5142,12.4073,11.4358,13.77
2019/6/4 10:10,108.1620,121.5610,137.1380,75.5370,71.4200,80.5290,108.7910,18.7762,7.3761,5.5149,12.4090,11.4363,13.77
2019/6/4 10:11,108.1330,121.5740,137.1650,75.5400,71.4290,80.5150,108.8120,18.7915,7.3733,5.5151,12.4102,11.4373,13.77
2019/6/4 10:12,108.1260,121.5740,137.1760,75.5440,71.4350,80.5140,108.8120,18.7901,7.3710,5.5157,12.4095,11.4360,13.77
2019/6/4 10:13,108.1110,121.5940,137.1740,75.5680,71.4490,80.5130,108.8400,18.7650,7.3698,5.5146,12.4145,11.4375,13.77
2019/6/4 10:14,108.1020,121.6280,137.2150,75.5770,71.4630,80.5330,108.8640,18.7828,7.3728,5.5147,12.4173,11.4413,13.77
2019/6/4 10:15,108.1340,121.6200,137.2400,75.5780,71.4620,80.5540,108.8510,18.7670,7.3711,5.5183,12.4190,11.4416,13.77
2019/6/4 10:16,108.1340,121.6210,137.2740,75.5730,71.4720,80.5500,108.8380,18.7704,7.3694,5.5158,12.4189,11.4398,13.77
2019/6/4 10:17,108.1150,121.6190,137.2370,75.5750,71.4610,80.5430,108.8360,18.7694,7.3718,5.5149,12.4201,11.4418,13.77
2019/6/4 10:18,108.1160,121.6220,137.2630,75.5900,71.4710,80.5530,108.8440,18.7688,7.3704,5.5145,12.4210,11.4418,13.77
2019/6/4 10:19,108.1480,121.6320,137.2880,75.6080,71.4710,80.5890,108.8440,18.7739,7.3726,5.5153,12.4221,11.4432,13.77
2019/6/4 10:20,108.1770,121.6470,137.2820,75.6080,71.4770,80.5970,108.8570,18.7809,7.3725,5.5156,12.4223,11.4439,13.77
2019/6/4 10:21,108.1670,121.6280,137.2610,75.5890,71.4680,80.5760,108.8540,18.7878,7.3722,5.5144,12.4149,11.4422,13.77
2019/6/4 10:22,108.1910,121.6560,137.3130,75.6080,71.4780,80.6100,108.8760,18.7886,7.3698,5.5161,12.4190,11.4444,13.77
2019/6/4 10:23,108.1990,121.6770,137.3500,75.6260,71.4910,80.6210,108.8770,18.7896,7.3731,5.5177,12.4222,11.4478,13.77
2019/6/4 10:24,108.2010,121.6730,137.3500,75.6260,71.5040,80.6110,108.8880,18.7877,7.3704,5.5182,12.4197,11.4476,13.77
2019/6/4 10:25,108.1980,121.6900,137.3870,75.6400,71.5120,80.6140,108.8940,18.7840,7.3710,5.5187,12.4228,11.4526,13.77
2019/6/4 10:26,108.2010,121.7110,137.4010,75.6460,71.5140,80.6180,108.9330,18.7832,7.3699,5.5181,12.4238,11.4549,13.77
2019/6/4 10:27,108.2250,121.7320,137.4060,75.6610,71.5270,80.6360,108.9400,18.7870,7.3719,5.5197,12.4259,11.4591,13.77
2019/6/4 10:28,108.2190,121.6980,137.4040,75.6490,71.5130,80.6320,108.9330,18.7871,7.3712,5.5201,12.4250,11.4551,13.77
2019/6/4 10:29,108.2010,121.6780,137.3920,75.6390,71.4990,80.6190,108.9280,18.7840,7.3680,5.5206,12.4245,11.4546,13.77
2019/6/4 10:30,108.2330,121.6720,137.3960,75.6380,71.4920,80.6400,108.9000,18.7878,7.3713,5.5206,12.4241,11.4535,13.77
2019/6/4 10:31,108.2370,121.6320,137.3280,75.6220,71.4800,80.6310,108.8710,18.7786,7.3691,5.5180,12.4184,11.4481,13.77
2019/6/4 10:32,108.2610,121.6530,137.3660,75.6350,71.4980,80.6550,108.8730,18.7720,7.3664,5.5182,12.4237,11.4510,13.77
2019/6/4 10:33,108.2640,121.6670,137.3810,75.6300,71.4850,80.6530,108.8740,18.7688,7.3668,5.5170,12.4223,11.4515,13.77
2019/6/4 10:34,108.2570,121.6380,137.3580,75.6210,71.4740,80.6540,108.8640,18.7681,7.3657,5.5166,12.4227,11.4494,13.77
2019/6/4 10:35,108.2480,121.6510,137.3500,75.6090,71.4670,80.6260,108.8800,18.7837,7.3665,5.5140,12.4230,11.4486,13.77
2019/6/4 10:36,108.2450,121.6730,137.3620,75.6160,71.4730,80.6260,108.9060,18.7819,7.3664,5.5160,12.4257,11.4548,13.77
2019/6/4 10:37,108.2340,121.6930,137.3970,75.6220,71.4820,80.6240,108.9040,18.7926,7.3683,5.5162,12.4278,11.4544,13.77
2019/6/4 10:38,108.2270,121.7090,137.4110,75.6160,71.4790,80.6160,108.9270,18.7872,7.3668,5.5150,12.4276,11.4549,13.77
2019/6/4 10:39,108.2160,121.6860,137.3640,75.6020,71.4710,80.6020,108.9150,18.7851,7.3626,5.5122,12.4238,11.4523,13.77
2019/6/4 10:40,108.2320,121.6990,137.3670,75.5960,71.4700,80.6220,108.9140,18.7872,7.3638,5.5132,12.4212,11.4513,13.77
2019/6/4 10:41,108.2260,121.6910,137.3590,75.5880,71.4620,80.6220,108.9010,18.7868,7.3651,5.5137,12.4207,11.4501,13.77
2019/6/4 10:42,108.2450,121.6940,137.3610,75.5860,71.4580,80.6350,108.8880,18.7936,7.3660,5.5161,12.4236,11.4497,13.77
2019/6/4 10:43,108.2640,121.6890,137.3740,75.5940,71.4480,80.6450,108.8680,18.7976,7.3667,5.5159,12.4198,11.4495,13.77
2019/6/4 10:44,108.2910,121.6850,137.3860,75.5960,71.4460,80.6560,108.8620,18.8032,7.3670,5.5172,12.4204,11.4485,13.77
2019/6/4 10:45,108.2780,121.6760,137.3620,75.5650,71.4140,80.6140,108.8510,18.8002,7.3607,5.5156,12.4175,11.4468,13.77
2019/6/4 10:46,108.2760,121.6800,137.3800,75.5750,71.4220,80.6080,108.8590,18.7850,7.3632,5.5140,12.4205,11.4473,13.77
2019/6/4 10:47,108.2860,121.6990,137.4490,75.6010,71.4420,80.6210,108.8730,18.7837,7.3612,5.5127,12.4236,11.4500,13.77
2019/6/4 10:48,108.2880,121.6950,137.4290,75.5940,71.4410,80.6040,108.8600,18.7903,7.3616,5.5148,12.4211,11.4491,13.77
2019/6/4 10:49,108.3160,121.6930,137.4070,75.5810,71.4280,80.6360,108.8760,18.7825,7.3631,5.5165,12.4209,11.4490,13.77
2019/6/4 10:50,108.2960,121.6970,137.4190,75.5920,71.4280,80.6230,108.8680,18.7810,7.3630,5.5187,12.4218,11.4498,13.77
2019/6/4 10:51,108.2950,121.6890,137.4250,75.5950,71.4370,80.6380,108.8620,18.7931,7.3621,5.5185,12.4213,11.4487,13.77
2019/6/4 10:52,108.2990,121.7130,137.4440,75.6050,71.4450,80.6750,108.8710,18.7942,7.3646,5.5199,12.4252,11.4519,13.77
2019/6/4 10:53,108.2870,121.7120,137.4260,75.5820,71.4400,80.6600,108.9210,18.8013,7.3650,5.5180,12.4238,11.4508,13.77
2019/6/4 10:54,108.2840,121.7050,137.4030,75.5740,71.4360,80.6400,108.8770,18.7953,7.3690,5.5173,12.4227,11.4505,13.77
2019/6/4 10:55,108.3110,121.6900,137.4150,75.5900,71.4530,80.6660,108.8890,18.8018,7.3721,5.5191,12.4225,11.4488,13.77
2019/6/4 10:56,108.3220,121.7000,137.4400,75.6040,71.4460,80.6640,108.8920,18.8100,7.3679,5.5192,12.4253,11.4504,13.77
2019/6/4 10:57,108.3110,121.6600,137.3290,75.5710,71.4130,80.6490,108.8980,18.8011,7.3656,5.5215,12.4239,11.4473,13.77
2019/6/4 10:58,108.3140,121.6580,137.2610,75.5810,71.4120,80.6490,108.8940,18.8125,7.3642,5.5250,12.4254,11.4474,13.77
2019/6/4 10:59,108.3290,121.6760,137.3100,75.6100,71.4440,80.6690,108.9080,18.8183,7.3682,5.5258,12.4301,11.4507,13.77
2019/6/4 11:00,108.3020,121.6450,137.2480,75.5800,71.4030,80.6310,108.8950,18.8215,7.3626,5.5234,12.4225,11.4437,13.77
2019/6/4 11:01,108.3020,121.6580,137.2800,75.5790,71.3950,80.6370,108.8840,18.7995,7.3614,5.5226,12.4263,11.4466,13.77
2019/6/4 11:02,108.2860,121.6550,137.2830,75.5880,71.4060,80.6210,108.9110,18.8043,7.3637,5.5201,12.4279,11.4484,13.77
2019/6/4 11:03,108.2960,121.6800,137.2750,75.6030,71.4050,80.6520,108.9110,18.8072,7.3700,5.5226,12.4338,11.4547,13.77
2019/6/4 11:04,108.3000,121.6950,137.2940,75.6130,71.4060,80.6630,108.9170,18.8101,7.3708,5.5241,12.4376,11.4566,13.77
2019/6/4 11:05,108.3030,121.7180,137.3150,75.6340,71.4260,80.6710,108.9540,18.8045,7.3743,5.5269,12.4432,11.4585,13.77
2019/6/4 11:06,108.3090,121.7130,137.2770,75.6360,71.4200,80.6690,108.9590,18.8005,7.3708,5.5281,12.4427,11.4592,13.77
2019/6/4 11:07,108.3100,121.6960,137.2720,75.6270,71.4150,80.6710,108.9540,18.7976,7.3711,5.5279,12.4408,11.4550,13.77
2019/6/4 11:08,108.3220,121.7130,137.2580,75.6320,71.4210,80.6810,108.9680,18.8084,7.3740,5.5309,12.4411,11.4571,13.77
2019/6/4 11:09,108.3150,121.7170,137.2510,75.6400,71.4180,80.6840,108.9750,18.8037,7.3765,5.5327,12.4425,11.4597,13.77
2019/6/4 11:10,108.3210,121.7180,137.2270,75.6310,71.4100,80.6820,108.9800,18.7960,7.3794,5.5318,12.4410,11.4605,13.77
2019/6/4 11:11,108.3210,121.7110,137.2100,75.6240,71.4010,80.6960,108.9820,18.7974,7.3751,5.5330,12.4438,11.4585,13.77
2019/6/4 11:12,108.3180,121.7030,137.2340,75.6200,71.3970,80.6920,108.9760,18.7987,7.3744,5.5350,12.4427,11.4576,13.77
2019/6/4 11:13,108.3200,121.6880,137.2060,75.6090,71.3870,80.6840,108.9720,18.8008,7.3701,5.5348,12.4391,11.4545,13.77
2019/6/4 11:14,108.3190,121.6850,137.1980,75.6130,71.3980,80.6890,108.9720,18.8107,7.3779,5.5363,12.4386,11.4538,13.77
2019/6/4 11:15,108.3090,121.7020,137.2160,75.6190,71.4080,80.6900,108.9770,18.8091,7.3776,5.5349,12.4403,11.4545,13.77
2019/6/4 11:16,108.3280,121.6800,137.2260,75.6110,71.3990,80.6940,108.9630,18.8114,7.3761,5.5351,12.4372,11.4535,13.77
2019/6/4 11:17,108.3140,121.6770,137.2220,75.6050,71.3810,80.6890,108.9630,18.8121,7.3752,5.5335,12.4348,11.4526,13.77
2019/6/4 11:18,108.3370,121.6990,137.2760,75.6230,71.3990,80.7010,108.9880,18.8082,7.3753,5.5347,12.4368,11.4544,13.77
2019/6/4 11:19,108.3370,121.7150,137.2870,75.6350,71.4110,80.7110,108.9970,18.8095,7.3752,5.5343,12.4387,11.4551,13.77
2019/6/4 11:20,108.3190,121.7110,137.2610,75.6230,71.3960,80.6990,108.9990,18.8050,7.3728,5.5336,12.4384,11.4548,13.77
2019/6/4 11:21,108.3110,121.7050,137.2600,75.6140,71.3880,80.6930,108.9950,18.8045,7.3734,5.5329,12.4370,11.4531,13.77
2019/6/4 11:22,108.3180,121.7230,137.2890,75.6190,71.4010,80.7040,108.9960,18.8114,7.3738,5.5343,12.4396,11.4556,13.77
2019/6/4 11:23,108.3260,121.7450,137.2920,75.6250,71.4120,80.7260,109.0030,18.8191,7.3730,5.5349,12.4417,11.4584,13.77
2019/6/4 11:24,108.3260,121.7500,137.3090,75.6230,71.4080,80.7160,109.0170,18.8185,7.3718,5.5376,12.4395,11.4581,13.77
2019/6/4 11:25,108.3160,121.7550,137.3010,75.6210,71.4040,80.6950,109.0190,18.8281,7.3721,5.5370,12.4387,11.4599,13.77
2019/6/4 11:26,108.3300,121.7430,137.3160,75.6270,71.4060,80.7100,109.0080,18.8356,7.3723,5.5377,12.4361,11.4572,13.77
2019/6/4 11:27,108.3380,121.7480,137.3380,75.6230,71.4010,80.6950,109.0110,18.8393,7.3740,5.5416,12.4372,11.4582,13.77
2019/6/4 11:28,108.3560,121.7790,137.3620,75.6350,71.4140,80.7170,109.0220,18.8417,7.3742,5.5436,12.4402,11.4607,13.77
2019/6/4 11:29,108.3450,121.7760,137.3500,75.6310,71.4090,80.7080,109.0240,18.8531,7.3749,5.5442,12.4407,11.4600,13.77
2019/6/4 11:30,108.3330,121.7600,137.3300,75.6420,71.4220,80.7110,109.0060,18.8447,7.3744,5.5468,12.4418,11.4588,13.77
2019/6/4 11:31,108.3160,121.7510,137.3240,75.6320,71.4240,80.7000,109.0050,18.8420,7.3741,5.5414,12.4406,11.4583,13.77
2019/6/4 11:32,108.3180,121.7530,137.3320,75.6400,71.4240,80.7140,108.9960,18.8422,7.3781,5.5414,12.4416,11.4585,13.77
2019/6/4 11:33,108.3350,121.7630,137.3480,75.6620,71.4320,80.7260,109.0030,18.8474,7.3797,5.5414,12.4422,11.4595,13.77
2019/6/4 11:34,108.3440,121.7750,137.3580,75.6680,71.4360,80.7400,109.0120,18.8489,7.3823,5.5428,12.4467,11.4606,13.77
2019/6/4 11:35,108.3270,121.7580,137.3470,75.6580,71.4280,80.7270,108.9950,18.8291,7.3803,5.5421,12.4453,11.4591,13.77
2019/6/4 11:36,108.3030,121.7430,137.3220,75.6500,71.4220,80.6980,108.9940,18.8215,7.3808,5.5421,12.4431,11.4580,13.77
2019/6/4 11:37,108.3040,121.7500,137.3280,75.6530,71.4310,80.7100,108.9870,18.8246,7.3811,5.5429,12.4436,11.4580,13.77
2019/6/4 11:38,108.3090,121.7340,137.3130,75.6510,71.4290,80.7050,108.9750,18.8129,7.3798,5.5428,12.4367,11.4559,13.77
2019/6/4 11:39,108.3140,121.7350,137.3170,75.6590,71.4230,80.7050,108.9740,18.8105,7.3803,5.5431,12.4363,11.4557,13.77
2019/6/4 11:40,108.3170,121.7380,137.3110,75.6680,71.4400,80.7170,108.9770,18.8086,7.3786,5.5447,12.4369,11.4559,13.77
2019/6/4 11:41,108.3190,121.7280,137.3010,75.6640,71.4410,80.7170,108.9690,18.8090,7.3798,5.5467,12.4361,11.4551,13.77
2019/6/4 11:42,108.3220,121.7210,137.3060,75.6630,71.4390,80.7140,108.9620,18.8089,7.3800,5.5457,12.4346,11.4545,13.77
2019/6/4 11:43,108.3140,121.7220,137.2840,75.6710,71.4460,80.7140,108.9630,18.8070,7.3796,5.5452,12.4333,11.4542,13.77
2019/6/4 11:44,108.3150,121.7190,137.2650,75.6610,71.4340,80.7080,108.9490,18.8134,7.3789,5.5424,12.4329,11.4542,13.77
2019/6/4 11:45,108.3160,121.7270,137.2990,75.6630,71.4390,80.7130,108.9500,18.8082,7.3764,5.5421,12.4336,11.4551,13.77
2019/6/4 11:46,108.3270,121.7060,137.2930,75.6580,71.4350,80.7200,108.9270,18.7981,7.3725,5.5417,12.4314,11.4531,13.77
2019/6/4 11:47,108.3200,121.7000,137.3050,75.6570,71.4330,80.7220,108.9300,18.7971,7.3722,5.5397,12.4308,11.4537,13.77
2019/6/4 11:48,108.3200,121.7060,137.3170,75.6720,71.4480,80.7230,108.9230,18.7956,7.3696,5.5393,12.4315,11.4542,13.77
2019/6/4 11:49,108.3010,121.6890,137.2920,75.6770,71.4520,80.6980,108.9090,18.7921,7.3670,5.5398,12.4300,11.4531,13.77
2019/6/4 11:50,108.2960,121.6940,137.2980,75.6800,71.4580,80.6990,108.9030,18.7836,7.3701,5.5409,12.4313,11.4548,13.77
2019/6/4 11:51,108.2910,121.6850,137.2920,75.6760,71.4560,80.6920,108.9080,18.7770,7.3693,5.5406,12.4305,11.4543,13.77
2019/6/4 11:52,108.2930,121.6880,137.2920,75.6670,71.4460,80.6950,108.9000,18.7733,7.3692,5.5399,12.4307,11.4544,13.77
2019/6/4 11:53,108.2960,121.6700,137.2730,75.6620,71.4480,80.6910,108.8890,18.7615,7.3695,5.5402,12.4314,11.4525,13.77
2019/6/4 11:54,108.2920,121.6920,137.2780,75.6690,71.4460,80.6910,108.9090,18.7650,7.3692,5.5371,12.4344,11.4541,13.77
2019/6/4 11:55,108.2830,121.6950,137.2910,75.6660,71.4490,80.6880,108.9130,18.7723,7.3669,5.5360,12.4351,11.4543,13.77
2019/6/4 11:56,108.2970,121.7040,137.3150,75.6810,71.4520,80.6980,108.9260,18.7641,7.3663,5.5365,12.4362,11.4550,13.77
2019/6/4 11:57,108.2910,121.6990,137.2950,75.6700,71.4500,80.7000,108.9370,18.7666,7.3618,5.5369,12.4332,11.4540,13.77
2019/6/4 11:58,108.2920,121.6740,137.2580,75.6580,71.4250,80.6960,108.9270,18.7490,7.3599,5.5354,12.4305,11.4526,13.77
2019/6/4 11:59,108.2880,121.6810,137.2440,75.6590,71.4330,80.7030,108.9280,18.7606,7.3592,5.5373,12.4305,11.4519,13.77
2019/6/4 12:00,108.2990,121.6790,137.2380,75.6540,71.4300,80.6890,108.9270,18.7635,7.3586,5.5373,12.4303,11.4517,13.77
2019/6/4 12:01,108.2960,121.6630,137.2090,75.6490,71.4240,80.6880,108.9150,18.7448,7.3585,5.5369,12.4279,11.4471,13.77
2019/6/4 12:02,108.2900,121.6460,137.2160,75.6390,71.4140,80.6800,108.9070,18.7251,7.3552,5.5358,12.4251,11.4477,13.77
2019/6/4 12:03,108.2870,121.6390,137.2200,75.6360,71.4200,80.6790,108.9020,18.7391,7.3553,5.5342,12.4256,11.4474,13.77
2019/6/4 12:04,108.2800,121.6340,137.2030,75.6300,71.4150,80.6760,108.8960,18.7352,7.3525,5.5327,12.4249,11.4467,13.77
2019/6/4 12:05,108.2800,121.6320,137.2110,75.6300,71.4170,80.6710,108.8980,18.7413,7.3511,5.5327,12.4247,11.4466,13.77
2019/6/4 12:06,108.2780,121.6440,137.2080,75.6360,71.4170,80.6880,108.9130,18.7527,7.3512,5.5327,12.4261,11.4494,13.77
2019/6/4 12:07,108.2850,121.6590,137.2280,75.6450,71.4210,80.6950,108.9140,18.7452,7.3522,5.5326,12.4281,11.4513,13.77
2019/6/4 12:08,108.2720,121.6580,137.2170,75.6400,71.4240,80.6860,108.9200,18.7419,7.3509,5.5319,12.4278,11.4497,13.77
2019/6/4 12:09,108.2720,121.6700,137.2590,75.6520,71.4440,80.6920,108.9150,18.7568,7.3532,5.5323,12.4289,11.4502,13.77
2019/6/4 12:10,108.2770,121.6740,137.2530,75.6540,71.4380,80.6950,108.9160,18.7573,7.3530,5.5331,12.4320,11.4521,13.77
2019/6/4 12:11,108.2540,121.6570,137.2120,75.6510,71.4350,80.6880,108.9080,18.7565,7.3518,5.5334,12.4303,11.4499,13.77
2019/6/4 12:12,108.2500,121.6580,137.2210,75.6510,71.4400,80.6810,108.9210,18.7516,7.3515,5.5332,12.4303,11.4501,13.77
2019/6/4 12:13,108.2420,121.6520,137.2190,75.6460,71.4320,80.6750,108.9140,18.7534,7.3489,5.5342,12.4296,11.4496,13.77
2019/6/4 12:14,108.2400,121.6520,137.2160,75.6400,71.4310,80.6740,108.9120,18.7455,7.3475,5.5326,12.4295,11.4494,13.77
2019/6/4 12:15,108.2430,121.6440,137.2170,75.6330,71.4230,80.6760,108.8990,18.7362,7.3465,5.5308,12.4303,11.4492,13.77
2019/6/4 12:16,108.2340,121.6370,137.2040,75.6370,71.4230,80.6700,108.8960,18.7339,7.3462,5.5284,12.4308,11.4490,13.77
2019/6/4 12:17,108.2240,121.6230,137.1930,75.6260,71.4150,80.6610,108.8840,18.7301,7.3449,5.5276,12.4277,11.4471,13.77
2019/6/4 12:18,108.2120,121.6220,137.1810,75.6230,71.4100,80.6530,108.8720,18.7262,7.3422,5.5270,12.4276,11.4480,13.77
2019/6/4 12:19,108.2120,121.6280,137.1910,75.6360,71.4280,80.6540,108.8860,18.7213,7.3448,5.5268,12.4290,11.4486,13.77
2019/6/4 12:20,108.2110,121.6300,137.1990,75.6360,71.4370,80.6560,108.8850,18.7098,7.3449,5.5268,12.4304,11.4489,13.77
2019/6/4 12:21,108.2080,121.6560,137.2290,75.6390,71.4470,80.6590,108.8980,18.6831,7.3442,5.5259,12.4321,11.4511,13.77
2019/6/4 12:22,108.2030,121.6470,137.2000,75.6380,71.4430,80.6510,108.8950,18.6993,7.3428,5.5244,12.4303,11.4502,13.77
2019/6/4 12:23,108.2100,121.6650,137.2200,75.6440,71.4480,80.6680,108.9010,18.7049,7.3437,5.5255,12.4325,11.4519,13.77
2019/6/4 12:24,108.2060,121.6610,137.2480,75.6480,71.4550,80.6720,108.9010,18.7172,7.3432,5.5254,12.4326,11.4519,13.77
2019/6/4 12:25,108.2170,121.6620,137.2520,75.6510,71.4500,80.6760,108.9090,18.7200,7.3423,5.5259,12.4338,11.4519,13.77
2019/6/4 12:26,108.2280,121.6650,137.2560,75.6530,71.4590,80.6860,108.9100,18.7272,7.3427,5.5248,12.4337,11.4523,13.77
2019/6/4 12:27,108.2120,121.6550,137.2350,75.6460,71.4520,80.6760,108.9010,18.7229,7.3383,5.5238,12.4321,11.4513,13.77
2019/6/4 12:28,108.2100,121.6490,137.2320,75.6420,71.4460,80.6890,108.9000,18.7219,7.3330,5.5221,12.4316,11.4517,13.77
2019/6/4 12:29,108.2080,121.6500,137.2160,75.6310,71.4330,80.6800,108.8980,18.7128,7.3269,5.5176,12.4321,11.4541,13.77
2019/6/4 12:30,108.2060,121.6520,137.2160,75.6410,71.4460,80.6910,108.8990,18.7102,7.3257,5.5203,12.4324,11.4530,13.77
2019/6/4 12:31,108.2040,121.6510,137.2120,75.6380,71.4460,80.6790,108.8970,18.7099,7.3287,5.5211,12.4305,11.4505,13.77
2019/6/4 12:32,108.1930,121.6440,137.1960,75.6380,71.4510,80.6690,108.8870,18.7092,7.3278,5.5219,12.4298,11.4494,13.77
2019/6/4 12:33,108.1910,121.6510,137.1950,75.6390,71.4500,80.6750,108.8920,18.7088,7.3277,5.5218,12.4302,11.4504,13.77
2019/6/4 12:34,108.1910,121.6620,137.1960,75.6420,71.4570,80.6760,108.8990,18.7188,7.3297,5.5224,12.4299,11.4497,13.77
2019/6/4 12:35,108.1880,121.6650,137.2030,75.6380,71.4520,80.6760,108.9030,18.7182,7.3314,5.5218,12.4303,11.4501,13.77
2019/6/4 12:36,108.1950,121.6650,137.2390,75.6400,71.4490,80.6830,108.9100,18.7058,7.3300,5.5242,12.4301,11.4508,13.77
2019/6/4 12:37,108.1880,121.6680,137.2450,75.6410,71.4450,80.6900,108.9110,18.7121,7.3296,5.5238,12.4305,11.4515,13.77
2019/6/4 12:38,108.1730,121.6450,137.2240,75.6320,71.4430,80.6940,108.8970,18.7027,7.3282,5.5208,12.4283,11.4504,13.77
2019/6/4 12:39,108.1840,121.6400,137.2180,75.6340,71.4370,80.6960,108.9020,18.7057,7.3294,5.5204,12.4288,11.4499,13.77
2019/6/4 12:40,108.1960,121.6390,137.2240,75.6290,71.4250,80.6940,108.8860,18.7125,7.3283,5.5201,12.4291,11.4501,13.77
2019/6/4 12:41,108.1960,121.6480,137.2150,75.6270,71.4170,80.6950,108.8900,18.7000,7.3264,5.5203,12.4300,11.4506,13.77
2019/6/4 12:42,108.1970,121.6470,137.2130,75.6250,71.4180,80.6990,108.8860,18.7041,7.3269,5.5186,12.4299,11.4518,13.77
2019/6/4 12:43,108.1940,121.6540,137.2100,75.6240,71.4220,80.6820,108.8870,18.7041,7.3275,5.5171,12.4308,11.4526,13.77
2019/6/4 12:44,108.1950,121.6560,137.2430,75.6330,71.4260,80.6870,108.8850,18.7111,7.3276,5.5167,12.4311,11.4527,13.77
2019/6/4 12:45,108.1970,121.6540,137.2340,75.6270,71.4230,80.6870,108.8870,18.7120,7.3284,5.5165,12.4309,11.4509,13.77
2019/6/4 12:46,108.1980,121.6550,137.2360,75.6280,71.4190,80.7030,108.8870,18.7122,7.3285,5.5176,12.4310,11.4505,13.77
2019/6/4 12:47,108.2030,121.6510,137.2320,75.6320,71.4290,80.7090,108.8790,18.7145,7.3298,5.5174,12.4327,11.4514,13.77
2019/6/4 12:48,108.2010,121.6450,137.2390,75.6300,71.4270,80.7080,108.8760,18.7137,7.3298,5.5180,12.4320,11.4521,13.77
2019/6/4 12:49,108.2030,121.6430,137.2320,75.6280,71.4270,80.6970,108.8690,18.7133,7.3299,5.5181,12.4316,11.4504,13.77
2019/6/4 12:50,108.2150,121.6670,137.2600,75.6370,71.4280,80.7140,108.8810,18.7146,7.3307,5.5188,12.4342,11.4521,13.77
2019/6/4 12:51,108.2200,121.6830,137.2650,75.6480,71.4400,80.7160,108.8920,18.7151,7.3311,5.5212,12.4361,11.4540,13.77
2019/6/4 12:52,108.2170,121.6860,137.2730,75.6500,71.4380,80.7150,108.8850,18.7124,7.3310,5.5212,12.4363,11.4538,13.77
2019/6/4 12:53,108.2200,121.7000,137.2780,75.6610,71.4520,80.7270,108.8960,18.7168,7.3316,5.5224,12.4414,11.4596,13.77
2019/6/4 12:54,108.2390,121.7180,137.3010,75.6640,71.4510,80.7310,108.9060,18.7202,7.3335,5.5221,12.4432,11.4666,13.77
2019/6/4 12:55,108.2400,121.7170,137.3120,75.6650,71.4520,80.7330,108.9110,18.7201,7.3391,5.5215,12.4437,11.4651,13.77
2019/6/4 12:56,108.2370,121.7130,137.3100,75.6660,71.4500,80.7320,108.9100,18.7190,7.3402,5.5210,12.4426,11.4657,13.77
2019/6/4 12:57,108.2250,121.7100,137.3050,75.6570,71.4520,80.7240,108.9010,18.7170,7.3390,5.5204,12.4425,11.4658,13.77
2019/6/4 12:58,108.2180,121.7080,137.3070,75.6590,71.4500,80.7220,108.8940,18.7159,7.3434,5.5201,12.4421,11.4674,13.77
2019/6/4 12:59,108.2270,121.6970,137.3090,75.6610,71.4560,80.7170,108.8960,18.7139,7.3420,5.5215,12.4407,11.4660,13.77
2019/6/4 13:00,108.2330,121.7010,137.3260,75.6620,71.4530,80.7190,108.9000,18.7157,7.3443,5.5230,12.4422,11.4654,13.77
2019/6/4 13:01,108.2390,121.6940,137.3110,75.6530,71.4520,80.7200,108.8970,18.7187,7.3444,5.5232,12.4412,11.4674,13.77
2019/6/4 13:02,108.2380,121.7020,137.3110,75.6540,71.4410,80.7200,108.8950,18.7316,7.3491,5.5253,12.4421,11.4676,13.77
2019/6/4 13:03,108.2330,121.7000,137.2910,75.6490,71.4370,80.7140,108.8930,18.7307,7.3479,5.5253,12.4419,11.4663,13.77
2019/6/4 13:04,108.2390,121.7020,137.2960,75.6500,71.4410,80.7180,108.8910,18.7314,7.3494,5.5266,12.4421,11.4666,13.77
2019/6/4 13:05,108.2350,121.7400,137.3070,75.6670,71.4520,80.7130,108.9160,18.7137,7.3479,5.5268,12.4451,11.4673,13.77
2019/6/4 13:06,108.2380,121.7260,137.2880,75.6550,71.4430,80.7140,108.9080,18.7078,7.3462,5.5258,12.4435,11.4662,13.77
2019/6/4 13:07,108.2460,121.7340,137.2970,75.6580,71.4430,80.7200,108.9150,18.7103,7.3464,5.5271,12.4442,11.4672,13.77
2019/6/4 13:08,108.2320,121.7240,137.2890,75.6500,71.4400,80.7090,108.9020,18.7052,7.3453,5.5252,12.4432,11.4662,13.77
2019/6/4 13:09,108.2400,121.7230,137.2900,75.6580,71.4410,80.7140,108.9010,18.6955,7.3458,5.5255,12.4430,11.4655,13.77
2019/6/4 13:10,108.2130,121.7070,137.2550,75.6440,71.4290,80.6910,108.8780,18.7088,7.3439,5.5241,12.4412,11.4626,13.77
2019/6/4 13:11,108.2050,121.7060,137.2580,75.6430,71.4390,80.6830,108.8840,18.7053,7.3433,5.5237,12.4412,11.4642,13.77
2019/6/4 13:12,108.2030,121.7000,137.2510,75.6380,71.4300,80.6770,108.8760,18.6978,7.3428,5.5220,12.4380,11.4636,13.77
2019/6/4 13:13,108.2070,121.7020,137.2480,75.6410,71.4350,80.6810,108.8770,18.6946,7.3434,5.5227,12.4382,11.4634,13.77
2019/6/4 13:14,108.2020,121.7250,137.2620,75.6590,71.4470,80.6860,108.8840,18.7166,7.3447,5.5235,12.4400,11.4649,13.77
2019/6/4 13:15,108.1900,121.7150,137.2360,75.6430,71.4380,80.6740,108.8830,18.7100,7.3426,5.5236,12.4387,11.4640,13.77
2019/6/4 13:16,108.1770,121.7040,137.2230,75.6350,71.4330,80.6670,108.8750,18.6943,7.3431,5.5232,12.4391,11.4630,13.77
2019/6/4 13:17,108.1650,121.6630,137.1840,75.6150,71.4130,80.6540,108.8520,18.6989,7.3401,5.5205,12.4351,11.4559,13.77
2019/6/4 13:18,108.1810,121.6980,137.2310,75.6350,71.4290,80.6780,108.8920,18.7069,7.3421,5.5216,12.4381,11.4604,13.77
2019/6/4 13:19,108.1860,121.6870,137.2220,75.6290,71.4140,80.6750,108.8870,18.7146,7.3421,5.5222,12.4374,11.4594,13.77
2019/6/4 13:20,108.1870,121.6830,137.2030,75.6210,71.4100,80.6810,108.8830,18.6993,7.3416,5.5227,12.4373,11.4587,13.77
2019/6/4 13:21,108.1800,121.6780,137.1940,75.6170,71.4100,80.6760,108.8680,18.7147,7.3418,5.5229,12.4381,11.4587,13.77
2019/6/4 13:22,108.1800,121.6840,137.2030,75.6190,71.4130,80.6830,108.8720,18.7118,7.3424,5.5235,12.4390,11.4598,13.77
2019/6/4 13:23,108.1750,121.6950,137.2100,75.6350,71.4270,80.6830,108.8740,18.7105,7.3468,5.5254,12.4443,11.4615,13.77
2019/6/4 13:24,108.1960,121.7070,137.2330,75.6380,71.4260,80.7050,108.8800,18.7008,7.3483,5.5262,12.4456,11.4637,13.77
2019/6/4 13:25,108.2160,121.7260,137.2610,75.6500,71.4390,80.7230,108.8960,18.7226,7.3497,5.5276,12.4475,11.4656,13.77
2019/6/4 13:26,108.2220,121.7410,137.2780,75.6540,71.4420,80.7320,108.9090,18.7404,7.3501,5.5277,12.4489,11.4667,13.77
2019/6/4 13:27,108.2210,121.7510,137.2820,75.6560,71.4490,80.7290,108.9140,18.7513,7.3500,5.5276,12.4500,11.4678,13.77
2019/6/4 13:28,108.2050,121.7370,137.2670,75.6540,71.4520,80.7250,108.9050,18.7470,7.3490,5.5270,12.4487,11.4667,13.77
2019/6/4 13:29,108.1880,121.7330,137.2740,75.6560,71.4540,80.7140,108.8970,18.7248,7.3465,5.5260,12.4481,11.4665,13.77
2019/6/4 13:30,108.1710,121.7200,137.2790,75.6520,71.4540,80.7070,108.8880,18.7163,7.3471,5.5254,12.4471,11.4668,13.77
2019/6/4 13:31,108.1860,121.7240,137.2880,75.6490,71.4410,80.7180,108.8990,18.7236,7.3460,5.5261,12.4478,11.4674,13.77
2019/6/4 13:32,108.1910,121.7240,137.2970,75.6560,71.4600,80.7250,108.8910,18.7480,7.3464,5.5262,12.4477,11.4673,13.77
2019/6/4 13:33,108.1850,121.7160,137.2980,75.6620,71.4630,80.7200,108.8880,18.7417,7.3465,5.5272,12.4467,11.4662,13.77
2019/6/4 13:34,108.1800,121.7120,137.3040,75.6600,71.4730,80.7210,108.8900,18.7468,7.3466,5.5268,12.4495,11.4665,13.77
2019/6/4 13:35,108.1790,121.7000,137.2890,75.6550,71.4620,80.7190,108.8870,18.7293,7.3462,5.5266,12.4475,11.4661,13.77
2019/6/4 13:36,108.1690,121.7030,137.2760,75.6590,71.4630,80.7100,108.8910,18.7282,7.3461,5.5257,12.4481,11.4657,13.77
2019/6/4 13:37,108.1700,121.7080,137.2770,75.6640,71.4660,80.7020,108.9030,18.7462,7.3438,5.5242,12.4479,11.4648,13.77
2019/6/4 13:38,108.1720,121.7210,137.2810,75.6620,71.4650,80.7030,108.9140,18.7470,7.3466,5.5221,12.4481,11.4649,13.77
2019/6/4 13:39,108.1690,121.7170,137.2850,75.6650,71.4630,80.7170,108.9090,18.7433,7.3496,5.5220,12.4486,11.4667,13.77
2019/6/4 13:40,108.1780,121.7060,137.2750,75.6560,71.4530,80.7190,108.8990,18.7279,7.3495,5.5223,12.4471,11.4656,13.77
2019/6/4 13:41,108.1730,121.7200,137.3060,75.6730,71.4680,80.7200,108.9090,18.7378,7.3492,5.5232,12.4473,11.4660,13.77
2019/6/4 13:42,108.1730,121.7210,137.3040,75.6710,71.4750,80.7200,108.9090,18.7407,7.3493,5.5242,12.4473,11.4661,13.77
2019/6/4 13:43,108.1670,121.7270,137.3050,75.6720,71.4740,80.7200,108.9460,18.7433,7.3493,5.5247,12.4456,11.4659,13.77
2019/6/4 13:44,108.1620,121.7250,137.3010,75.6690,71.4830,80.7180,108.9410,18.7332,7.3490,5.5256,12.4459,11.4657,13.77
2019/6/4 13:45,108.1620,121.7310,137.3120,75.6790,71.4900,80.7210,108.9530,18.7338,7.3520,5.5267,12.4468,11.4665,13.77
2019/6/4 13:46,108.1620,121.7280,137.3130,75.6770,71.4900,80.7280,108.9720,18.7424,7.3515,5.5270,12.4466,11.4663,13.77
2019/6/4 13:47,108.1560,121.7170,137.2980,75.6710,71.4880,80.7290,108.9630,18.7365,7.3505,5.5278,12.4454,11.4651,13.77
2019/6/4 13:48,108.1650,121.7210,137.3060,75.6780,71.4930,80.7400,108.9680,18.7363,7.3508,5.5292,12.4459,11.4657,13.77
2019/6/4 13:49,108.1320,121.7040,137.2650,75.6640,71.4790,80.7280,108.9460,18.7361,7.3489,5.5285,12.4453,11.4642,13.77
2019/6/4 13:50,108.0750,121.6620,137.2160,75.6370,71.4570,80.6970,108.9070,18.7258,7.3458,5.5238,12.4406,11.4597,13.77
2019/6/4 13:51,108.0750,121.6560,137.2010,75.6330,71.4460,80.6850,108.9190,18.7258,7.3476,5.5249,12.4415,11.4603,13.77
2019/6/4 13:52,108.0690,121.6400,137.1800,75.6290,71.4430,80.6800,108.9270,18.7185,7.3471,5.5259,12.4404,11.4594,13.77
2019/6/4 13:53,108.0760,121.6520,137.1920,75.6290,71.4430,80.6810,108.9210,18.7197,7.3474,5.5258,12.4426,11.4604,13.77
2019/6/4 13:54,108.0890,121.6650,137.2010,75.6370,71.4430,80.6890,108.9330,18.7220,7.3484,5.5256,12.4441,11.4618,13.77
2019/6/4 13:55,108.0860,121.6710,137.2040,75.6460,71.4510,80.6920,108.9510,18.7214,7.3495,5.5263,12.4446,11.4619,13.77
2019/6/4 13:56,108.0980,121.6760,137.2210,75.6540,71.4600,80.7030,108.9430,18.7236,7.3532,5.5294,12.4451,11.4629,13.77
2019/6/4 13:57,108.1040,121.6980,137.2480,75.6620,71.4720,80.7170,108.9510,18.7278,7.3551,5.5310,12.4496,11.4671,13.77
2019/6/4 13:58,108.1000,121.7040,137.2790,75.6670,71.4770,80.7130,108.9450,18.7293,7.3557,5.5310,12.4505,11.4676,13.77
2019/6/4 13:59,108.0870,121.6940,137.2630,75.6530,71.4700,80.7050,108.9430,18.7268,7.3548,5.5308,12.4493,11.4666,13.77
2019/6/4 14:00,108.0940,121.7050,137.2790,75.6620,71.4780,80.7200,108.9690,18.7409,7.3688,5.5323,12.4499,11.4684,13.77
2019/6/4 14:01,108.0770,121.6950,137.2790,75.6520,71.4670,80.7230,108.9730,18.7380,7.3620,5.5304,12.4533,11.4675,13.77
2019/6/4 14:02,108.0770,121.7070,137.2580,75.6650,71.4770,80.7120,108.9830,18.7412,7.3621,5.5294,12.4516,11.4678,13.77
2019/6/4 14:03,108.0740,121.7110,137.2750,75.6680,71.4740,80.7210,109.0040,18.7458,7.3621,5.5313,12.4551,11.4690,13.77
2019/6/4 14:04,108.0670,121.7240,137.2870,75.6770,71.4690,80.7120,109.0230,18.7446,7.3660,5.5322,12.4536,11.4697,13.77
2019/6/4 14:05,108.0570,121.7230,137.2770,75.6780,71.4720,80.7000,109.0260,18.7428,7.3712,5.5304,12.4520,11.4699,13.77
2019/6/4 14:06,108.0570,121.7180,137.2720,75.6730,71.4940,80.7040,109.0050,18.7428,7.3720,5.5305,12.4511,11.4696,13.77
2019/6/4 14:07,108.0560,121.7100,137.2840,75.6720,71.4970,80.7020,108.9920,18.7427,7.3701,5.5313,12.4498,11.4690,13.77
2019/6/4 14:08,108.0590,121.7220,137.2780,75.6730,71.4950,80.7050,109.0050,18.7432,7.3707,5.5318,12.4511,11.4702,13.77
2019/6/4 14:09,108.0630,121.7260,137.2920,75.6760,71.5020,80.7110,109.0080,18.7439,7.3707,5.5298,12.4513,11.4704,13.77
2019/6/4 14:10,108.0640,121.7130,137.2810,75.6750,71.4990,80.7070,109.0190,18.7440,7.3715,5.5306,12.4505,11.4697,13.77
2019/6/4 14:11,108.0280,121.6920,137.2710,75.6510,71.4860,80.6870,109.0030,18.7341,7.3706,5.5293,12.4478,11.4675,13.77
2019/6/4 14:12,108.0340,121.6940,137.2800,75.6560,71.4900,80.6910,109.0080,18.7325,7.3713,5.5303,12.4485,11.4686,13.77
2019/6/4 14:13,108.0310,121.6930,137.2680,75.6530,71.4900,80.6950,109.0050,18.7288,7.3718,5.5296,12.4485,11.4684,13.77
2019/6/4 14:14,108.0250,121.6860,137.2640,75.6540,71.4870,80.7050,109.0010,18.7263,7.3715,5.5306,12.4479,11.4678,13.77
2019/6/4 14:15,108.0470,121.7090,137.2820,75.6630,71.4990,80.7280,109.0240,18.7306,7.3729,5.5361,12.4503,11.4700,13.77
2019/6/4 14:16,108.0370,121.7130,137.3040,75.6680,71.5040,80.7250,109.0340,18.7312,7.3727,5.5315,12.4501,11.4684,13.77
2019/6/4 14:17,108.0450,121.6840,137.3150,75.6620,71.4990,80.7360,109.0200,18.7306,7.3723,5.5316,12.4479,11.4659,13.77
2019/6/4 14:18,108.0530,121.6780,137.3230,75.6540,71.4850,80.7340,108.9860,18.7353,7.3691,5.5290,12.4471,11.4648,13.77
2019/6/4 14:19,108.0530,121.6750,137.3400,75.6590,71.4940,80.7290,108.9860,18.7373,7.3683,5.5297,12.4469,11.4643,13.77
2019/6/4 14:20,108.0470,121.6660,137.3200,75.6540,71.4890,80.7160,108.9730,18.7306,7.3675,5.5284,12.4449,11.4629,13.77
2019/6/4 14:21,108.0550,121.6650,137.3260,75.6470,71.4820,80.7170,108.9800,18.7367,7.3668,5.5283,12.4426,11.4625,13.77
2019/6/4 14:22,108.0630,121.6590,137.3430,75.6540,71.4890,80.7290,108.9870,18.7332,7.3707,5.5307,12.4444,11.4626,13.77
2019/6/4 14:23,108.0640,121.6430,137.3150,75.6500,71.4760,80.7240,108.9750,18.7379,7.3697,5.5299,12.4434,11.4617,13.77
2019/6/4 14:24,108.0810,121.6390,137.3150,75.6510,71.4780,80.7260,108.9650,18.7350,7.3719,5.5315,12.4435,11.4618,13.77
2019/6/4 14:25,108.0690,121.6610,137.3230,75.6540,71.4830,80.7160,108.9720,18.7290,7.3728,5.5317,12.4445,11.4640,13.77
2019/6/4 14:26,108.0510,121.6420,137.3090,75.6480,71.4780,80.7040,108.9620,18.7255,7.3703,5.5307,12.4430,11.4621,13.77
2019/6/4 14:27,108.0510,121.6530,137.3310,75.6530,71.4810,80.7140,108.9760,18.7291,7.3723,5.5330,12.4447,11.4654,13.77
2019/6/4 14:28,108.0520,121.6530,137.3120,75.6440,71.4810,80.7110,108.9770,18.7311,7.3710,5.5324,12.4445,11.4652,13.77
2019/6/4 14:29,108.0470,121.6490,137.3060,75.6480,71.4880,80.7180,108.9760,18.7311,7.3741,5.5320,12.4441,11.4655,13.77
2019/6/4 14:30,108.0600,121.6630,137.3220,75.6570,71.4970,80.7280,108.9880,18.7384,7.3747,5.5337,12.4477,11.4669,13.77
2019/6/4 14:31,108.0550,121.6600,137.3160,75.6520,71.4920,80.7230,108.9900,18.7391,7.3741,5.5313,12.4468,11.4666,13.77
2019/6/4 14:32,108.0550,121.6510,137.3150,75.6420,71.4800,80.7040,108.9900,18.7350,7.3736,5.5302,12.4445,11.4656,13.77
2019/6/4 14:33,108.0370,121.6680,137.3260,75.6470,71.4900,80.6970,109.0070,18.7386,7.3723,5.5294,12.4462,11.4673,13.77
2019/6/4 14:34,108.0390,121.6640,137.3270,75.6480,71.4880,80.6980,109.0070,18.7397,7.3724,5.5294,12.4460,11.4663,13.77
2019/6/4 14:35,108.0410,121.6720,137.3400,75.6450,71.4830,80.7030,109.0200,18.7400,7.3726,5.5295,12.4466,11.4670,13.77
2019/6/4 14:36,108.0220,121.6670,137.3280,75.6350,71.4860,80.6930,109.0530,18.7367,7.3722,5.5285,12.4450,11.4665,13.77
2019/6/4 14:37,108.0350,121.6800,137.3440,75.6420,71.4890,80.7090,109.0690,18.7377,7.3728,5.5290,12.4463,11.4673,13.77
2019/6/4 14:38,108.0400,121.6920,137.3490,75.6470,71.5020,80.7110,109.0630,18.7384,7.3737,5.5295,12.4484,11.4677,13.77
2019/6/4 14:39,108.0440,121.6780,137.3420,75.6480,71.5000,80.7060,109.0630,18.7381,7.3735,5.5295,12.4470,11.4662,13.77
2019/6/4 14:40,108.0450,121.6740,137.3340,75.6400,71.4970,80.6830,109.0570,18.7390,7.3738,5.5301,12.4466,11.4658,13.77
2019/6/4 14:41,108.0450,121.6680,137.3260,75.6450,71.4960,80.6950,109.0460,18.7390,7.3752,5.5299,12.4464,11.4653,13.77
2019/6/4 14:42,108.0520,121.6630,137.3150,75.6430,71.4940,80.6930,109.0390,18.7230,7.3754,5.5301,12.4467,11.4647,13.77
2019/6/4 14:43,108.0550,121.6680,137.3140,75.6440,71.4940,80.6960,109.0350,18.7265,7.3744,5.5302,12.4473,11.4652,13.77
2019/6/4 14:44,108.0510,121.6650,137.3180,75.6430,71.5000,80.6930,109.0490,18.7307,7.3751,5.5309,12.4468,11.4649,13.77
2019/6/4 14:45,108.0530,121.6640,137.3220,75.6420,71.4930,80.6880,109.0490,18.7306,7.3751,5.5307,12.4466,11.4650,13.77
2019/6/4 14:46,108.0590,121.6770,137.3280,75.6420,71.4960,80.6860,109.0600,18.7320,7.3756,5.5311,12.4475,11.4644,13.77
2019/6/4 14:47,108.0700,121.6860,137.3350,75.6460,71.4920,80.6970,109.0640,18.7299,7.3757,5.5312,12.4487,11.4661,13.77
2019/6/4 14:48,108.0640,121.6880,137.3370,75.6440,71.4990,80.6860,109.0650,18.7300,7.3759,5.5309,12.4486,11.4666,13.77
2019/6/4 14:49,108.0640,121.6890,137.3360,75.6430,71.4980,80.6840,109.0660,18.7299,7.3762,5.5311,12.4482,11.4674,13.77
2019/6/4 14:50,108.0610,121.6890,137.3320,75.6400,71.4950,80.6850,109.0700,18.7302,7.3757,5.5297,12.4469,11.4668,13.77
2019/6/4 14:51,108.0650,121.6780,137.3260,75.6440,71.4970,80.6860,109.0750,18.7271,7.3767,5.5299,12.4457,11.4654,13.77
2019/6/4 14:52,108.0630,121.6630,137.3040,75.6300,71.4860,80.6810,109.0730,18.7233,7.3725,5.5284,12.4419,11.4625,13.77
2019/6/4 14:53,108.0580,121.6510,137.3070,75.6240,71.4730,80.6660,109.0510,18.7183,7.3724,5.5270,12.4408,11.4615,13.77
2019/6/4 14:54,108.0810,121.6610,137.3140,75.6270,71.4860,80.6810,109.0500,18.7181,7.3727,5.5278,12.4419,11.4624,13.77
2019/6/4 14:55,108.0870,121.6740,137.3210,75.6340,71.4800,80.6870,109.0540,18.7200,7.3717,5.5272,12.4428,11.4635,13.77
2019/6/4 14:56,108.0940,121.6810,137.3200,75.6410,71.4930,80.6920,109.0520,18.7211,7.3714,5.5274,12.4431,11.4642,13.77
2019/6/4 14:57,108.0840,121.6690,137.3080,75.6360,71.4910,80.6850,109.0440,18.7190,7.3706,5.5262,12.4412,11.4619,13.77
2019/6/4 14:58,108.0660,121.6690,137.2850,75.6200,71.4790,80.6660,109.0450,18.7095,7.3690,5.5261,12.4391,11.4592,13.77
2019/6/4 14:59,108.0590,121.6610,137.2780,75.6050,71.4680,80.6660,109.0510,18.7064,7.3726,5.5257,12.4386,11.4587,13.77
2019/6/4 15:00,108.0690,121.6590,137.2800,75.6120,71.4730,80.6730,109.0550,18.7052,7.3732,5.5272,12.4390,11.4584,13.77
2019/6/4 15:01,108.0680,121.6580,137.2870,75.6120,71.4740,80.6620,109.0550,18.7044,7.3733,5.5274,12.4390,11.4584,13.77
2019/6/4 15:02,108.0630,121.6590,137.2830,75.6110,71.4720,80.6600,109.0610,18.7014,7.3702,5.5267,12.4388,11.4581,13.77
2019/6/4 15:03,108.0770,121.6700,137.3000,75.6190,71.4780,80.6620,109.0670,18.7047,7.3709,5.5272,12.4402,11.4607,13.77
2019/6/4 15:04,108.0860,121.6860,137.3100,75.6290,71.4890,80.6800,109.0780,18.7077,7.3814,5.5273,12.4439,11.4637,13.77
2019/6/4 15:05,108.0970,121.6900,137.3240,75.6350,71.4930,80.6910,109.0860,18.7099,7.3790,5.5268,12.4461,11.4652,13.77
2019/6/4 15:06,108.1060,121.6950,137.3280,75.6400,71.4970,80.7010,109.0860,18.7101,7.3799,5.5272,12.4472,11.4661,13.77
2019/6/4 15:07,108.0980,121.6890,137.3160,75.6330,71.4930,80.6950,109.0860,18.7124,7.3786,5.5268,12.4466,11.4652,13.77
2019/6/4 15:08,108.1090,121.6950,137.3200,75.6410,71.5010,80.7020,109.0890,18.7153,7.3769,5.5274,12.4473,11.4659,13.77
2019/6/4 15:09,108.1150,121.6960,137.3260,75.6430,71.5040,80.7030,109.0790,18.7160,7.3764,5.5279,12.4470,11.4659,13.77
2019/6/4 15:10,108.1230,121.7040,137.3280,75.6410,71.4990,80.7120,109.0800,18.7163,7.3758,5.5290,12.4477,11.4667,13.77
2019/6/4 15:11,108.1220,121.7050,137.3240,75.6360,71.4990,80.7030,109.0780,18.7164,7.3756,5.5283,12.4476,11.4666,13.77
2019/6/4 15:12,108.1340,121.7150,137.3420,75.6450,71.4960,80.7110,109.0840,18.7179,7.3757,5.5290,12.4495,11.4682,13.77
2019/6/4 15:13,108.1270,121.7100,137.3340,75.6410,71.4920,80.7080,109.0760,18.7172,7.3746,5.5291,12.4487,11.4675,13.77
2019/6/4 15:14,108.1360,121.7120,137.3540,75.6390,71.4920,80.7070,109.0780,18.7185,7.3741,5.5289,12.4491,11.4680,13.77
2019/6/4 15:15,108.1290,121.7060,137.3480,75.6340,71.4910,80.7020,109.0720,18.7170,7.3716,5.5283,12.4480,11.4674,13.77
2019/6/4 15:16,108.1320,121.7100,137.3610,75.6370,71.4940,80.7050,109.0670,18.7177,7.3719,5.5291,12.4483,11.4671,13.77
2019/6/4 15:17,108.1290,121.7140,137.3580,75.6350,71.4920,80.7090,109.0730,18.7178,7.3711,5.5292,12.4481,11.4677,13.77
2019/6/4 15:18,108.1280,121.7070,137.3560,75.6320,71.4920,80.7060,109.0700,18.7173,7.3706,5.5288,12.4477,11.4671,13.77
2019/6/4 15:19,108.1330,121.7160,137.3610,75.6370,71.4950,80.7120,109.0780,18.7186,7.3711,5.5291,12.4486,11.4682,13.77
2019/6/4 15:20,108.1210,121.7060,137.3460,75.6290,71.4880,80.7030,109.0680,18.7232,7.3711,5.5284,12.4476,11.4691,13.77
2019/6/4 15:21,108.1220,121.7080,137.3480,75.6270,71.4870,80.7030,109.0600,18.7122,7.3706,5.5256,12.4472,11.4684,13.77
2019/6/4 15:22,108.1230,121.7030,137.3500,75.6290,71.4880,80.6990,109.0390,18.7151,7.3709,5.5255,12.4471,11.4670,13.77
2019/6/4 15:23,108.1270,121.7110,137.3550,75.6310,71.4910,80.7020,109.0400,18.7127,7.3715,5.5248,12.4473,11.4675,13.77
2019/6/4 15:24,108.1280,121.7090,137.3580,75.6340,71.4930,80.7020,109.0440,18.7286,7.3714,5.5228,12.4478,11.4674,13.77
2019/6/4 15:25,108.1280,121.7100,137.3540,75.6320,71.4920,80.7010,109.0410,18.7275,7.3696,5.5228,12.4477,11.4674,13.77
2019/6/4 15:26,108.1280,121.7140,137.3560,75.6320,71.4920,80.7070,109.0330,18.7220,7.3695,5.5225,12.4478,11.4676,13.77
2019/6/4 15:27,108.1280,121.7060,137.3550,75.6310,71.4930,80.6980,109.0270,18.7216,7.3691,5.5226,12.4469,11.4664,13.77
2019/6/4 15:28,108.1280,121.7100,137.3540,75.6340,71.4930,80.7020,109.0340,18.7262,7.3689,5.5227,12.4466,11.4663,13.77
2019/6/4 15:29,108.1330,121.7160,137.3600,75.6360,71.5050,80.7060,109.0390,18.7271,7.3691,5.5229,12.4471,11.4674,13.77
2019/6/4 15:30,108.1290,121.7130,137.3630,75.6340,71.5010,80.7090,109.0410,18.7223,7.3691,5.5225,12.4464,11.4670,13.77
2019/6/4 15:31,108.1300,121.7170,137.3600,75.6330,71.5020,80.7080,109.0420,18.7232,7.3692,5.5218,12.4466,11.4663,13.77
2019/6/4 15:32,108.1160,121.7120,137.3590,75.6270,71.4940,80.7040,109.0290,18.7208,7.3686,5.5206,12.4454,11.4665,13.77
2019/6/4 15:33,108.1030,121.7070,137.3460,75.6290,71.4990,80.6960,109.0300,18.7139,7.3676,5.5198,12.4443,11.4661,13.77
2019/6/4 15:34,108.0890,121.6920,137.3260,75.6170,71.4900,80.6810,109.0220,18.7115,7.3670,5.5196,12.4428,11.4644,13.77
2019/6/4 15:35,108.0970,121.7000,137.3340,75.6220,71.4940,80.6920,109.0250,18.7210,7.3676,5.5200,12.4435,11.4654,13.77
2019/6/4 15:36,108.1010,121.7050,137.3410,75.6230,71.4960,80.6940,109.0300,18.7189,7.3679,5.5210,12.4438,11.4656,13.77
2019/6/4 15:37,108.0890,121.7010,137.3270,75.6170,71.4910,80.6890,109.0240,18.7152,7.3688,5.5209,12.4434,11.4652,13.77
2019/6/4 15:38,108.0890,121.7030,137.3350,75.6260,71.4980,80.6900,109.0340,18.7078,7.3689,5.5216,12.4441,11.4655,13.77
2019/6/4 15:39,108.0790,121.6990,137.3350,75.6180,71.4960,80.6870,109.0240,18.7090,7.3686,5.5213,12.4436,11.4660,13.77
2019/6/4 15:40,108.0670,121.6940,137.3270,75.6180,71.4910,80.6710,109.0360,18.7144,7.3678,5.5208,12.4426,11.4650,13.77
2019/6/4 15:41,108.0600,121.6850,137.3150,75.6060,71.4840,80.6630,109.0300,18.7159,7.3671,5.5198,12.4416,11.4632,13.77
2019/6/4 15:42,108.0640,121.6860,137.3170,75.6060,71.4940,80.6610,109.0370,18.7154,7.3672,5.5186,12.4414,11.4638,13.77
2019/6/4 15:43,108.0640,121.6840,137.3270,75.6110,71.4960,80.6680,109.0450,18.7152,7.3677,5.5180,12.4416,11.4632,13.77
2019/6/4 15:44,108.0650,121.6930,137.3170,75.6070,71.4940,80.6660,109.0440,18.7158,7.3676,5.5179,12.4427,11.4643,13.77
2019/6/4 15:45,108.0680,121.7030,137.3310,75.6130,71.4970,80.6740,109.0460,18.7174,7.3675,5.5177,12.4434,11.4648,13.77
2019/6/4 15:46,108.0760,121.7070,137.3420,75.6180,71.5010,80.6800,109.0480,18.7190,7.3679,5.5168,12.4435,11.4647,13.77
2019/6/4 15:47,108.0770,121.7120,137.3540,75.6200,71.5010,80.6800,109.0510,18.7180,7.3678,5.5169,12.4439,11.4655,13.77
2019/6/4 15:48,108.0790,121.7000,137.3460,75.6120,71.4950,80.6770,109.0410,18.7172,7.3678,5.5174,12.4424,11.4647,13.77
2019/6/4 15:49,108.0630,121.7070,137.3730,75.6130,71.5030,80.6700,109.0430,18.7170,7.3668,5.5187,12.4424,11.4672,13.77
2019/6/4 15:50,108.0590,121.7110,137.3500,75.6140,71.5000,80.6680,109.0460,18.7160,7.3669,5.5228,12.4433,11.4681,13.77
2019/6/4 15:51,108.0570,121.7130,137.3480,75.6120,71.4980,80.6660,109.0480,18.7090,7.3721,5.5229,12.4440,11.4682,13.77
2019/6/4 15:52,108.0590,121.7080,137.3410,75.6060,71.4910,80.6660,109.0450,18.7093,7.3725,5.5236,12.4440,11.4682,13.77
2019/6/4 15:53,108.0470,121.7060,137.3450,75.6080,71.4930,80.6580,109.0340,18.7075,7.3730,5.5246,12.4435,11.4683,13.77
2019/6/4 15:54,108.0570,121.6960,137.3390,75.6060,71.4890,80.6630,109.0230,18.7090,7.3695,5.5250,12.4440,11.4676,13.77
2019/6/4 15:55,108.0640,121.6870,137.3280,75.6000,71.4830,80.6650,109.0200,18.7100,7.3702,5.5265,12.4435,11.4668,13.77
2019/6/4 15:56,108.0710,121.6960,137.3550,75.6060,71.4890,80.6700,109.0360,18.7117,7.3754,5.5255,12.4443,11.4675,13.77
2019/6/4 15:57,108.0810,121.6890,137.3560,75.6110,71.4930,80.6820,109.0340,18.7176,7.3725,5.5274,12.4436,11.4657,13.77
2019/6/4 15:58,108.0820,121.6740,137.3500,75.6150,71.4810,80.6790,109.0160,18.7148,7.3729,5.5279,12.4421,11.4642,13.77
2019/6/4 15:59,108.0890,121.6780,137.3590,75.6180,71.4860,80.6840,109.0130,18.7113,7.3734,5.5268,12.4425,11.4647,13.77
2019/6/4 16:00,108.1050,121.6950,137.3670,75.6270,71.4870,80.6880,109.0400,18.7159,7.3750,5.5282,12.4443,11.4652,13.77
2019/6/4 16:01,108.1000,121.6880,137.3640,75.6250,71.4840,80.6860,109.0380,18.7149,7.3789,5.5285,12.4495,11.4650,13.77
2019/6/4 16:02,108.1000,121.6860,137.3610,75.6260,71.4840,80.6870,109.0480,18.7155,7.3803,5.5286,12.4487,11.4657,13.77
2019/6/4 16:03,108.1030,121.6800,137.3330,75.6180,71.4750,80.6810,109.0250,18.7165,7.3802,5.5292,12.4469,11.4645,13.77
2019/6/4 16:04,108.1000,121.6830,137.3240,75.6150,71.4740,80.6760,109.0260,18.7151,7.3813,5.5285,12.4471,11.4647,13.77
2019/6/4 16:05,108.1000,121.6800,137.3220,75.6260,71.4740,80.6860,109.0210,18.7151,7.3802,5.5280,12.4470,11.4646,13.77
2019/6/4 16:06,108.0970,121.6830,137.3180,75.6250,71.4760,80.6900,109.0260,18.7170,7.3812,5.5268,12.4483,11.4649,13.77
2019/6/4 16:07,108.1020,121.6880,137.3230,75.6280,71.4780,80.6940,109.0170,18.7179,7.3816,5.5274,12.4487,11.4654,13.77
2019/6/4 16:08,108.0990,121.6830,137.3170,75.6340,71.4810,80.6920,109.0090,18.7176,7.3824,5.5274,12.4476,11.4650,13.77
2019/6/4 16:09,108.0920,121.6730,137.3070,75.6210,71.4730,80.6910,109.0000,18.7161,7.3819,5.5272,12.4467,11.4642,13.77
2019/6/4 16:10,108.1000,121.6740,137.3180,75.6220,71.4730,80.7130,109.0090,18.7176,7.3851,5.5287,12.4466,11.4642,13.77
2019/6/4 16:11,108.0990,121.6730,137.3200,75.6230,71.4730,80.7090,109.0070,18.7175,7.3849,5.5275,12.4462,11.4641,13.77
2019/6/4 16:12,108.1000,121.6710,137.3200,75.6220,71.4740,80.7080,109.0060,18.7179,7.3845,5.5284,12.4464,11.4639,13.77
2019/6/4 16:13,108.0980,121.6670,137.3190,75.6220,71.4710,80.7060,109.0120,18.7175,7.3843,5.5276,12.4461,11.4636,13.77
2019/6/4 16:14,108.1020,121.6660,137.3220,75.6230,71.4740,80.7060,109.0170,18.7180,7.3847,5.5286,12.4457,11.4636,13.77
2019/6/4 16:15,108.1160,121.6690,137.3290,75.6220,71.4770,80.7150,109.0110,18.7204,7.3851,5.5293,12.4463,11.4639,13.77
2019/6/4 16:16,108.1220,121.6770,137.3350,75.6180,71.4760,80.7150,109.0080,18.7202,7.3835,5.5287,12.4470,11.4644,13.77
2019/6/4 16:17,108.1430,121.7010,137.3640,75.6320,71.4860,80.7290,109.0270,18.7232,7.3851,5.5292,12.4495,11.4666,13.77
2019/6/4 16:18,108.1440,121.6960,137.3640,75.6340,71.4910,80.7300,109.0280,18.7209,7.3850,5.5293,12.4491,11.4663,13.77
2019/6/4 16:19,108.1380,121.6930,137.3580,75.6300,71.4860,80.7210,109.0220,18.7225,7.3848,5.5294,12.4487,11.4659,13.77
2019/6/4 16:20,108.1320,121.6850,137.3380,75.6250,71.4830,80.7100,109.0170,18.7223,7.3841,5.5281,12.4457,11.4645,13.77
2019/6/4 16:21,108.1300,121.6790,137.3350,75.6190,71.4810,80.7090,109.0120,18.7211,7.3840,5.5280,12.4452,11.4642,13.77
2019/6/4 16:22,108.1380,121.6880,137.3440,75.6260,71.4870,80.7140,109.0170,18.7229,7.3851,5.5285,12.4459,11.4645,13.77
2019/6/4 16:23,108.1350,121.6800,137.3330,75.6220,71.4850,80.7120,109.0170,18.7223,7.3850,5.5283,12.4453,11.4642,13.77
2019/6/4 16:24,108.1330,121.6770,137.3290,75.6240,71.4830,80.7110,109.0130,18.7212,7.3841,5.5281,12.4451,11.4638,13.77
2019/6/4 16:26,108.1330,121.6790,137.3290,75.6240,71.4790,80.7180,109.0070,18.7244,7.3838,5.5281,12.4390,11.4638,13.77
2019/6/4 16:27,108.1340,121.6780,137.3290,75.6150,71.4720,80.7220,108.9990,18.7176,7.3838,5.5281,12.4403,11.4636,13.77
2019/6/4 16:28,108.1360,121.6800,137.3320,75.6130,71.4630,80.7230,108.9990,18.7213,7.3844,5.5282,12.4407,11.4631,13.77
2019/6/4 16:29,108.1430,121.6850,137.3320,75.6200,71.4680,80.7290,109.0060,18.7231,7.3849,5.5285,12.4408,11.4640,13.77
2019/6/4 16:30,108.1470,121.6940,137.3380,75.6260,71.4710,80.7310,109.0090,18.7175,7.3829,5.5289,12.4418,11.4648,13.77
2019/6/4 16:32,108.1440,121.7040,137.3400,75.6230,71.4690,80.7360,109.0160,18.7162,7.3818,5.5286,12.4428,11.4654,13.77
2019/6/4 16:33,108.1460,121.7070,137.3410,75.6250,71.4700,80.7380,109.0140,18.7174,7.3822,5.5288,12.4441,11.4658,13.77
2019/6/4 16:34,108.1430,121.7060,137.3390,75.6280,71.4680,80.7420,109.0130,18.7227,7.3818,5.5287,12.4427,11.4655,13.77
2019/6/4 16:35,108.1440,121.7050,137.3390,75.6300,71.4690,80.7370,109.0110,18.7228,7.3829,5.5287,12.4421,11.4656,13.77
2019/6/4 16:36,108.1440,121.7010,137.3360,75.6290,71.4690,80.7350,109.0100,18.7230,7.3808,5.5287,12.4423,11.4653,13.77
2019/6/4 16:37,108.1450,121.7040,137.3340,75.6270,71.4700,80.7380,109.0100,18.7227,7.3811,5.5288,12.4426,11.4654,13.77
2019/6/4 16:38,108.1360,121.7080,137.3270,75.6290,71.4660,80.7410,109.0020,18.7195,7.3810,5.5285,12.4428,11.4657,13.77
2019/6/4 16:39,108.1340,121.7020,137.3330,75.6250,71.4660,80.7330,109.0030,18.7192,7.3809,5.5284,12.4417,11.4653,13.77
2019/6/4 16:40,108.1340,121.7010,137.3350,75.6240,71.4670,80.7290,109.0080,18.7204,7.3809,5.5275,12.4414,11.4653,13.77
2019/6/4 16:41,108.1290,121.6890,137.3240,75.6130,71.4630,80.7180,109.0030,18.7195,7.3801,5.5278,12.4400,11.4641,13.77
2019/6/4 16:42,108.1290,121.6890,137.3260,75.6080,71.4630,80.7190,109.0020,18.7233,7.3802,5.5278,12.4399,11.4634,13.77
2019/6/4 16:43,108.1290,121.6880,137.3160,75.6020,71.4590,80.7130,109.0020,18.7231,7.3801,5.5279,12.4397,11.4633,13.77
2019/6/4 16:44,108.1240,121.6800,137.3100,75.6060,71.4610,80.7150,108.9990,18.7225,7.3799,5.5271,12.4386,11.4622,13.77
2019/6/4 16:45,108.1180,121.6750,137.3140,75.6040,71.4650,80.7220,108.9940,18.7214,7.3794,5.5281,12.4388,11.4610,13.77
2019/6/4 16:46,108.1300,121.6870,137.3270,75.6220,71.4770,80.7330,109.0050,18.7235,7.3803,5.5288,12.4394,11.4622,13.77
2019/6/4 16:47,108.1350,121.6960,137.3330,75.6250,71.4890,80.7360,109.0110,18.7243,7.3801,5.5292,12.4404,11.4631,13.77
2019/6/4 16:48,108.1360,121.6970,137.3350,75.6160,71.4890,80.7360,109.0030,18.7221,7.3804,5.5291,12.4406,11.4629,13.77
2019/6/4 16:49,108.1380,121.6930,137.3370,75.6170,71.4900,80.7360,109.0030,18.7241,7.3801,5.5291,12.4401,11.4629,13.77
2019/6/4 16:50,108.1360,121.6930,137.3360,75.6140,71.4800,80.7350,108.9990,18.7252,7.3796,5.5291,12.4390,11.4650,13.77
2019/6/4 16:51,108.1360,121.6860,137.3260,75.6150,71.4800,80.7310,109.0090,18.7240,7.3794,5.5288,12.4382,11.4642,13.77
2019/6/4 16:52,108.1340,121.6830,137.3120,75.6130,71.4790,80.7290,108.9990,18.7238,7.3793,5.5287,12.4380,11.4635,13.77
2019/6/4 16:53,108.1350,121.6850,137.3150,75.6140,71.4790,80.7250,109.0070,18.7238,7.3793,5.5285,12.4381,11.4627,13.77
2019/6/4 16:54,108.1370,121.6760,137.3180,75.6060,71.4770,80.7270,109.0000,18.7100,7.3800,5.5286,12.4367,11.4627,13.77
2019/6/4 16:55,108.1380,121.6830,137.3230,75.6080,71.4810,80.7330,109.0010,18.7171,7.3754,5.5289,12.4379,11.4622,13.77
2019/6/4 16:56,108.1380,121.6820,137.3140,75.6070,71.4790,80.7300,108.9980,18.7175,7.3768,5.5288,12.4376,11.4622,13.77
2019/6/4 16:57,108.1390,121.6800,137.3150,75.6060,71.4670,80.7290,108.9990,18.7211,7.3740,5.5298,12.4379,11.4623,13.77
2019/6/4 16:58,108.1480,121.6880,137.3330,75.6040,71.4700,80.7480,108.9810,18.7224,7.3768,5.5296,12.4381,11.4632,13.77
2019/6/4 16:59,108.1430,121.6770,137.2890,75.6000,71.4460,80.7250,108.9850,18.7228,7.3789,5.5298,12.4396,11.4633,13.77
2019/6/4 17:00,108.1390,121.6680,137.2790,75.5970,71.4660,80.7270,108.9680,18.7221,7.3839,5.5296,12.4389,11.4568,13.77
2019/6/4 17:01,108.1360,121.6660,137.2690,75.5930,71.4580,80.7170,108.9600,18.7216,7.3837,5.5295,12.4385,11.4605,13.77
2019/6/4 17:02,108.1390,121.6590,137.2760,75.5980,71.4600,80.7210,108.9710,18.7221,7.3851,5.5296,12.4390,11.4608,13.77
2019/6/4 17:03,108.1390,121.6650,137.2840,75.5980,71.4660,80.7200,108.9730,18.7221,7.3851,5.5296,12.4390,11.4608,13.77
2019/6/4 17:04,108.1390,121.6780,137.3170,75.6020,71.4650,80.7220,108.9680,18.7221,7.3851,5.5296,12.4396,11.4618,13.77
2019/6/4 17:05,108.1410,121.6800,137.3190,75.6040,71.4660,80.7210,108.9340,18.7224,7.3837,5.5297,12.4399,11.4620,13.77
2019/6/4 17:06,108.1410,121.6790,137.3250,75.6020,71.4660,80.7220,108.9660,18.7224,7.3837,5.5300,12.4400,11.4626,13.77
2019/6/4 17:07,108.1390,121.6790,137.3240,75.6020,71.4660,80.7220,108.9490,18.7221,7.3843,5.5300,12.4398,11.4624,13.77
2019/6/4 17:08,108.1390,121.6780,137.3230,75.6010,71.4650,80.7210,108.9590,18.7221,7.3863,5.5300,12.4398,11.4624,13.77
2019/6/4 17:09,108.1390,121.6960,137.3240,75.6010,71.4640,80.7180,108.9600,18.7221,7.3863,5.5304,12.4425,11.4647,13.77
2019/6/4 17:10,108.1400,121.6960,137.3240,75.6040,71.4650,80.7130,108.9580,18.7223,7.3864,5.5304,12.4429,11.4649,13.77
2019/6/4 17:11,108.1400,121.6990,137.3280,75.6030,71.4660,80.7140,108.9580,18.7223,7.3864,5.5301,12.4423,11.4646,13.77
2019/6/4 17:12,108.1390,121.6990,137.3270,75.6060,71.4650,80.7140,108.9590,18.7221,7.3863,5.5300,12.4422,11.4645,13.77
2019/6/4 17:13,108.1350,121.6910,137.3180,75.6010,71.4610,80.7100,108.9520,18.7214,7.3861,5.5298,12.4417,11.4641,13.77
2019/6/4 17:14,108.1350,121.6910,137.3180,75.6020,71.4620,80.7110,108.9520,18.7214,7.3861,5.5298,12.4417,11.4640,13.77
2019/6/4 17:15,108.1350,121.6910,137.2780,75.6020,71.4610,80.7110,108.9610,18.7214,7.3861,5.5293,12.4416,11.4639,13.77
2019/6/4 17:16,108.1360,121.6940,137.2900,75.6020,71.4610,80.7110,108.9630,18.7216,7.3861,5.5294,12.4417,11.4640,13.77
2019/6/4 17:17,108.1330,121.6870,137.2860,75.5990,71.4570,80.7070,108.9580,18.7211,7.3859,5.5294,12.4414,11.4649,13.77
2019/6/4 17:18,108.1320,121.6780,137.2910,75.6020,71.4600,80.7100,108.9580,18.7209,7.3859,5.5293,12.4404,11.4640,13.77
2019/6/4 17:19,108.1320,121.6830,137.2920,75.6010,71.4600,80.7100,108.9570,18.7209,7.3859,5.5293,12.4408,11.4644,13.77
2019/6/4 17:20,108.1320,121.6840,137.2900,75.6050,71.4600,80.6870,108.9570,18.7209,7.3859,5.5298,12.4408,11.4645,13.77
2019/6/4 17:21,108.1320,121.6840,137.2890,75.6050,71.4600,80.6990,108.9590,18.7209,7.3846,5.5298,12.4408,11.4646,13.77
2019/6/4 17:22,108.1320,121.6850,137.2890,75.6060,71.4600,80.7010,108.9580,18.7209,7.3828,5.5298,12.4408,11.4646,13.77
2019/6/4 17:23,108.1320,121.6860,137.2890,75.6060,71.4600,80.7010,108.9660,18.7209,7.3828,5.5300,12.4408,11.4646,13.77
2019/6/4 17:24,108.1330,121.6850,137.2890,75.5990,71.4600,80.7010,108.9700,18.7211,7.3827,5.5299,12.4409,11.4648,13.77
2019/6/4 17:25,108.1330,121.6850,137.2890,75.5990,71.4600,80.6960,108.9740,18.7211,7.3828,5.5299,12.4409,11.4660,13.77
2019/6/4 17:26,108.1320,121.6850,137.2900,75.5990,71.4600,80.6960,108.9730,18.7209,7.3828,5.5298,12.4458,11.4689,13.77
2019/6/4 17:27,108.1580,121.7080,137.3070,75.6200,71.4710,80.7150,108.9270,18.7254,7.3845,5.5312,12.4488,11.4686,13.77
2019/6/4 17:28,108.1440,121.6950,137.2910,75.6140,71.4620,80.7060,108.9750,18.7230,7.3835,5.5304,12.4469,11.4677,13.77
2019/6/4 17:29,108.1420,121.7020,137.2520,75.6140,71.4640,80.6900,108.9670,18.7226,7.3833,5.5302,12.4470,11.4692,13.77
2019/6/4 17:30,108.1570,121.7080,137.3130,75.6210,71.4840,80.7290,109.0080,18.7252,7.3815,5.5308,12.4487,11.4706,13.77
2019/6/4 17:31,108.1540,121.6860,137.3270,75.6200,71.4860,80.7270,109.0100,18.7247,7.3811,5.5307,12.4453,11.4673,13.77
2019/6/4 17:32,108.1540,121.6930,137.3320,75.6170,71.4850,80.7270,109.0040,18.7247,7.3807,5.5309,12.4462,11.4669,13.77
2019/6/4 17:33,108.1480,121.6930,137.3310,75.6140,71.4800,80.7390,108.9780,18.7237,7.3803,5.5304,12.4455,11.4629,13.77
2019/6/4 17:34,108.1460,121.6830,137.3290,75.6160,71.4820,80.7390,108.9770,18.7233,7.3802,5.5302,12.4440,11.4615,13.77
2019/6/4 17:35,108.1530,121.7130,137.3250,75.6170,71.4790,80.7420,108.9780,18.7245,7.3807,5.5318,12.4471,11.4705,13.77
2019/6/4 17:36,108.1480,121.7040,137.3190,75.6140,71.4610,80.7370,108.9790,18.7237,7.3831,5.5303,12.4462,11.4693,13.77
2019/6/4 17:37,108.1550,121.7090,137.3270,75.6210,71.4610,80.7410,108.9870,18.7249,7.3846,5.5307,12.4470,11.4697,13.77
2019/6/4 17:38,108.1570,121.7100,137.3270,75.6210,71.4610,80.7420,108.9880,18.7252,7.3844,5.5333,12.4472,11.4703,13.77
2019/6/4 17:39,108.1550,121.7050,137.3250,75.6180,71.4590,80.7420,108.9850,18.7249,7.3848,5.5332,12.4465,11.4709,13.77
2019/6/4 17:40,108.1470,121.6950,137.3120,75.6140,71.4590,80.7330,108.9770,18.7235,7.3993,5.5328,12.4455,11.4701,13.77
2019/6/4 17:41,108.1470,121.6860,137.3160,75.6170,71.4590,80.7360,108.9770,18.7235,7.3921,5.5307,12.4450,11.4674,13.77
2019/6/4 17:42,108.1510,121.6910,137.3250,75.6220,71.4590,80.7390,108.9780,18.7242,7.3917,5.5309,12.4456,11.4678,13.77
2019/6/4 17:43,108.1560,121.6970,137.3330,75.6270,71.4600,80.7430,108.9830,18.7391,7.3906,5.5315,12.4461,11.4699,13.77
2019/6/4 17:44,108.1560,121.6990,137.3320,75.6270,71.4670,80.7260,108.9840,18.7323,7.3906,5.5313,12.4459,11.4699,13.77
2019/6/4 17:45,108.1560,121.7010,137.3320,75.6270,71.4710,80.7420,108.9870,18.7358,7.3910,5.5317,12.4456,11.4675,13.77
2019/6/4 17:46,108.1560,121.7010,137.3330,75.6270,71.4690,80.7420,108.9860,18.7311,7.3911,5.5319,12.4455,11.4675,13.77
2019/6/4 17:47,108.1620,121.7060,137.3380,75.6310,71.4730,80.7460,108.9920,18.7324,7.3862,5.5321,12.4462,11.4682,13.77
2019/6/4 17:48,108.1640,121.7050,137.3390,75.6310,71.4750,80.7480,108.9940,18.7327,7.3788,5.5317,12.4465,11.4684,13.77
2019/6/4 17:49,108.1620,121.7070,137.3380,75.6280,71.4640,80.7500,108.9920,18.7324,7.3870,5.5315,12.4463,11.4682,13.77
2019/6/4 17:50,108.1610,121.7080,137.3350,75.6260,71.4140,80.7500,108.9930,18.7322,7.3868,5.5315,12.4464,11.4696,13.77
2019/6/4 17:51,108.1610,121.7030,137.3350,75.6200,71.4160,80.7500,108.9920,18.7322,7.3871,5.5310,12.4462,11.4696,13.77
2019/6/4 17:52,108.1550,121.7040,137.3370,75.6140,71.4560,80.7450,108.9890,18.7312,7.3867,5.5305,12.4452,11.4708,13.77
2019/6/4 17:53,108.1580,121.7120,137.3370,75.6150,71.4680,80.7470,108.9910,18.7317,7.3869,5.5307,12.4467,11.4662,13.77
2019/6/4 17:54,108.1560,121.7110,137.3350,75.6170,71.4700,80.7430,108.9850,18.7314,7.3868,5.5305,12.4462,11.4625,13.77
2019/6/4 17:55,108.1520,121.7090,137.3290,75.6210,71.4730,80.7400,108.9840,18.7307,7.3865,5.5303,12.4457,11.4712,13.77
2019/6/4 17:56,108.1500,121.7100,137.3290,75.6230,71.4710,80.7400,108.9830,18.7303,7.3864,5.5308,12.4463,11.4710,13.77
2019/6/4 17:57,108.1520,121.7100,137.3310,75.6240,71.4570,80.7400,108.9820,18.7307,7.3865,5.5295,12.4459,11.4681,13.77
2019/6/4 17:58,108.1520,121.7090,137.3330,75.6290,71.4550,80.7320,108.9840,18.7307,7.3865,5.5303,12.4455,11.4661,13.77
2019/6/4 17:59,108.1500,121.7050,137.3310,75.6280,71.4620,80.7380,108.9850,18.7303,7.3864,5.5302,12.4452,11.4711,13.77
2019/6/4 18:00,108.1470,121.7030,137.3280,75.6240,71.4680,80.7460,108.9850,18.7233,7.3862,5.5272,12.4419,11.4686,13.77
2019/6/4 18:01,108.1680,121.7220,137.3560,75.6280,71.4830,80.7610,109.0060,18.7251,7.3876,5.5283,12.4437,11.4705,13.77
2019/6/4 18:02,108.1730,121.7330,137.3740,75.6260,71.4850,80.7640,109.0120,18.7249,7.3877,5.5285,12.4447,11.4700,13.77
2019/6/4 18:03,108.1890,121.7510,137.3990,75.6440,71.4970,80.7780,109.0290,18.7329,7.3892,5.5293,12.4469,11.4726,13.77
2019/6/4 18:04,108.1910,121.7480,137.3870,75.6450,71.4960,80.7790,109.0310,18.7294,7.3908,5.5294,12.4464,11.4727,13.77
2019/6/4 18:05,108.1930,121.7510,137.3930,75.6450,71.4870,80.7770,109.0360,18.7322,7.3909,5.5296,12.4468,11.4718,13.77
2019/6/4 18:06,108.1850,121.7460,137.3840,75.6410,71.4810,80.7740,109.0370,18.7278,7.3909,5.5292,12.4459,11.4705,13.77
2019/6/4 18:07,108.1760,121.7370,137.3680,75.6320,71.4760,80.7770,109.0370,18.7220,7.3903,5.5287,12.4449,11.4697,13.77
2019/6/4 18:08,108.1780,121.7370,137.3740,75.6340,71.4770,80.7840,109.0380,18.7204,7.3906,5.5288,12.4447,11.4691,13.77
2019/6/4 18:09,108.1650,121.7240,137.3640,75.6310,71.4710,80.7740,109.0250,18.7182,7.3894,5.5282,12.4435,11.4687,13.77
2019/6/4 18:10,108.1750,121.7360,137.3710,75.6410,71.4760,80.7720,109.0340,18.7202,7.3897,5.5304,12.4449,11.4694,13.77
2019/6/4 18:11,108.1750,121.7380,137.3700,75.6410,71.4760,80.7670,109.0350,18.7202,7.3903,5.5287,12.4449,11.4697,13.77
2019/6/4 18:12,108.1840,121.7480,137.3800,75.6370,71.4810,80.7730,109.0440,18.7217,7.3885,5.5291,12.4462,11.4706,13.77
2019/6/4 18:13,108.1840,121.7480,137.3810,75.6470,71.4880,80.7730,109.0430,18.7218,7.3909,5.5291,12.4459,11.4706,13.77
2019/6/4 18:14,108.1910,121.7520,137.3880,75.6530,71.4960,80.7780,109.0500,18.7230,7.3883,5.5295,12.4459,11.4708,13.77
2019/6/4 18:15,108.1910,121.7500,137.3850,75.6510,71.4960,80.7770,109.0460,18.7230,7.3873,5.5295,12.4458,11.4708,13.77
2019/6/4 18:16,108.1910,121.7510,137.3860,75.6520,71.4960,80.7770,109.0480,18.7230,7.3872,5.5295,12.4457,11.4708,13.77
2019/6/4 18:17,108.1900,121.7510,137.3860,75.6530,71.4980,80.7770,109.0490,18.7228,7.3871,5.5294,12.4454,11.4707,13.77
2019/6/4 18:18,108.2010,121.7570,137.3950,75.6620,71.5030,80.7860,109.0600,18.7248,7.3880,5.5303,12.4465,11.4714,13.77
2019/6/4 18:19,108.2080,121.7650,137.4090,75.6710,71.5070,80.7900,109.0640,18.7260,7.3884,5.5304,12.4471,11.4722,13.77
2019/6/4 18:20,108.2080,121.7650,137.4070,75.6650,71.5070,80.7900,109.0670,18.7260,7.3884,5.5304,12.4471,11.4722,13.77
2019/6/4 18:21,108.2080,121.7650,137.4080,75.6650,71.5070,80.7910,109.0660,18.7260,7.3884,5.5303,12.4467,11.4722,13.77
2019/6/4 18:22,108.2070,121.7650,137.4100,75.6630,71.5060,80.7910,109.0660,18.7258,7.3883,5.5303,12.4468,11.4721,13.77
2019/6/4 18:23,108.2140,121.7730,137.4180,75.6680,71.5090,80.7950,109.0720,18.7270,7.3888,5.5307,12.4473,11.4729,13.77
2019/6/4 18:24,108.2190,121.7770,137.4240,75.6720,71.5140,80.7990,109.0750,18.7279,7.3891,5.5309,12.4481,11.4733,13.77
2019/6/4 18:25,108.2320,121.7860,137.4290,75.6710,71.5150,80.8070,109.0720,18.7301,7.3900,5.5316,12.4487,11.4728,13.77
2019/6/4 18:26,108.2340,121.7880,137.4360,75.6710,71.5110,80.8100,109.0740,18.7304,7.3902,5.5317,12.4495,11.4731,13.77
2019/6/4 18:27,108.2400,121.7920,137.4460,75.6750,71.5150,80.8130,109.0780,18.7315,7.3906,5.5331,12.4495,11.4734,13.77
2019/6/4 18:28,108.2500,121.7970,137.4560,75.6830,71.5130,80.8220,109.0860,18.7332,7.3913,5.5336,12.4502,11.4738,13.77
2019/6/4 18:29,108.2520,121.7990,137.4540,75.6750,71.5150,80.8220,109.0880,18.7335,7.3914,5.5335,12.4510,11.4740,13.77
2019/6/4 18:30,108.2590,121.8060,137.4610,75.6860,71.5190,80.8290,109.0950,18.7335,7.3919,5.5341,12.4499,11.4748,13.77
2019/6/4 18:31,108.2460,121.7970,137.4470,75.6780,71.5110,80.8190,109.0870,18.7313,7.3907,5.5330,12.4488,11.4736,13.77
2019/6/4 18:32,108.2400,121.7920,137.4410,75.6690,71.5030,80.8160,109.0840,18.7305,7.3900,5.5327,12.4484,11.4731,13.77
2019/6/4 18:33,108.2400,121.7980,137.4410,75.6680,71.5030,80.8090,109.0820,18.7305,7.3899,5.5326,12.4490,11.4736,13.77
2019/6/4 18:34,108.2240,121.7800,137.4200,75.6570,71.4920,80.8000,109.0730,18.7277,7.3891,5.5320,12.4466,11.4720,13.77
2019/6/4 18:35,108.2240,121.7800,137.4300,75.6580,71.4900,80.7990,109.0710,18.7277,7.3890,5.5318,12.4469,11.4720,13.77
2019/6/4 18:36,108.2130,121.7670,137.4150,75.6510,71.4920,80.7900,109.0680,18.7258,7.3881,5.5312,12.4456,11.4710,13.77
2019/6/4 18:37,108.2130,121.7680,137.4170,75.6520,71.4920,80.7900,109.0680,18.7258,7.3878,5.5314,12.4455,11.4708,13.77
2019/6/4 18:38,108.2310,121.7810,137.4420,75.6650,71.5020,80.8010,109.0710,18.7289,7.3880,5.5323,12.4471,11.4721,13.77
2019/6/4 18:39,108.2350,121.7840,137.4430,75.6640,71.5040,80.8030,109.0740,18.7296,7.3882,5.5327,12.4473,11.4725,13.77
2019/6/4 18:40,108.2360,121.7840,137.4430,75.6670,71.5040,80.8050,109.0740,18.7298,7.3884,5.5326,12.4473,11.4726,13.77
2019/6/4 18:41,108.2380,121.7900,137.4460,75.6700,71.5050,80.8030,109.0770,18.7294,7.3885,5.5316,12.4479,11.4722,13.77
2019/6/4 18:42,108.2330,121.7810,137.4350,75.6680,71.5040,80.8090,109.0720,18.7285,7.3882,5.5313,12.4473,11.4717,13.77
2019/6/4 18:43,108.2280,121.7750,137.4330,75.6650,71.5020,80.8070,109.0670,18.7275,7.3878,5.5311,12.4473,11.4712,13.77
2019/6/4 18:44,108.2270,121.7740,137.4330,75.6630,71.5020,80.8120,109.0660,18.7275,7.3878,5.5310,12.4472,11.4711,13.77
2019/6/4 18:45,108.2260,121.7690,137.4320,75.6480,71.4990,80.8110,109.0650,18.7279,7.3939,5.5310,12.4469,11.4710,13.77
2019/6/4 18:46,108.2270,121.7740,137.4310,75.6500,71.4920,80.8030,109.0590,18.7281,7.3939,5.5311,12.4468,11.4710,13.77
2019/6/4 18:47,108.2270,121.7740,137.4320,75.6490,71.4910,80.8030,109.0550,18.7281,7.3939,5.5312,12.4468,11.4710,13.77
2019/6/4 18:48,108.2270,121.7750,137.4230,75.6480,71.4870,80.8040,109.0540,18.7281,7.3939,5.5312,12.4467,11.4710,13.77
2019/6/4 18:49,108.2270,121.7750,137.4300,75.6500,71.4880,80.8080,109.0540,18.7281,7.3947,5.5311,12.4468,11.4711,13.77
2019/6/4 18:50,108.2260,121.7820,137.4310,75.6490,71.4920,80.7960,109.0540,18.7279,7.3950,5.5309,12.4477,11.4714,13.77
2019/6/4 18:51,108.2250,121.7820,137.4300,75.6490,71.4920,80.7970,109.0550,18.7277,7.3949,5.5308,12.4475,11.4713,13.77
2019/6/4 18:52,108.2260,121.7830,137.4300,75.6490,71.4900,80.7920,109.0540,18.7393,7.3950,5.5310,12.4475,11.4714,13.77
2019/6/4 18:53,108.2190,121.7830,137.4230,75.6520,71.4900,80.7840,109.0610,18.7351,7.3945,5.5307,12.4476,11.4706,13.77
2019/6/4 18:54,108.2400,121.7890,137.4340,75.6590,71.5080,80.8090,109.0710,18.7391,7.3959,5.5317,12.4498,11.4718,13.77
2019/6/4 18:55,108.2260,121.7780,137.4190,75.6550,71.5030,80.7980,109.0590,18.7367,7.3939,5.5310,12.4483,11.4707,13.77
2019/6/4 18:56,108.2220,121.7720,137.4140,75.6480,71.4980,80.7950,109.0490,18.7364,7.3940,5.5308,12.4476,11.4699,13.77
2019/6/4 18:57,108.2150,121.7670,137.4170,75.6480,71.4930,80.7900,109.0410,18.7351,7.3935,5.5303,12.4471,11.4694,13.77
2019/6/4 18:58,108.2080,121.7630,137.4100,75.6410,71.4970,80.7890,109.0440,18.7333,7.3926,5.5300,12.4466,11.4690,13.77
2019/6/4 18:59,108.2020,121.7560,137.4040,75.6340,71.4880,80.7800,109.0410,18.7324,7.3944,5.5297,12.4460,11.4684,13.77
2019/6/4 19:00,108.2120,121.7720,137.4380,75.6380,71.4990,80.7850,109.0570,18.7339,7.3930,5.5299,12.4467,11.4695,13.77
2019/6/4 19:01,108.2190,121.7860,137.4440,75.6430,71.4960,80.7870,109.0580,18.7351,7.3930,5.5304,12.4489,11.4705,13.77
2019/6/4 19:02,108.2130,121.7790,137.4390,75.6390,71.4950,80.7830,109.0520,18.7341,7.3928,5.5304,12.4485,11.4701,13.77
2019/6/4 19:03,108.2060,121.7650,137.4300,75.6360,71.4870,80.7840,109.0420,18.7329,7.3923,5.5299,12.4470,11.4694,13.77
2019/6/4 19:04,108.2060,121.7580,137.4170,75.6340,71.4870,80.7880,109.0340,18.7328,7.3923,5.5300,12.4462,11.4688,13.77
2019/6/4 19:05,108.2130,121.7660,137.4270,75.6380,71.4920,80.8000,109.0400,18.7339,7.3928,5.5302,12.4471,11.4701,13.77
2019/6/4 19:06,108.2160,121.7730,137.4320,75.6410,71.5030,80.8010,109.0430,18.7345,7.3922,5.5306,12.4467,11.4698,13.77
2019/6/4 19:07,108.2210,121.7910,137.4380,75.6440,71.5070,80.7930,109.0500,18.7375,7.3925,5.5307,12.4484,11.4707,13.77
2019/6/4 19:08,108.2170,121.7900,137.4330,75.6420,71.5040,80.7920,109.0450,18.7367,7.3925,5.5307,12.4520,11.4704,13.77
2019/6/4 19:09,108.2170,121.7900,137.4340,75.6390,71.5040,80.7900,109.0450,18.7367,7.3920,5.5305,12.4519,11.4704,13.77
2019/6/4 19:10,108.2170,121.7860,137.4440,75.6410,71.5050,80.7940,109.0440,18.7367,7.3920,5.5306,12.4512,11.4706,13.77
2019/6/4 19:11,108.2280,121.7990,137.4580,75.6480,71.5120,80.8110,109.0520,18.7386,7.3928,5.5308,12.4530,11.4718,13.77
2019/6/4 19:12,108.2370,121.8150,137.4720,75.6570,71.5190,80.8190,109.0630,18.7402,7.3935,5.5312,12.4543,11.4744,13.77
2019/6/4 19:13,108.2310,121.8100,137.4620,75.6540,71.5250,80.8130,109.0600,18.7391,7.3946,5.5310,12.4569,11.4737,13.77
2019/6/4 19:14,108.2320,121.8110,137.4630,75.6500,71.5140,80.8140,109.0600,18.7393,7.3940,5.5310,12.4539,11.4737,13.77
2019/6/4 19:15,108.2310,121.8110,137.4590,75.6520,71.5140,80.8130,109.0570,18.7392,7.3939,5.5309,12.4538,11.4736,13.77
2019/6/4 19:16,108.2330,121.8140,137.4620,75.6540,71.5140,80.8090,109.0570,18.7395,7.3942,5.5310,12.4510,11.4738,13.77
2019/6/4 19:17,108.2270,121.8080,137.4540,75.6500,71.5100,80.8040,109.0530,18.7384,7.3938,5.5307,12.4519,11.4732,13.77
2019/6/4 19:18,108.2170,121.7930,137.4410,75.6500,71.5050,80.7970,109.0430,18.7367,7.3939,5.5302,12.4508,11.4721,13.77
2019/6/4 19:19,108.2130,121.7920,137.4380,75.6470,71.5080,80.7930,109.0390,18.7360,7.3936,5.5299,12.4497,11.4717,13.77
2019/6/4 19:20,108.2100,121.7850,137.4330,75.6460,71.5000,80.7910,109.0370,18.7355,7.3934,5.5297,12.4494,11.4712,13.77
2019/6/4 19:21,108.2140,121.7880,137.4390,75.6490,71.5040,80.7950,109.0390,18.7362,7.3938,5.5300,12.4500,11.4713,13.77
2019/6/4 19:22,108.2110,121.7850,137.4360,75.6470,71.5020,80.7910,109.0370,18.7357,7.3935,5.5298,12.4497,11.4710,13.77
2019/6/4 19:23,108.2140,121.7930,137.4400,75.6530,71.5100,80.7960,109.0430,18.7362,7.3935,5.5301,12.4503,11.4718,13.77
2019/6/4 19:24,108.2140,121.7910,137.4380,75.6470,71.5050,80.7950,109.0490,18.7363,7.3941,5.5300,12.4503,11.4717,13.77
2019/6/4 19:25,108.2140,121.7880,137.4390,75.6390,71.5040,80.7950,109.0490,18.7362,7.3935,5.5300,12.4464,11.4717,13.77
2019/6/4 19:26,108.2140,121.7890,137.4390,75.6390,71.5060,80.7940,109.0520,18.7363,7.3937,5.5299,12.4464,11.4716,13.77
2019/6/4 19:27,108.2100,121.7840,137.4350,75.6360,71.5030,80.7920,109.0470,18.7356,7.3937,5.5299,12.4481,11.4710,13.77
2019/6/4 19:28,108.2050,121.7800,137.4260,75.6330,71.4980,80.7920,109.0410,18.7348,7.3933,5.5296,12.4481,11.4705,13.77
2019/6/4 19:29,108.1960,121.7750,137.4270,75.6390,71.5050,80.7880,109.0330,18.7333,7.3927,5.5290,12.4471,11.4695,13.77
2019/6/4 19:30,108.1970,121.7780,137.4280,75.6360,71.5040,80.7840,109.0360,18.7334,7.3923,5.5291,12.4475,11.4702,13.77
2019/6/4 19:31,108.2060,121.7860,137.4370,75.6420,71.5170,80.7890,109.0420,18.7349,7.3923,5.5293,12.4489,11.4707,13.77
2019/6/4 19:32,108.2060,121.7880,137.4380,75.6410,71.5100,80.7840,109.0420,18.7349,7.3922,5.5292,12.4492,11.4707,13.77
2019/6/4 19:33,108.2110,121.7920,137.4450,75.6460,71.5140,80.7910,109.0470,18.7358,7.3932,5.5295,12.4497,11.4712,13.77
2019/6/4 19:34,108.2090,121.7900,137.4420,75.6440,71.5110,80.7910,109.0460,18.7354,7.3934,5.5295,12.4476,11.4710,13.77
2019/6/4 19:35,108.2030,121.7780,137.4340,75.6400,71.5170,80.7860,109.0400,18.7344,7.3930,5.5293,12.4467,11.4703,13.77
2019/6/4 19:36,108.2030,121.7790,137.4360,75.6410,71.5150,80.7860,109.0390,18.7344,7.3930,5.5293,12.4468,11.4704,13.77
2019/6/4 19:37,108.2020,121.7840,137.4390,75.6400,71.5150,80.7850,109.0390,18.7342,7.3931,5.5299,12.4471,11.4702,13.77
2019/6/4 19:38,108.2090,121.7910,137.4450,75.6460,71.5200,80.7920,109.0470,18.7354,7.3934,5.5303,12.4477,11.4709,13.77
2019/6/4 19:39,108.2060,121.7880,137.4400,75.6410,71.5160,80.7880,109.0440,18.7348,7.3933,5.5301,12.4476,11.4706,13.77
2019/6/4 19:40,108.2050,121.7960,137.4500,75.6430,71.5160,80.7880,109.0520,18.7348,7.3932,5.5301,12.4474,11.4705,13.77
2019/6/4 19:41,108.2030,121.7830,137.4380,75.6380,71.5140,80.7930,109.0440,18.7332,7.3931,5.5300,12.4457,11.4692,13.77
2019/6/4 19:42,108.2090,121.7910,137.4540,75.6440,71.5210,80.7960,109.0520,18.7344,7.3926,5.5303,12.4464,11.4698,13.77
2019/6/4 19:43,108.2130,121.7970,137.4580,75.6480,71.5240,80.7980,109.0550,18.7351,7.3928,5.5305,12.4468,11.4702,13.77
2019/6/4 19:44,108.2140,121.7990,137.4590,75.6500,71.5240,80.8000,109.0560,18.7353,7.3928,5.5305,12.4476,11.4703,13.77
2019/6/4 19:45,108.2100,121.7900,137.4560,75.6470,71.5220,80.7980,109.0550,18.7345,7.3925,5.5303,12.4465,11.4699,13.77
2019/6/4 19:46,108.2370,121.8070,137.4880,75.6630,71.5300,80.8170,109.0680,18.7393,7.3945,5.5316,12.4487,11.4724,13.77
2019/6/4 19:47,108.2410,121.8170,137.4860,75.6670,71.5360,80.8210,109.0670,18.7399,7.3948,5.5319,12.4493,11.4731,13.77
2019/6/4 19:48,108.2400,121.8170,137.4790,75.6680,71.5350,80.8200,109.0680,18.7403,7.3946,5.5317,12.4494,11.4730,13.77
2019/6/4 19:49,108.2340,121.8060,137.4720,75.6610,71.5290,80.8160,109.0530,18.7390,7.3943,5.5315,12.4483,11.4722,13.77
2019/6/4 19:50,108.2310,121.8050,137.4670,75.6580,71.5270,80.8130,109.0520,18.7380,7.3940,5.5314,12.4479,11.4720,13.77
2019/6/4 19:51,108.2290,121.8070,137.4650,75.6590,71.5250,80.8160,109.0490,18.7376,7.3940,5.5313,12.4479,11.4717,13.77
2019/6/4 19:52,108.2340,121.8070,137.4640,75.6620,71.5280,80.8210,109.0510,18.7386,7.3942,5.5315,12.4490,11.4722,13.77
2019/6/4 19:53,108.2270,121.7990,137.4540,75.6470,71.5200,80.8150,109.0450,18.7377,7.3938,5.5312,12.4477,11.4715,13.77
2019/6/4 19:54,108.2340,121.8070,137.4610,75.6510,71.5230,80.8200,109.0520,18.7394,7.3943,5.5315,12.4483,11.4723,13.77
2019/6/4 19:55,108.2320,121.8040,137.4610,75.6610,71.5260,80.8210,109.0580,18.7393,7.3941,5.5314,12.4479,11.4719,13.77
2019/6/4 19:56,108.2470,121.8170,137.4790,75.6740,71.5390,80.8310,109.0710,18.7418,7.3951,5.5322,12.4494,11.4733,13.77
2019/6/4 19:57,108.2560,121.8250,137.4910,75.6760,71.5470,80.8370,109.0780,18.7435,7.3958,5.5326,12.4506,11.4739,13.77
2019/6/4 19:58,108.2580,121.8310,137.5040,75.6810,71.5420,80.8340,109.0680,18.7456,7.3960,5.5327,12.4507,11.4743,13.77
2019/6/4 19:59,108.2570,121.8300,137.5200,75.6780,71.5420,80.8320,109.0630,18.7455,7.3960,5.5327,12.4506,11.4742,13.77
2019/6/4 20:00,108.2340,121.8120,137.4850,75.6620,71.5370,80.8200,109.0620,18.7419,7.3944,5.5311,12.4491,11.4714,13.77
2019/6/4 20:01,108.2270,121.8220,137.4870,75.6730,71.5430,80.8160,109.0720,18.7427,7.3944,5.5308,12.4501,11.4716,13.77
2019/6/4 20:02,108.2350,121.8370,137.4890,75.6840,71.5490,80.8290,109.0830,18.7438,7.3951,5.5317,12.4515,11.4728,13.77
2019/6/4 20:03,108.2300,121.8340,137.4910,75.6870,71.5560,80.8260,109.0730,18.7429,7.3949,5.5307,12.4510,11.4736,13.77
2019/6/4 20:04,108.2010,121.8040,137.4560,75.6540,71.5280,80.8010,109.0600,18.7379,7.3929,5.5292,12.4485,11.4707,13.77
2019/6/4 20:05,108.1980,121.8040,137.4590,75.6590,71.5380,80.8040,109.0580,18.7374,7.3927,5.5292,12.4488,11.4706,13.77
2019/6/4 20:06,108.1700,121.7800,137.4280,75.6390,71.5270,80.7840,109.0400,18.7325,7.3909,5.5261,12.4462,11.4692,13.77
2019/6/4 20:07,108.1580,121.7610,137.3990,75.6180,71.5100,80.7690,109.0420,18.7304,7.3897,5.5156,12.4445,11.4678,13.77
2019/6/4 20:08,108.1700,121.7680,137.4110,75.6160,71.5060,80.7760,109.0480,18.7325,7.3905,5.5149,12.4451,11.4684,13.77
2019/6/4 20:09,108.1720,121.7530,137.4050,75.6240,71.5100,80.7740,109.0320,18.7328,7.3910,5.5120,12.4430,11.4658,13.77
2019/6/4 20:10,108.1600,121.7270,137.3790,75.6120,71.5050,80.7650,109.0090,18.7303,7.3892,5.5122,12.4406,11.4637,13.77
2019/6/4 20:11,108.1520,121.7170,137.3700,75.6070,71.5050,80.7600,108.9860,18.7287,7.3886,5.5084,12.4388,11.4632,13.77
2019/6/4 20:12,108.1530,121.7160,137.3690,75.5900,71.5000,80.7510,108.9800,18.7307,7.3888,5.5110,12.4385,11.4630,13.77
2019/6/4 20:13,108.1530,121.7230,137.3630,75.5910,71.4970,80.7500,108.9790,18.7313,7.3880,5.5082,12.4386,11.4629,13.77
2019/6/4 20:14,108.1510,121.7090,137.3650,75.5930,71.4950,80.7490,108.9670,18.7274,7.3878,5.5095,12.4371,11.4620,13.77
2019/6/4 20:15,108.1520,121.7160,137.3700,75.6000,71.5070,80.7530,108.9670,18.7329,7.3881,5.5103,12.4378,11.4624,13.77
2019/6/4 20:16,108.1510,121.7160,137.3680,75.5940,71.4990,80.7540,108.9670,18.7327,7.3878,5.5102,12.4380,11.4624,13.77
2019/6/4 20:17,108.1650,121.7310,137.3860,75.6070,71.5090,80.7640,108.9810,18.7338,7.3885,5.5082,12.4399,11.4645,13.77
2019/6/4 20:18,108.1670,121.7320,137.3700,75.6070,71.5150,80.7660,108.9800,18.7339,7.3890,5.5095,12.4393,11.4648,13.77
2019/6/4 20:19,108.1620,121.7620,137.3950,75.6320,71.5360,80.7690,108.9960,18.7337,7.3901,5.5090,12.4418,11.4670,13.77
2019/6/4 20:20,108.1670,121.7490,137.3770,75.6240,71.5170,80.7720,108.9940,18.7290,7.3902,5.5105,12.4410,11.4657,13.77
2019/6/4 20:21,108.1690,121.7440,137.3920,75.6240,71.5200,80.7700,108.9910,18.7318,7.3903,5.5090,12.4406,11.4656,13.77
2019/6/4 20:22,108.1700,121.7470,137.3910,75.6220,71.5220,80.7680,108.9920,18.7320,7.3904,5.5106,12.4422,11.4654,13.77
2019/6/4 20:23,108.1770,121.7550,137.4030,75.6270,71.5250,80.7740,109.0000,18.7346,7.3910,5.5094,12.4430,11.4662,13.77
2019/6/4 20:24,108.1710,121.7530,137.3930,75.6250,71.5240,80.7690,108.9960,18.7292,7.3910,5.5099,12.4417,11.4655,13.77
2019/6/4 20:25,108.1740,121.7540,137.3950,75.6270,71.5240,80.7710,108.9990,18.7306,7.3912,5.5107,12.4424,11.4659,13.77
2019/6/4 20:26,108.1710,121.7530,137.3930,75.6210,71.5180,80.7700,108.9940,18.7308,7.3905,5.5106,12.4417,11.4655,13.77
2019/6/4 20:27,108.1730,121.7550,137.3960,75.6230,71.5210,80.7810,108.9970,18.7350,7.3911,5.5115,12.4417,11.4658,13.77
2019/6/4 20:28,108.1720,121.7530,137.3950,75.6230,71.5180,80.7800,108.9960,18.7311,7.3903,5.5092,12.4414,11.4657,13.77
2019/6/4 20:29,108.1740,121.7560,137.3990,75.6260,71.5200,80.7810,109.0020,18.7300,7.3908,5.5100,12.4423,11.4664,13.77
2019/6/4 20:30,108.1860,121.7730,137.4130,75.6340,71.5300,80.7920,109.0160,18.7392,7.3918,5.5114,12.4435,11.4686,13.77
2019/6/4 20:31,108.1860,121.7720,137.4110,75.6340,71.5300,80.7920,109.0140,18.7394,7.3917,5.5102,12.4432,11.4683,13.77
2019/6/4 20:32,108.1820,121.7680,137.4070,75.6320,71.5280,80.7880,109.0060,18.7389,7.3917,5.5099,12.4430,11.4679,13.77
2019/6/4 20:33,108.1750,121.7650,137.4000,75.6370,71.5330,80.7890,109.0060,18.7371,7.3917,5.5099,12.4422,11.4675,13.77
2019/6/4 20:34,108.2010,121.7930,137.4330,75.6550,71.5500,80.8100,109.0270,18.7456,7.3935,5.5114,12.4447,11.4702,13.77
2019/6/4 20:35,108.1920,121.7890,137.4220,75.6500,71.5470,80.8080,109.0260,18.7335,7.3929,5.5118,12.4458,11.4696,13.77
2019/6/4 20:36,108.1720,121.7670,137.3970,75.6410,71.5350,80.7930,109.0070,18.7371,7.3900,5.5096,12.4432,11.4677,13.77
2019/6/4 20:37,108.1680,121.7690,137.4030,75.6390,71.5310,80.7920,109.0130,18.7357,7.3906,5.5096,12.4427,11.4681,13.77
2019/6/4 20:38,108.1510,121.7490,137.3790,75.6260,71.5200,80.7770,108.9960,18.7329,7.3894,5.5088,12.4410,11.4662,13.77
2019/6/4 20:39,108.1570,121.7670,137.3970,75.6350,71.5330,80.7860,109.0040,18.7357,7.3907,5.5093,12.4425,11.4676,13.77
2019/6/4 20:40,108.1560,121.7640,137.3870,75.6350,71.5320,80.7860,109.0030,18.7195,7.3903,5.5094,12.4419,11.4677,13.77
2019/6/4 20:41,108.1610,121.7760,137.4010,75.6510,71.5460,80.7910,109.0110,18.7348,7.3906,5.5089,12.4427,11.4687,13.77
2019/6/4 20:42,108.1540,121.7740,137.3940,75.6510,71.5430,80.7900,109.0120,18.7291,7.3909,5.5104,12.4426,11.4685,13.77
2019/6/4 20:43,108.1510,121.7700,137.3890,75.6480,71.5410,80.7850,109.0060,18.7226,7.3902,5.5102,12.4426,11.4681,13.77
2019/6/4 20:44,108.1430,121.7700,137.3790,75.6530,71.5450,80.7920,109.0040,18.7191,7.3902,5.5104,12.4426,11.4675,13.77
2019/6/4 20:45,108.1260,121.7500,137.3680,75.6420,71.5340,80.7780,108.9930,18.7281,7.3891,5.5094,12.4406,11.4659,13.77
2019/6/4 20:46,108.1320,121.7550,137.3770,75.6440,71.5380,80.7830,108.9970,18.7334,7.3895,5.5096,12.4419,11.4668,13.77
2019/6/4 20:47,108.1260,121.7550,137.3820,75.6460,71.5450,80.7770,108.9990,18.7283,7.3907,5.5099,12.4422,11.4665,13.77
2019/6/4 20:48,108.1200,121.7500,137.3750,75.6480,71.5420,80.7750,108.9960,18.7279,7.3903,5.5096,12.4416,11.4662,13.77
2019/6/4 20:49,108.1130,121.7430,137.3660,75.6440,71.5260,80.7680,108.9940,18.7268,7.3899,5.5094,12.4406,11.4656,13.77
2019/6/4 20:50,108.1400,121.7610,137.3760,75.6560,71.5400,80.7890,109.0080,18.7312,7.3917,5.5102,12.4422,11.4673,13.77
2019/6/4 20:51,108.1430,121.7730,137.3920,75.6600,71.5440,80.7920,109.0170,18.7316,7.3919,5.5105,12.4436,11.4684,13.77
2019/6/4 20:52,108.1320,121.7600,137.3670,75.6480,71.5340,80.7850,109.0160,18.7301,7.3912,5.5099,12.4421,11.4671,13.77
2019/6/4 20:53,108.1200,121.7440,137.3500,75.6380,71.5270,80.7730,108.9980,18.7279,7.3903,5.5093,12.4409,11.4656,13.77
2019/6/4 20:54,108.1170,121.7260,137.3170,75.6220,71.5130,80.7530,108.9820,18.7233,7.3901,5.5089,12.4393,11.4639,13.77
2019/6/4 20:55,108.1330,121.7530,137.3510,75.6370,71.5230,80.7770,108.9790,18.7292,7.3912,5.5101,12.4422,11.4667,13.77
2019/6/4 20:56,108.1330,121.7460,137.3470,75.6340,71.5240,80.7770,108.9910,18.7267,7.3916,5.5104,12.4416,11.4661,13.77
2019/6/4 20:57,108.1330,121.7370,137.3560,75.6340,71.5250,80.7770,108.9790,18.7282,7.3916,5.5104,12.4407,11.4647,13.77
2019/6/4 20:58,108.1320,121.7400,137.3660,75.6330,71.5210,80.7780,108.9780,18.7278,7.3915,5.5104,12.4408,11.4652,13.77
2019/6/4 20:59,108.1390,121.7430,137.3700,75.6360,71.5250,80.7810,108.9850,18.7296,7.3918,5.5113,12.4409,11.4655,13.77
2019/6/4 21:00,108.1580,121.7530,137.3870,75.6390,71.5300,80.7950,108.9890,18.7327,7.3931,5.5121,12.4411,11.4668,13.77
2019/6/4 21:01,108.1570,121.7470,137.3790,75.6380,71.5270,80.7950,108.9730,18.7328,7.3930,5.5120,12.4403,11.4662,13.77
2019/6/4 21:02,108.1330,121.7290,137.3590,75.6270,71.5150,80.7780,108.9660,18.7275,7.3913,5.5108,12.4397,11.4623,13.77
2019/6/4 21:03,108.1360,121.7330,137.3630,75.6270,71.5170,80.7790,108.9680,18.7282,7.3914,5.5109,12.4401,11.4650,13.77
2019/6/4 21:04,108.1380,121.7370,137.3640,75.6280,71.5150,80.7810,108.9720,18.7286,7.3916,5.5111,12.4403,11.4646,13.77
2019/6/4 21:05,108.1430,121.7360,137.3620,75.6300,71.5110,80.7870,108.9700,18.7276,7.3919,5.5113,12.4400,11.4632,13.77
2019/6/4 21:06,108.1660,121.7580,137.3950,75.6500,71.5330,80.8030,108.9910,18.7316,7.3935,5.5125,12.4425,11.4664,13.77
2019/6/4 21:07,108.1660,121.7630,137.3920,75.6490,71.5330,80.8080,108.9900,18.7317,7.3935,5.5125,12.4430,11.4668,13.77
2019/6/4 21:08,108.1670,121.7620,137.3920,75.6470,71.5340,80.8070,108.9910,18.7321,7.3939,5.5126,12.4436,11.4661,13.77
2019/6/4 21:09,108.1640,121.7550,137.3880,75.6370,71.5250,80.8040,108.9880,18.7315,7.3936,5.5124,12.4427,11.4652,13.77
2019/6/4 21:10,108.1570,121.7590,137.3890,75.6380,71.5300,80.8010,108.9930,18.7310,7.3932,5.5122,12.4430,11.4658,13.77
2019/6/4 21:11,108.1630,121.7660,137.3950,75.6340,71.5320,80.8050,109.0000,18.7340,7.3933,5.5133,12.4423,11.4662,13.77
2019/6/4 21:12,108.1560,121.7600,137.3900,75.6380,71.5310,80.8020,108.9930,18.7359,7.3931,5.5131,12.4424,11.4660,13.77
2019/6/4 21:13,108.1590,121.7690,137.3920,75.6460,71.5420,80.8060,108.9960,18.7364,7.3933,5.5133,12.4433,11.4662,13.77
2019/6/4 21:14,108.1560,121.7690,137.3890,75.6380,71.5360,80.8010,108.9950,18.7359,7.3931,5.5132,12.4432,11.4661,13.77
2019/6/4 21:15,108.1680,121.7750,137.3820,75.6460,71.5370,80.8110,109.0030,18.7354,7.3936,5.5138,12.4440,11.4669,13.77
2019/6/4 21:16,108.1550,121.7620,137.3530,75.6380,71.5380,80.7990,108.9910,18.7319,7.3927,5.5131,12.4424,11.4651,13.77
2019/6/4 21:17,108.1150,121.7370,137.3300,75.6210,71.5140,80.7710,108.9870,18.7285,7.3900,5.5111,12.4397,11.4626,13.77
2019/6/4 21:18,108.1080,121.7290,137.3150,75.6090,71.5080,80.7700,108.9810,18.7274,7.3895,5.5106,12.4390,11.4617,13.77
2019/6/4 21:19,108.1200,121.7410,137.3280,75.6100,71.5090,80.7800,108.9910,18.7294,7.3903,5.5111,12.4403,11.4627,13.77
2019/6/4 21:20,108.1270,121.7480,137.3330,75.6120,71.5070,80.7830,109.0010,18.7307,7.3908,5.5116,12.4415,11.4632,13.77
2019/6/4 21:21,108.1320,121.7470,137.3350,75.6040,71.5000,80.7810,109.0030,18.7316,7.3904,5.5109,12.4416,11.4638,13.77
2019/6/4 21:22,108.1310,121.7710,137.3640,75.6210,71.5720,80.7920,109.0220,18.7314,7.3909,5.5118,12.4432,11.4634,13.77
2019/6/4 21:23,108.1320,121.7800,137.3730,75.6340,71.6410,80.7940,109.0250,18.7316,7.3910,5.5127,12.4444,11.4683,13.77
2019/6/4 21:24,108.1310,121.7800,137.3740,75.6400,71.6310,80.7960,109.0250,18.7314,7.3915,5.5128,12.4443,11.4688,13.77
2019/6/4 21:25,108.1220,121.7680,137.3720,75.6310,71.6730,80.7920,109.0180,18.7299,7.3910,5.5123,12.4431,11.4670,13.77
2019/6/4 21:26,108.1030,121.7550,137.3540,75.6030,71.6810,80.7770,109.0080,18.7265,7.3896,5.5104,12.4416,11.4670,13.77
2019/6/4 21:27,108.1160,121.7630,137.3580,75.6150,71.7070,80.7880,109.0180,18.7287,7.3923,5.5111,12.4425,11.4676,13.77
2019/6/4 21:28,108.1440,121.7820,137.3780,75.6210,71.6980,80.7950,109.0360,18.7336,7.3939,5.5124,12.4448,11.4695,13.77
2019/6/4 21:29,108.1550,121.8010,137.4080,75.6400,71.7350,80.8090,109.0590,18.7358,7.3947,5.5134,12.4466,11.4716,13.77
2019/6/4 21:30,108.1450,121.7790,137.3820,75.5850,71.7260,80.7960,109.0400,18.7338,7.3931,5.5106,12.4440,11.4677,13.77
2019/6/4 21:31,108.1220,121.7700,137.3670,75.6170,71.7330,80.7910,109.0280,18.7299,7.3918,5.5093,12.4438,11.4664,13.77
2019/6/4 21:32,108.1080,121.7650,137.3580,75.6350,71.7470,80.7840,109.0150,18.7277,7.3911,5.5098,12.4424,11.4676,13.77
2019/6/4 21:33,108.1160,121.7750,137.3730,75.6380,71.7120,80.7870,109.0430,18.7291,7.3917,5.5101,12.4434,11.4688,13.77
2019/6/4 21:34,108.1060,121.7630,137.3590,75.6420,71.6890,80.7800,109.0340,18.7282,7.3910,5.5095,12.4421,11.4672,13.77
2019/6/4 21:35,108.1090,121.7680,137.3690,75.6310,71.7040,80.7820,109.0370,18.7287,7.3911,5.5099,12.4430,11.4675,13.77
2019/6/4 21:36,108.0780,121.7360,137.3320,75.6090,71.6740,80.7590,109.0150,18.7241,7.3890,5.5083,12.4404,11.4639,13.77
2019/6/4 21:37,108.0690,121.7130,137.3080,75.5670,71.6010,80.7410,109.0050,18.7211,7.3881,5.5063,12.4394,11.4617,13.77
2019/6/4 21:38,108.0510,121.7020,137.2960,75.6060,71.6250,80.7340,108.9960,18.7185,7.3870,5.5057,12.4364,11.4612,13.77
2019/6/4 21:39,108.0410,121.6920,137.2860,75.6080,71.6160,80.7240,108.9890,18.7168,7.3865,5.5051,12.4365,11.4606,13.77
2019/6/4 21:40,108.0300,121.6850,137.2770,75.6120,71.6060,80.7180,108.9870,18.7150,7.3857,5.5046,12.4356,11.4597,13.77
2019/6/4 21:41,108.0430,121.6950,137.2880,75.6410,71.6460,80.7350,109.0010,18.7171,7.3867,5.5064,12.4365,11.4610,13.77
2019/6/4 21:42,108.0510,121.7060,137.3000,75.6470,71.6590,80.7390,109.0100,18.7186,7.3872,5.5068,12.4375,11.4613,13.77
2019/6/4 21:43,108.0570,121.7080,137.3050,75.6500,71.6450,80.7430,109.0140,18.7196,7.3873,5.5071,12.4377,11.4613,13.77
2019/6/4 21:44,108.0590,121.7020,137.2950,75.6380,71.6260,80.7420,109.0010,18.7198,7.3889,5.5070,12.4373,11.4609,13.77
2019/6/4 21:45,108.0370,121.6770,137.2670,75.6000,71.6210,80.7220,108.9770,18.7160,7.3862,5.5049,12.4331,11.4584,13.77
2019/6/4 21:46,108.0440,121.6740,137.2650,75.5940,71.6170,80.7230,108.9770,18.7172,7.3867,5.5054,12.4341,11.4582,13.77
2019/6/4 21:47,108.0400,121.6590,137.2540,75.5800,71.5600,80.7090,108.9690,18.7166,7.3864,5.5044,12.4326,11.4569,13.77
2019/6/4 21:48,108.0460,121.6630,137.2540,75.5730,71.5610,80.7120,108.9750,18.7176,7.3868,5.5045,12.4327,11.4572,13.77
2019/6/4 21:49,108.0480,121.6540,137.2490,75.5760,71.5560,80.7110,108.9730,18.7179,7.3865,5.5028,12.4333,11.4563,13.77
2019/6/4 21:50,108.0450,121.6580,137.2460,75.5850,71.5650,80.7130,108.9770,18.7172,7.3852,5.5020,12.4319,11.4564,13.77
2019/6/4 21:51,108.0410,121.6440,137.2400,75.5810,71.5590,80.7100,108.9710,18.7166,7.3855,5.5019,12.4312,11.4549,13.77
2019/6/4 21:52,108.0400,121.6550,137.2390,75.5910,71.5710,80.7110,108.9730,18.7164,7.3848,5.5018,12.4318,11.4557,13.77
2019/6/4 21:53,108.0370,121.6570,137.2450,75.6010,71.5780,80.7120,108.9940,18.7159,7.3848,5.5018,12.4318,11.4559,13.77
2019/6/4 21:54,108.0300,121.6550,137.2360,75.5930,71.5710,80.7050,108.9990,18.7087,7.3842,5.5014,12.4308,11.4558,13.77
2019/6/4 21:55,108.0310,121.6550,137.2380,75.5920,71.5670,80.7060,108.9980,18.7079,7.3843,5.5015,12.4308,11.4557,13.77
2019/6/4 21:56,108.0510,121.6770,137.2650,75.6300,71.5970,80.7210,109.0170,18.7113,7.3858,5.5033,12.4328,11.4579,13.77
2019/6/4 21:57,108.0640,121.6940,137.2830,75.6290,71.5890,80.7320,109.0220,18.7135,7.3852,5.5040,12.4345,11.4594,13.77
2019/6/4 21:58,108.0650,121.7070,137.2830,75.6290,71.6070,80.7330,109.0290,18.7136,7.3856,5.5041,12.4350,11.4605,13.77
2019/6/4 21:59,108.0680,121.7220,137.3110,75.6310,71.6090,80.7410,109.0350,18.7136,7.3861,5.5033,12.4357,11.4623,13.77
2019/6/4 22:00,108.0710,121.7150,137.3040,75.6260,71.6130,80.7500,109.0370,18.7135,7.3857,5.5035,12.4352,11.4616,13.77
2019/6/4 22:01,108.0760,121.7330,137.3320,75.6420,71.6300,80.7640,109.0490,18.7132,7.3872,5.5059,12.4375,11.4636,13.77
2019/6/4 22:02,108.0710,121.7290,137.3330,75.6460,71.6320,80.7610,109.0530,18.7128,7.3874,5.5057,12.4371,11.4631,13.77
2019/6/4 22:03,108.0790,121.7430,137.3410,75.6600,71.6500,80.7760,109.0650,18.7140,7.3881,5.5060,12.4382,11.4645,13.77
2019/6/4 22:04,108.0730,121.7300,137.3240,75.6420,71.6350,80.7660,109.0560,18.7129,7.3878,5.5057,12.4369,11.4631,13.77
2019/6/4 22:05,108.0740,121.7280,137.3220,75.6400,71.6290,80.7660,109.0540,18.7133,7.3883,5.5057,12.4374,11.4631,13.77
2019/6/4 22:06,108.0700,121.7220,137.3170,75.6290,71.6270,80.7620,109.0520,18.7134,7.3877,5.5056,12.4368,11.4625,13.77
2019/6/4 22:07,108.0800,121.7420,137.3420,75.6520,71.6620,80.7770,109.0680,18.7136,7.3889,5.5066,12.4407,11.4645,13.77
2019/6/4 22:08,108.0880,121.7530,137.3540,75.6950,71.6940,80.7880,109.0660,18.7148,7.3898,5.5075,12.4401,11.4655,13.77
2019/6/4 22:09,108.0900,121.7530,137.3590,75.6770,71.6920,80.7960,109.0680,18.7152,7.3896,5.5070,12.4398,11.4653,13.77
2019/6/4 22:10,108.0910,121.7530,137.3590,75.6940,71.7040,80.8020,109.0710,18.7152,7.3900,5.5076,12.4403,11.4652,13.77
2019/6/4 22:11,108.0910,121.7480,137.3560,75.6830,71.7060,80.8030,109.0670,18.7148,7.3903,5.5080,12.4447,11.4663,13.77
2019/6/4 22:12,108.0970,121.7520,137.3550,75.6790,71.7030,80.8080,109.0640,18.7162,7.3907,5.5081,12.4443,11.4662,13.77
2019/6/4 22:13,108.0950,121.7480,137.3580,75.6730,71.6860,80.8070,109.0620,18.7156,7.3903,5.5079,12.4443,11.4657,13.77
2019/6/4 22:14,108.0960,121.7490,137.3610,75.6680,71.6840,80.7990,109.0630,18.7161,7.3908,5.5080,12.4434,11.4658,13.77
2019/6/4 22:15,108.0910,121.7470,137.3590,75.6630,71.6790,80.7960,109.0580,18.7148,7.3904,5.5076,12.4428,11.4655,13.77
2019/6/4 22:16,108.0770,121.7310,137.3390,75.6520,71.6580,80.7820,109.0520,18.7130,7.3892,5.5064,12.4411,11.4642,13.77
2019/6/4 22:17,108.0790,121.7380,137.3480,75.6660,71.6730,80.7870,109.0550,18.7133,7.3894,5.5069,12.4417,11.4644,13.77
2019/6/4 22:18,108.0740,121.7360,137.3690,75.6640,71.6700,80.7830,109.0530,18.7132,7.3892,5.5068,12.4419,11.4646,13.77
2019/6/4 22:19,108.0720,121.7300,137.3650,75.6580,71.6690,80.7840,109.0490,18.7115,7.3890,5.5060,12.4401,11.4640,13.77
2019/6/4 22:20,108.0620,121.7230,137.3530,75.6540,71.6730,80.7830,109.0430,18.7104,7.3884,5.5059,12.4401,11.4631,13.77
2019/6/4 22:21,108.0610,121.7240,137.3510,75.6560,71.6740,80.7810,109.0390,18.7114,7.3888,5.5060,12.4405,11.4630,13.77
2019/6/4 22:22,108.0680,121.7290,137.3500,75.6620,71.6680,80.7870,109.0490,18.7127,7.3887,5.5065,12.4409,11.4639,13.77
2019/6/4 22:23,108.0710,121.7270,137.3450,75.6630,71.6670,80.7870,109.0450,18.7131,7.3887,5.5067,12.4412,11.4636,13.77
2019/6/4 22:24,108.0590,121.7150,137.3410,75.6740,71.6700,80.7790,109.0360,18.7111,7.3884,5.5063,12.4408,11.4626,13.77
2019/6/4 22:25,108.0600,121.7270,137.3450,75.6770,71.6710,80.7800,109.0410,18.7112,7.3887,5.5062,12.4409,11.4635,13.77
2019/6/4 22:26,108.0580,121.7300,137.3420,75.6760,71.6720,80.7780,109.0440,18.7109,7.3887,5.5060,12.4413,11.4642,13.77
2019/6/4 22:27,108.0590,121.7240,137.3370,75.6750,71.6710,80.7780,109.0400,18.7111,7.3888,5.5061,12.4412,11.4637,13.77
2019/6/4 22:28,108.0670,121.7300,137.3460,75.6690,71.6670,80.7820,109.0450,18.7124,7.3900,5.5064,12.4418,11.4644,13.77
2019/6/4 22:29,108.0670,121.7340,137.3480,75.6770,71.6710,80.7830,109.0470,18.7124,7.3901,5.5064,12.4419,11.4645,13.77
2019/6/4 22:30,108.0600,121.7240,137.3300,75.6710,71.6660,80.7770,109.0390,18.7112,7.3886,5.5062,12.4404,11.4634,13.77
2019/6/4 22:31,108.0560,121.7150,137.3200,75.6620,71.6530,80.7720,109.0280,18.7104,7.3879,5.5059,12.4391,11.4624,13.77
2019/6/4 22:32,108.0620,121.7100,137.3220,75.6670,71.6540,80.7720,109.0050,18.7115,7.3882,5.5064,12.4396,11.4624,13.77
2019/6/4 22:33,108.0620,121.7050,137.3210,75.6690,71.6620,80.7760,109.0040,18.7115,7.3883,5.5065,12.4393,11.4619,13.77
2019/6/4 22:34,108.0720,121.7170,137.3360,75.6730,71.6700,80.7820,109.0050,18.7132,7.3889,5.5070,12.4404,11.4633,13.77
2019/6/4 22:35,108.0720,121.7160,137.3160,75.6570,71.6670,80.7780,109.0020,18.7132,7.3886,5.5068,12.4412,11.4628,13.77
2019/6/4 22:36,108.0870,121.7260,137.3330,75.6630,71.6690,80.7860,109.0080,18.7158,7.3894,5.5075,12.4424,11.4643,13.77
2019/6/4 22:37,108.0850,121.7240,137.3310,75.6610,71.6750,80.7860,109.0040,18.7155,7.3893,5.5074,12.4422,11.4641,13.77
2019/6/4 22:38,108.0820,121.7290,137.3380,75.6740,71.6890,80.7880,109.0030,18.7149,7.3894,5.5075,12.4414,11.4636,13.77
2019/6/4 22:39,108.0840,121.7280,137.3410,75.6780,71.6910,80.7910,109.0050,18.7153,7.3898,5.5076,12.4413,11.4637,13.77
2019/6/4 22:40,108.0810,121.7280,137.3370,75.6760,71.6900,80.7900,109.0010,18.7148,7.3898,5.5087,12.4412,11.4637,13.77
2019/6/4 22:41,108.0760,121.7200,137.3310,75.6640,71.6660,80.7840,108.9970,18.7139,7.3893,5.5081,12.4414,11.4628,13.77
2019/6/4 22:42,108.0670,121.7180,137.3220,75.6610,71.6680,80.7780,108.9970,18.7124,7.3888,5.5075,12.4407,11.4628,13.77
2019/6/4 22:43,108.0670,121.7170,137.3280,75.6570,71.6650,80.7780,108.9980,18.7124,7.3887,5.5068,12.4406,11.4625,13.77
2019/6/4 22:44,108.0520,121.7060,137.3080,75.6530,71.6580,80.7680,108.9940,18.7098,7.3876,5.5060,12.4393,11.4616,13.77
2019/6/4 22:45,108.0510,121.7040,137.2970,75.6500,71.6640,80.7660,108.9950,18.7096,7.3881,5.5059,12.4389,11.4615,13.77
2019/6/4 22:46,108.0490,121.7010,137.2940,75.6450,71.6540,80.7640,108.9940,18.7093,7.3877,5.5049,12.4379,11.4603,13.77
2019/6/4 22:47,108.0490,121.7040,137.2980,75.6420,71.6520,80.7650,108.9940,18.7088,7.3876,5.5049,12.4384,11.4605,13.77
2019/6/4 22:48,108.0510,121.7050,137.2970,75.6350,71.6510,80.7600,108.9950,18.7092,7.3876,5.5049,12.4382,11.4605,13.77
2019/6/4 22:49,108.0490,121.6970,137.2850,75.6340,71.6440,80.7590,108.9810,18.7089,7.3873,5.5049,12.4377,11.4598,13.77
2019/6/4 22:50,108.0410,121.6820,137.2710,75.6150,71.6280,80.7440,108.9720,18.7073,7.3866,5.5033,12.4360,11.4586,13.77
2019/6/4 22:51,108.0420,121.6820,137.2740,75.6150,71.6240,80.7480,108.9740,18.7075,7.3880,5.5042,12.4360,11.4588,13.77
2019/6/4 22:52,108.0440,121.6850,137.2670,75.6180,71.6270,80.7500,108.9750,18.7079,7.3883,5.5053,12.4366,11.4586,13.77
2019/6/4 22:53,108.0440,121.6800,137.2650,75.6180,71.6240,80.7500,108.9570,18.7075,7.3880,5.5054,12.4360,11.4579,13.77
2019/6/4 22:54,108.0450,121.6780,137.2660,75.6110,71.6220,80.7390,108.9750,18.7079,7.3881,5.5055,12.4358,11.4579,13.77
2019/6/4 22:55,108.0420,121.6720,137.2620,75.6090,71.6170,80.7300,108.9930,18.7075,7.3878,5.5049,12.4352,11.4574,13.77
2019/6/4 22:56,108.0510,121.6820,137.2740,75.6270,71.6300,80.7430,108.9890,18.7090,7.3884,5.5055,12.4362,11.4586,13.77
2019/6/4 22:57,108.0460,121.6730,137.2570,75.6140,71.6200,80.7420,108.9790,18.7081,7.3880,5.5046,12.4354,11.4574,13.77
2019/6/4 22:58,108.0470,121.6720,137.2570,75.6010,71.6000,80.7410,108.9900,18.7083,7.3879,5.5045,12.4362,11.4574,13.77
2019/6/4 22:59,108.0590,121.6860,137.2710,75.6150,71.6160,80.7570,108.9820,18.7103,7.3888,5.5054,12.4370,11.4585,13.77
2019/6/4 23:00,108.0570,121.6780,137.2670,75.6190,71.6150,80.7570,108.9620,18.7102,7.3886,5.5059,12.4365,11.4577,13.77
2019/6/4 23:01,108.0540,121.6740,137.2690,75.6190,71.6150,80.7580,108.9630,18.7095,7.3889,5.5056,12.4361,11.4573,13.77
2019/6/4 23:02,108.0510,121.6760,137.2610,75.6240,71.6210,80.7540,108.9670,18.7092,7.3886,5.5057,12.4360,11.4576,13.77
2019/6/4 23:03,108.0500,121.6770,137.2740,75.6270,71.6180,80.7530,108.9760,18.7088,7.3885,5.5057,12.4359,11.4577,13.77
2019/6/4 23:04,108.0550,121.6910,137.2830,75.6390,71.6330,80.7510,108.9830,18.7096,7.3889,5.5060,12.4371,11.4587,13.77
2019/6/4 23:05,108.0510,121.6840,137.2750,75.6330,71.6390,80.7480,108.9750,18.7090,7.3887,5.5057,12.4365,11.4582,13.77
2019/6/4 23:06,108.0570,121.6930,137.2840,75.6490,71.6490,80.7540,108.9660,18.7100,7.3891,5.5060,12.4371,11.4589,13.77
2019/6/4 23:07,108.0570,121.6930,137.2850,75.6410,71.6480,80.7560,108.9660,18.7089,7.3891,5.5060,12.4373,11.4590,13.77
2019/6/4 23:08,108.0670,121.7030,137.2940,75.6490,71.6540,80.7640,108.9760,18.7107,7.3898,5.5065,12.4381,11.4601,13.77
2019/6/4 23:09,108.0630,121.6950,137.2900,75.6460,71.6510,80.7570,108.9750,18.7099,7.3895,5.5063,12.4376,11.4593,13.77
2019/6/4 23:10,108.0670,121.6900,137.2840,75.6480,71.6530,80.7600,108.9690,18.7096,7.3898,5.5066,12.4367,11.4587,13.77
2019/6/4 23:11,108.0720,121.6960,137.2910,75.6490,71.6470,80.7650,108.9740,18.7105,7.3902,5.5066,12.4374,11.4591,13.77
2019/6/4 23:12,108.0790,121.7050,137.3010,75.6540,71.6530,80.7700,108.9800,18.7118,7.3910,5.5070,12.4389,11.4603,13.77
2019/6/4 23:13,108.0810,121.7060,137.3030,75.6570,71.6660,80.7710,108.9820,18.7120,7.3911,5.5072,12.4392,11.4605,13.77
2019/6/4 23:14,108.0850,121.7170,137.3090,75.6690,71.6690,80.7790,108.9890,18.7118,7.3912,5.5073,12.4399,11.4615,13.77
2019/6/4 23:15,108.0860,121.7190,137.3110,75.6720,71.6760,80.7810,108.9900,18.7119,7.3913,5.5073,12.4400,11.4615,13.77
2019/6/4 23:16,108.0920,121.7180,137.3160,75.6720,71.6830,80.7850,108.9930,18.7132,7.3916,5.5077,12.4404,11.4615,13.77
2019/6/4 23:17,108.1000,121.7220,137.3250,75.6780,71.6900,80.7910,109.0040,18.7145,7.3922,5.5081,12.4414,11.4618,13.77
2019/6/4 23:18,108.1090,121.7320,137.3390,75.6780,71.6950,80.7960,109.0100,18.7161,7.3928,5.5086,12.4424,11.4629,13.77
2019/6/4 23:19,108.1120,121.7280,137.3310,75.6740,71.6930,80.7990,109.0060,18.7167,7.3928,5.5088,12.4427,11.4627,13.77
2019/6/4 23:20,108.1140,121.7310,137.3290,75.6700,71.6840,80.8010,109.0050,18.7170,7.3930,5.5088,12.4424,11.4627,13.77
2019/6/4 23:21,108.1210,121.7370,137.3390,75.6760,71.6790,80.8070,109.0120,18.7181,7.3933,5.5094,12.4428,11.4636,13.77
2019/6/4 23:22,108.1290,121.7470,137.3490,75.6810,71.6840,80.8110,109.0210,18.7196,7.3939,5.5096,12.4432,11.4646,13.77
2019/6/4 23:23,108.1290,121.7470,137.3410,75.6780,71.6850,80.8090,109.0090,18.7196,7.3939,5.5096,12.4438,11.4642,13.77
2019/6/4 23:24,108.1350,121.7500,137.3480,75.6790,71.6880,80.8110,109.0120,18.7207,7.3943,5.5099,12.4443,11.4648,13.77
2019/6/4 23:25,108.1350,121.7540,137.3500,75.6740,71.6870,80.8120,109.0060,18.7207,7.3944,5.5099,12.4438,11.4651,13.77
2019/6/4 23:26,108.1330,121.7520,137.3440,75.6730,71.6870,80.8070,108.9980,18.7203,7.3942,5.5097,12.4433,11.4648,13.77
2019/6/4 23:27,108.1320,121.7440,137.3430,75.6780,71.6880,80.8060,108.9970,18.7202,7.3942,5.5097,12.4429,11.4644,13.77
2019/6/4 23:28,108.1270,121.7400,137.3380,75.6730,71.6830,80.8020,108.9910,18.7193,7.3938,5.5093,12.4425,11.4636,13.77
2019/6/4 23:29,108.1220,121.7370,137.3340,75.6710,71.6800,80.7980,108.9920,18.7185,7.3934,5.5091,12.4420,11.4632,13.77
2019/6/4 23:30,108.1270,121.7420,137.3490,75.6790,71.6860,80.8040,108.9960,18.7195,7.3938,5.5095,12.4438,11.4639,13.77
2019/6/4 23:31,108.1220,121.7410,137.3430,75.6810,71.6890,80.8010,108.9930,18.7185,7.3937,5.5092,12.4432,11.4641,13.77
2019/6/4 23:32,108.1270,121.7480,137.3490,75.6840,71.6910,80.8050,108.9980,18.7195,7.3941,5.5095,12.4439,11.4646,13.77
2019/6/4 23:33,108.1260,121.7530,137.3570,75.6880,71.6950,80.8110,109.0040,18.7192,7.3940,5.5094,12.4451,11.4653,13.77
2019/6/4 23:34,108.1280,121.7580,137.3630,75.6950,71.7050,80.8130,109.0110,18.7185,7.3940,5.5095,12.4449,11.4658,13.77
2019/6/4 23:35,108.1220,121.7490,137.3540,75.6890,71.7000,80.8070,109.0030,18.7178,7.3937,5.5092,12.4446,11.4647,13.77
2019/6/4 23:36,108.1200,121.7520,137.3510,75.6830,71.6990,80.8070,109.0020,18.7174,7.3935,5.5091,12.4446,11.4650,13.77
2019/6/4 23:37,108.1200,121.7610,137.3530,75.6900,71.7090,80.8120,109.0050,18.7174,7.3935,5.5091,12.4457,11.4659,13.77
2019/6/4 23:38,108.1200,121.7610,137.3500,75.6930,71.7090,80.8100,109.0050,18.7175,7.3929,5.5091,12.4456,11.4660,13.77
2019/6/4 23:39,108.1130,121.7590,137.3530,75.6880,71.7080,80.8080,109.0010,18.7163,7.3924,5.5087,12.4453,11.4658,13.77
2019/6/4 23:40,108.1110,121.7570,137.3500,75.6940,71.7110,80.8060,108.9980,18.7159,7.3923,5.5086,12.4447,11.4655,13.77
2019/6/4 23:41,108.1070,121.7500,137.3450,75.6850,71.7060,80.8030,108.9960,18.7153,7.3920,5.5087,12.4442,11.4649,13.77
2019/6/4 23:42,108.1120,121.7590,137.3520,75.6950,71.7170,80.8120,108.9960,18.7161,7.3911,5.5087,12.4459,11.4653,13.77
2019/6/4 23:43,108.1110,121.7580,137.3480,75.6920,71.7190,80.8110,108.9960,18.7161,7.3912,5.5085,12.4448,11.4658,13.77
2019/6/4 23:44,108.1070,121.7490,137.3480,75.6910,71.7170,80.8080,108.9920,18.7153,7.3907,5.5082,12.4446,11.4644,13.77
2019/6/4 23:45,108.1090,121.7500,137.3500,75.6880,71.7180,80.8110,108.9940,18.7157,7.3907,5.5082,12.4449,11.4649,13.77
2019/6/4 23:46,108.1070,121.7490,137.3470,75.6910,71.7170,80.8090,108.9920,18.7152,7.3907,5.5082,12.4442,11.4644,13.77
2019/6/4 23:47,108.1080,121.7480,137.3470,75.6820,71.7140,80.8080,108.9780,18.7152,7.3906,5.5082,12.4442,11.4647,13.77
2019/6/4 23:48,108.1070,121.7470,137.3440,75.6810,71.7130,80.8080,108.9750,18.7149,7.3906,5.5081,12.4441,11.4644,13.77
2019/6/4 23:49,108.1070,121.7430,137.3370,75.6820,71.7140,80.8090,108.9550,18.7149,7.3907,5.5081,12.4439,11.4646,13.77
2019/6/4 23:50,108.1030,121.7430,137.3390,75.6770,71.7110,80.8040,108.9530,18.7142,7.3904,5.5078,12.4430,11.4643,13.77
2019/6/4 23:51,108.1000,121.7420,137.3350,75.6760,71.7110,80.8030,108.9470,18.7126,7.3901,5.5078,12.4427,11.4638,13.77
2019/6/4 23:52,108.0960,121.7410,137.3320,75.6780,71.7100,80.7990,108.9450,18.7117,7.3901,5.5077,12.4429,11.4637,13.77
2019/6/4 23:53,108.0940,121.7270,137.3300,75.6720,71.7060,80.7980,108.9410,18.7112,7.3899,5.5075,12.4420,11.4628,13.77
2019/6/4 23:54,108.0850,121.7220,137.3190,75.6670,71.7030,80.7910,108.9410,18.7095,7.3893,5.5072,12.4415,11.4626,13.77
2019/6/4 23:55,108.0840,121.7210,137.3180,75.6700,71.7030,80.7900,108.9420,18.7101,7.3894,5.5071,12.4415,11.4623,13.77
2019/6/4 23:56,108.0920,121.7350,137.3290,75.6810,71.7170,80.7970,108.9420,18.7108,7.3902,5.5077,12.4431,11.4627,13.77
2019/6/4 23:57,108.0990,121.7410,137.3380,75.6850,71.7180,80.8020,108.9510,18.7120,7.3905,5.5080,12.4431,11.4644,13.77
2019/6/4 23:58,108.1030,121.7380,137.3420,75.6770,71.7150,80.8040,108.9510,18.7144,7.3901,5.5083,12.4430,11.4637,13.77
2019/6/4 23:59,108.1030,121.7410,137.3460,75.6880,71.7150,80.8070,108.9500,18.7087,7.3908,5.5092,12.4439,11.4638,13.77
2019/6/5 0:00,108.0970,121.7340,137.3370,75.6790,71.7080,80.8010,108.9480,18.7072,7.3850,5.5089,12.4431,11.4633,13.7858
2019/6/5 0:01,108.0990,121.7370,137.3480,75.6790,71.7100,80.8020,108.9490,18.7078,7.3840,5.5088,12.4428,11.4636,13.7858
2019/6/5 0:02,108.0980,121.7420,137.3420,75.6820,71.7180,80.8000,108.9500,18.7076,7.3840,5.5087,12.4438,11.4637,13.7857
2019/6/5 0:03,108.0970,121.7280,137.3340,75.6740,71.7140,80.8000,108.9430,18.7077,7.3840,5.5087,12.4430,11.4627,13.7856
2019/6/5 0:04,108.0980,121.7290,137.3330,75.6800,71.7170,80.7990,108.9420,18.7064,7.3830,5.5087,12.4423,11.4629,13.7858
2019/6/5 0:05,108.0910,121.7220,137.3270,75.6750,71.7130,80.7950,108.9410,18.7052,7.3840,5.5087,12.4419,11.4621,13.7849
2019/6/5 0:06,108.0990,121.7370,137.3440,75.6880,71.7280,80.8020,108.9450,18.7067,7.3840,5.5091,12.4441,11.4638,13.7859
2019/6/5 0:07,108.0840,121.7270,137.3260,75.6780,71.7140,80.7900,108.9420,18.7049,7.3840,5.5080,12.4434,11.4623,13.7841
2019/6/5 0:08,108.0750,121.7150,137.3170,75.6690,71.7050,80.7840,108.9390,18.7033,7.3830,5.5074,12.4415,11.4619,13.7829
2019/6/5 0:09,108.0730,121.7120,137.3110,75.6680,71.7020,80.7820,108.9380,18.7035,7.3830,5.5075,12.4410,11.4611,13.7827
2019/6/5 0:10,108.0680,121.7130,137.3080,75.6700,71.7050,80.7790,108.9240,18.7025,7.3820,5.5073,12.4409,11.4610,13.7821
2019/6/5 0:11,108.0750,121.7210,137.3240,75.6740,71.7130,80.7830,108.9380,18.7037,7.3820,5.5079,12.4420,11.4618,13.7829
2019/6/5 0:12,108.0800,121.7220,137.3200,75.6720,71.7080,80.7870,108.9410,18.7046,7.3830,5.5079,12.4422,11.4620,13.7835
2019/6/5 0:13,108.0850,121.7210,137.3260,75.6640,71.7020,80.7900,108.9400,18.7054,7.3830,5.5072,12.4412,11.4622,13.7842
2019/6/5 0:14,108.0810,121.7160,137.3140,75.6580,71.6980,80.7880,108.9380,18.7047,7.3830,5.5069,12.4398,11.4615,13.7837
2019/6/5 0:15,108.0860,121.7210,137.3200,75.6620,71.7020,80.7910,108.9410,18.7057,7.3830,5.5070,12.4422,11.4617,13.7844
2019/6/5 0:16,108.0910,121.7270,137.3360,75.6740,71.7180,80.7970,108.9420,18.7065,7.3840,5.5073,12.4435,11.4624,13.7850
2019/6/5 0:17,108.0910,121.7310,137.3400,75.6820,71.7260,80.7960,108.9410,18.7067,7.3830,5.5073,12.4421,11.4633,13.7850
2019/6/5 0:18,108.0920,121.7270,137.3360,75.6800,71.7270,80.7960,108.9420,18.7066,7.3830,5.5073,12.4429,11.4626,13.7851
2019/6/5 0:19,108.0860,121.7210,137.3290,75.6560,71.7170,80.7910,108.9420,18.7055,7.3830,5.5069,12.4418,11.4620,13.7843
2019/6/5 0:20,108.0900,121.7250,137.3350,75.6630,71.7210,80.7950,108.9410,18.7064,7.3830,5.5061,12.4423,11.4621,13.7848
2019/6/5 0:21,108.0870,121.7220,137.3320,75.6610,71.7220,80.7930,108.9410,18.7059,7.3830,5.5059,12.4419,11.4619,13.7845
2019/6/5 0:22,108.0910,121.7230,137.3360,75.6620,71.7230,80.7960,108.9410,18.7065,7.3840,5.5061,12.4420,11.4623,13.7850
2019/6/5 0:23,108.0960,121.7280,137.3400,75.6520,71.7170,80.8000,108.9440,18.7073,7.3830,5.5043,12.4411,11.4624,13.7856
2019/6/5 0:24,108.0990,121.7300,137.3430,75.6690,71.7270,80.8020,108.9430,18.7079,7.3830,5.5045,12.4411,11.4626,13.7860
2019/6/5 0:25,108.1000,121.7270,137.3390,75.6590,71.7190,80.8030,108.9410,18.7081,7.3840,5.5044,12.4408,11.4625,13.7861
2019/6/5 0:26,108.1060,121.7340,137.3480,75.6570,71.7250,80.8070,108.9490,18.7092,7.3850,5.5039,12.4414,11.4630,13.7869
2019/6/5 0:27,108.1150,121.7430,137.3580,75.6630,71.7290,80.8140,108.9420,18.7109,7.3840,5.5036,12.4449,11.4639,13.7881
2019/6/5 0:28,108.1150,121.7320,137.3460,75.6640,71.7210,80.8120,108.9290,18.7110,7.3840,5.5032,12.4430,11.4628,13.7881
2019/6/5 0:29,108.1130,121.7320,137.3470,75.6670,71.7220,80.8090,108.9410,18.7107,7.3840,5.5032,12.4436,11.4628,13.7878
2019/6/5 0:30,108.1280,121.7460,137.3590,75.6730,71.7180,80.8190,108.9500,18.7123,7.3850,5.5041,12.4448,11.4645,13.7897
2019/6/5 0:31,108.1220,121.7390,137.3580,75.6640,71.7140,80.8110,108.9470,18.7108,7.3830,5.5037,12.4436,11.4639,13.7889
2019/6/5 0:32,108.1210,121.7390,137.3560,75.6610,71.7110,80.8070,108.9460,18.7111,7.3830,5.5039,12.4432,11.4637,13.7888
2019/6/5 0:33,108.1210,121.7390,137.3630,75.6660,71.7100,80.8080,108.9470,18.7135,7.3840,5.5039,12.4430,11.4632,13.7888
2019/6/5 0:34,108.1140,121.7310,137.3550,75.6600,71.7060,80.8020,108.9490,18.7125,7.3830,5.5035,12.4416,11.4630,13.7879
2019/6/5 0:35,108.1110,121.7320,137.3510,75.6580,71.7030,80.8000,108.9500,18.7120,7.3840,5.5033,12.4424,11.4636,13.7875
2019/6/5 0:36,108.1110,121.7330,137.3510,75.6630,71.7050,80.8000,108.9480,18.7092,7.3850,5.5033,12.4415,11.4630,13.7875
2019/6/5 0:37,108.1120,121.7330,137.3560,75.6660,71.7030,80.8040,108.9540,18.7116,7.3850,5.5041,12.4416,11.4630,13.7877
2019/6/5 0:38,108.1110,121.7330,137.3520,75.6630,71.7030,80.7990,108.9510,18.7112,7.3850,5.5040,12.4421,11.4630,13.7875
2019/6/5 0:39,108.1110,121.7310,137.3520,75.6560,71.7020,80.7980,108.9470,18.7116,7.3850,5.5040,12.4414,11.4631,13.7875
2019/6/5 0:40,108.0960,121.7270,137.3370,75.6470,71.6920,80.7880,108.9420,18.7090,7.3830,5.5034,12.4415,11.4620,13.7856
2019/6/5 0:41,108.0960,121.7220,137.3350,75.6470,71.6950,80.7890,108.9410,18.7091,7.3830,5.5035,12.4404,11.4623,13.7856
2019/6/5 0:42,108.1030,121.7280,137.3470,75.6540,71.6980,80.7930,108.9420,18.7105,7.3830,5.5037,12.4412,11.4626,13.7865
2019/6/5 0:43,108.1100,121.7380,137.3590,75.6600,71.7030,80.7980,108.9470,18.7117,7.3850,5.5041,12.4420,11.4633,13.7874
2019/6/5 0:44,108.1070,121.7400,137.3580,75.6590,71.7020,80.7960,108.9460,18.7112,7.3840,5.5039,12.4419,11.4637,13.7869
2019/6/5 0:45,108.1020,121.7380,137.3550,75.6570,71.7110,80.7970,108.9480,18.7103,7.3830,5.5037,12.4422,11.4637,13.7863
2019/6/5 0:46,108.0950,121.7380,137.3550,75.6560,71.7080,80.7930,108.9470,18.7091,7.3830,5.5043,12.4426,11.4629,13.7854
2019/6/5 0:47,108.0910,121.7350,137.3500,75.6530,71.7060,80.7890,108.9450,18.7085,7.3840,5.5041,12.4419,11.4635,13.7849
2019/6/5 0:48,108.0970,121.7400,137.3570,75.6580,71.7200,80.7940,108.9510,18.7095,7.3830,5.5045,12.4424,11.4638,13.7857
2019/6/5 0:49,108.0980,121.7410,137.3560,75.6600,71.7230,80.7960,108.9550,18.7097,7.3840,5.5047,12.4427,11.4638,13.7858
2019/6/5 0:50,108.0980,121.7420,137.3560,75.6540,71.7090,80.7950,108.9550,18.7097,7.3830,5.5047,12.4426,11.4641,13.7857
2019/6/5 0:51,108.0990,121.7380,137.3550,75.6530,71.7080,80.7950,108.9590,18.7099,7.3840,5.5045,12.4418,11.4635,13.7858
2019/6/5 0:52,108.0990,121.7310,137.3500,75.6430,71.7030,80.7900,108.9490,18.7099,7.3830,5.5044,12.4419,11.4628,13.7859
2019/6/5 0:53,108.1150,121.7440,137.3670,75.6490,71.7070,80.8020,108.9630,18.7127,7.3840,5.5053,12.4437,11.4643,13.7879
2019/6/5 0:54,108.1140,121.7440,137.3650,75.6470,71.7100,80.7970,108.9650,18.7125,7.3840,5.5051,12.4436,11.4645,13.7878
2019/6/5 0:55,108.1020,121.7340,137.3460,75.6250,71.6830,80.7880,108.9570,18.6999,7.3870,5.5046,12.4422,11.4631,13.7863
2019/6/5 0:56,108.0970,121.7290,137.3450,75.6220,71.6830,80.7830,108.9530,18.7004,7.3870,5.5038,12.4420,11.4629,13.7856
2019/6/5 0:57,108.0910,121.7230,137.3370,75.6190,71.6800,80.7800,108.9460,18.6993,7.3870,5.5033,12.4410,11.4622,13.7846
2019/6/5 0:58,108.0820,121.7120,137.3240,75.6090,71.6730,80.7760,108.9420,18.6978,7.3860,5.5030,12.4402,11.4610,13.7835
2019/6/5 0:59,108.0910,121.7140,137.3280,75.6270,71.6840,80.7830,108.9410,18.6993,7.3860,5.5039,12.4410,11.4608,13.7846
2019/6/5 1:00,108.0730,121.7000,137.3180,75.6120,71.6700,80.7700,108.9280,18.6964,7.3870,5.5032,12.4388,11.4632,13.7820
2019/6/5 1:01,108.0720,121.6990,137.3150,75.6050,71.6660,80.7680,108.9250,18.6963,7.3870,5.5035,12.4389,11.4640,13.7820
2019/6/5 1:02,108.0690,121.6940,137.3110,75.6040,71.6660,80.7670,108.9240,18.6957,7.3870,5.5034,12.4385,11.4636,13.7817
2019/6/5 1:03,108.0800,121.7070,137.3240,75.6200,71.6750,80.7760,108.9300,18.6976,7.3870,5.5039,12.4397,11.4626,13.7831
2019/6/5 1:04,108.0750,121.7050,137.3200,75.6160,71.6710,80.7720,108.9300,18.6986,7.3870,5.5036,12.4392,11.4625,13.7824
2019/6/5 1:05,108.1060,121.7300,137.3670,75.6380,71.6920,80.7960,108.9540,18.7039,7.3890,5.5052,12.4427,11.4650,13.7864
2019/6/5 1:06,108.0940,121.7300,137.3980,75.6310,71.6910,80.7920,108.9510,18.7018,7.3880,5.5045,12.4414,11.4647,13.7848
2019/6/5 1:07,108.0870,121.7290,137.3900,75.6280,71.6930,80.7930,108.9470,18.7007,7.3880,5.5042,12.4411,11.4674,13.7840
2019/6/5 1:08,108.0930,121.7340,137.3830,75.6310,71.6910,80.7910,108.9560,18.7019,7.3880,5.5045,12.4424,11.4677,13.7847
2019/6/5 1:09,108.0740,121.7120,137.3590,75.6160,71.6790,80.7770,108.9410,18.6984,7.3860,5.5035,12.4401,11.4642,13.7823
2019/6/5 1:10,108.0700,121.7060,137.3540,75.6110,71.6900,80.7740,108.9380,18.6976,7.3850,5.5032,12.4394,11.4620,13.7818
2019/6/5 1:11,108.0860,121.7220,137.3720,75.6210,71.7000,80.7860,108.9520,18.7005,7.3860,5.5041,12.4412,11.4650,13.7838
2019/6/5 1:12,108.0860,121.7220,137.3750,75.6210,71.6990,80.7860,108.9510,18.7006,7.3820,5.5041,12.4412,11.4640,13.7838
2019/6/5 1:13,108.0870,121.7220,137.3770,75.6230,71.7000,80.7860,108.9530,18.7009,7.3830,5.5041,12.4414,11.4632,13.7840
2019/6/5 1:14,108.0880,121.7250,137.3780,75.6240,71.7030,80.7870,108.9540,18.7011,7.3830,5.5042,12.4416,11.4643,13.7841
2019/6/5 1:15,108.0870,121.7280,137.3870,75.6240,71.7020,80.7920,108.9570,18.7122,7.3830,5.5041,12.4413,11.4646,13.7840
2019/6/5 1:16,108.0810,121.7310,137.3800,75.6320,71.7210,80.7890,108.9610,18.7112,7.3830,5.5043,12.4411,11.4645,13.7832
2019/6/5 1:17,108.0870,121.7300,137.3800,75.6300,71.7250,80.7920,108.9590,18.7122,7.3820,5.5044,12.4418,11.4642,13.7839
2019/6/5 1:18,108.0910,121.7400,137.3820,75.6390,71.7290,80.7960,108.9610,18.7129,7.3830,5.5046,12.4432,11.4649,13.7842
2019/6/5 1:19,108.0880,121.7300,137.3830,75.6340,71.7270,80.7930,108.9570,18.7124,7.3820,5.5043,12.4423,11.4646,13.7840
2019/6/5 1:20,108.0870,121.7360,137.3880,75.6280,71.7270,80.7940,108.9600,18.7122,7.3820,5.5067,12.4426,11.4649,13.7839
2019/6/5 1:21,108.0940,121.7470,137.4080,75.6360,71.7390,80.8010,108.9730,18.7135,7.3830,5.5072,12.4435,11.4655,13.7848
2019/6/5 1:22,108.0920,121.7440,137.4050,75.6340,71.7160,80.7970,108.9710,18.7131,7.3830,5.5070,12.4437,11.4649,13.7846
2019/6/5 1:23,108.0920,121.7430,137.4040,75.6320,71.7160,80.7960,108.9710,18.7131,7.3830,5.5069,12.4438,11.4648,13.7846
2019/6/5 1:24,108.0870,121.7430,137.4200,75.6290,71.7120,80.7940,108.9710,18.7122,7.3830,5.5079,12.4443,11.4646,13.7839
2019/6/5 1:25,108.0870,121.7440,137.4200,75.6300,71.7120,80.7980,108.9670,18.7122,7.3840,5.5077,12.4443,11.4646,13.7839
2019/6/5 1:26,108.0820,121.7450,137.4150,75.6300,71.7140,80.7940,108.9700,18.7114,7.3820,5.5095,12.4436,11.4650,13.7833
2019/6/5 1:27,108.0870,121.7490,137.3960,75.6300,71.7110,80.8020,108.9630,18.7122,7.3830,5.5095,12.4443,11.4692,13.7839
2019/6/5 1:28,108.0820,121.7450,137.3930,75.6270,71.7320,80.7960,108.9680,18.7114,7.3830,5.5093,12.4437,11.4668,13.7833
2019/6/5 1:29,108.0880,121.7560,137.3970,75.6360,71.7400,80.8020,108.9770,18.7131,7.3840,5.5097,12.4448,11.4670,13.7841
2019/6/5 1:30,108.0820,121.7440,137.3810,75.6230,71.7340,80.7960,108.9740,18.7121,7.3840,5.5092,12.4441,11.4652,13.7833
2019/6/5 1:31,108.0830,121.7450,137.3950,75.6290,71.7490,80.7970,108.9760,18.7123,7.3840,5.5093,12.4443,11.4663,13.7834
2019/6/5 1:32,108.0860,121.7500,137.3980,75.6350,71.7570,80.7980,108.9800,18.7128,7.3840,5.5095,12.4446,11.4663,13.7838
2019/6/5 1:33,108.0820,121.7510,137.3920,75.6300,71.7460,80.7910,108.9800,18.7121,7.3830,5.5095,12.4442,11.4649,13.7832
2019/6/5 1:34,108.0830,121.7470,137.3890,75.6300,71.7550,80.7960,108.9810,18.7122,7.3830,5.5092,12.4441,11.4653,13.7834
2019/6/5 1:35,108.0820,121.7490,137.3990,75.6300,71.7550,80.7940,108.9810,18.7125,7.3830,5.5093,12.4440,11.4650,13.7833
2019/6/5 1:36,108.0700,121.7380,137.3970,75.6180,71.7490,80.7870,108.9710,18.7100,7.3830,5.5099,12.4434,11.4646,13.7818
2019/6/5 1:37,108.0690,121.7390,137.4230,75.6330,71.7690,80.7890,108.9730,18.7098,7.3830,5.5109,12.4432,11.4637,13.7817
2019/6/5 1:38,108.0530,121.7200,137.4170,75.6280,71.7670,80.7850,108.9580,18.7070,7.3830,5.5107,12.4412,11.4624,13.7796
2019/6/5 1:39,108.0620,121.7280,137.4030,75.6320,71.7790,80.7910,108.9650,18.7091,7.3830,5.5111,12.4421,11.4631,13.7807
2019/6/5 1:40,108.0530,121.7170,137.3890,75.6310,71.7910,80.7850,108.9580,18.7075,7.3830,5.5107,12.4413,11.4633,13.7797
2019/6/5 1:41,108.0550,121.7190,137.3860,75.6430,71.7910,80.7870,108.9580,18.7174,7.3840,5.5109,12.4420,11.4641,13.7799
2019/6/5 1:42,108.0620,121.7180,137.3880,75.6390,71.7880,80.7860,108.9600,18.7208,7.3840,5.5116,12.4414,11.4637,13.7807
2019/6/5 1:43,108.0580,121.7130,137.3790,75.6310,71.7830,80.7830,108.9560,18.7200,7.3840,5.5110,12.4409,11.4630,13.7802
2019/6/5 1:44,108.0600,121.7080,137.3750,75.6270,71.7810,80.7850,108.9530,18.7206,7.3840,5.5092,12.4409,11.4616,13.7805
2019/6/5 1:45,108.0650,121.7170,137.3940,75.6340,71.7770,80.7890,108.9680,18.7211,7.3840,5.5093,12.4416,11.4622,13.7811
2019/6/5 1:46,108.0650,121.7070,137.3700,75.6240,71.7760,80.7870,108.9680,18.7211,7.3830,5.5091,12.4421,11.4615,13.7811
2019/6/5 1:47,108.0640,121.7180,137.3780,75.6300,71.7750,80.7860,108.9790,18.7219,7.3840,5.5092,12.4420,11.4624,13.7810
2019/6/5 1:48,108.0610,121.7230,137.3850,75.6260,71.7720,80.7840,108.9790,18.7212,7.3840,5.5091,12.4418,11.4626,13.7805
2019/6/5 1:49,108.0560,121.7280,137.3900,75.6280,71.7660,80.7860,108.9810,18.7204,7.3840,5.5088,12.4409,11.4624,13.7800
2019/6/5 1:50,108.0530,121.7210,137.3870,75.6310,71.7680,80.7820,108.9880,18.7199,7.3830,5.5087,12.4409,11.4623,13.7796
2019/6/5 1:51,108.0530,121.7140,137.3780,75.6280,71.7670,80.7830,108.9780,18.7203,7.3830,5.5075,12.4407,11.4639,13.7796
2019/6/5 1:52,108.0570,121.7220,137.4010,75.6300,71.7670,80.7860,108.9830,18.7206,7.3820,5.5078,12.4411,11.4633,13.7801
2019/6/5 1:53,108.0580,121.7160,137.3930,75.6260,71.7550,80.7870,108.9820,18.7205,7.3820,5.5081,12.4410,11.4622,13.7802
2019/6/5 1:54,108.0630,121.7250,137.3980,75.6220,71.7560,80.7900,108.9870,18.7206,7.3830,5.5076,12.4418,11.4626,13.7809
2019/6/5 1:55,108.0690,121.7280,137.4030,75.6280,71.7620,80.7940,108.9920,18.7224,7.3840,5.5080,12.4426,11.4628,13.7818
2019/6/5 1:56,108.0710,121.7320,137.4000,75.6390,71.7710,80.7950,108.9940,18.7223,7.3870,5.5089,12.4429,11.4636,13.7821
2019/6/5 1:57,108.0640,121.7240,137.3880,75.6330,71.7630,80.7910,108.9870,18.7213,7.3860,5.5073,12.4416,11.4631,13.7812
2019/6/5 1:58,108.0640,121.7190,137.3900,75.6380,71.7620,80.7910,108.9870,18.7206,7.3870,5.5085,12.4413,11.4626,13.7813
2019/6/5 1:59,108.0700,121.7270,137.3980,75.6400,71.7730,80.7950,109.0040,18.7233,7.3860,5.5096,12.4426,11.4634,13.7820
2019/6/5 2:00,108.0480,121.7400,137.3890,75.6390,71.7720,80.7780,109.0150,18.7198,7.3840,5.5110,12.4442,11.4657,13.7792
2019/6/5 2:01,108.0440,121.7330,137.3750,75.6370,71.7690,80.7720,109.0210,18.7410,7.3840,5.5099,12.4403,11.4650,13.7787
2019/6/5 2:02,108.0420,121.7320,137.3710,75.6430,71.7800,80.7750,109.0280,18.7474,7.3830,5.5097,12.4404,11.4651,13.7784
2019/6/5 2:03,108.0380,121.7220,137.3730,75.6380,71.7740,80.7680,109.0050,18.7468,7.3800,5.5085,12.4390,11.4646,13.7779
2019/6/5 2:04,108.0520,121.7440,137.3970,75.6590,71.7960,80.7840,109.0190,18.7498,7.3830,5.5092,12.4420,11.4674,13.7796
2019/6/5 2:05,108.0290,121.7320,137.3960,75.6460,71.7840,80.7660,109.0160,18.7463,7.3790,5.5078,12.4411,11.4662,13.7766
2019/6/5 2:06,108.0280,121.7280,137.3870,75.6370,71.7800,80.7600,109.0200,18.7440,7.3750,5.5077,12.4407,11.4659,13.7766
2019/6/5 2:07,108.0280,121.7250,137.3790,75.6310,71.7700,80.7540,109.0170,18.7440,7.3730,5.5077,12.4423,11.4653,13.7765
2019/6/5 2:08,108.0230,121.7220,137.3720,75.6310,71.7730,80.7520,109.0130,18.7447,7.3700,5.5073,12.4418,11.4649,13.7759
2019/6/5 2:09,108.0160,121.7130,137.3650,75.6280,71.7760,80.7450,109.0130,18.7429,7.3680,5.5072,12.4408,11.4641,13.7750
2019/6/5 2:10,108.0160,121.7250,137.3590,75.6360,71.7810,80.7500,109.0180,18.7428,7.3710,5.5072,12.4416,11.4644,13.7750
2019/6/5 2:11,108.0050,121.6970,137.3340,75.6280,71.7780,80.7340,109.0130,18.7416,7.3710,5.5060,12.4391,11.4625,13.7736
2019/6/5 2:12,108.0060,121.6840,137.3260,75.6310,71.7720,80.7320,109.0030,18.7410,7.3670,5.5070,12.4385,11.4625,13.7737
2019/6/5 2:13,108.0220,121.7250,137.3570,75.6450,71.7840,80.7440,109.0290,18.7428,7.3670,5.5075,12.4429,11.4668,13.7758
2019/6/5 2:14,108.0210,121.7250,137.3550,75.6450,71.7880,80.7490,109.0350,18.7422,7.3660,5.5080,12.4419,11.4637,13.7757
2019/6/5 2:15,108.0120,121.7190,137.3540,75.6430,71.7900,80.7370,109.0340,18.7349,7.3650,5.5065,12.4412,11.4629,13.7745
2019/6/5 2:16,108.0050,121.7120,137.3490,75.6510,71.7970,80.7380,109.0400,18.7361,7.3670,5.5072,12.4408,11.4618,13.7736
2019/6/5 2:17,108.0040,121.7040,137.3450,75.6430,71.7970,80.7330,109.0350,18.7322,7.3660,5.5047,12.4399,11.4615,13.7735
2019/6/5 2:18,108.0060,121.7410,137.3880,75.6580,71.8030,80.7490,109.0510,18.7380,7.3680,5.5090,12.4462,11.4654,13.7738
2019/6/5 2:19,108.0060,121.7440,137.4060,75.6740,71.8180,80.7540,109.0580,18.7398,7.3690,5.5112,12.4469,11.4659,13.7737
2019/6/5 2:20,107.9990,121.7320,137.3930,75.6760,71.8090,80.7530,109.0510,18.7385,7.3670,5.5108,12.4460,11.4674,13.7729
2019/6/5 2:21,107.9930,121.6970,137.3650,75.6510,71.7820,80.7400,109.0440,18.7374,7.3670,5.5076,12.4420,11.4658,13.7725
2019/6/5 2:22,107.9900,121.6930,137.3500,75.6590,71.7850,80.7360,109.0310,18.7295,7.3680,5.5079,12.4419,11.4654,13.7726
2019/6/5 2:23,107.9910,121.7010,137.3580,75.6620,71.7910,80.7350,109.0350,18.7299,7.3660,5.5089,12.4413,11.4664,13.7722
2019/6/5 2:24,107.9720,121.6810,137.3230,75.6490,71.7740,80.7190,109.0230,18.7270,7.3630,5.5072,12.4385,11.4644,13.7699
2019/6/5 2:25,107.9860,121.6930,137.3300,75.6580,71.7740,80.7230,109.0250,18.7294,7.3610,5.5079,12.4393,11.4651,13.7716
2019/6/5 2:26,107.9810,121.7130,137.3280,75.6550,71.7810,80.7210,109.0250,18.7283,7.3570,5.5077,12.4405,11.4636,13.7710
2019/6/5 2:27,107.9760,121.6950,137.3080,75.6470,71.7760,80.6930,109.0250,18.7271,7.3580,5.5074,12.4392,11.4651,13.7703
2019/6/5 2:28,107.9700,121.6780,137.2820,75.6370,71.7660,80.6920,109.0160,18.7247,7.3580,5.5061,12.4366,11.4624,13.7696
2019/6/5 2:29,107.9840,121.6880,137.2970,75.6340,71.7640,80.7000,109.0230,18.7279,7.3580,5.5068,12.4370,11.4616,13.7712
2019/6/5 2:30,107.9900,121.6830,137.2520,75.6240,71.7670,80.7040,109.0190,18.7237,7.3540,5.5064,12.4341,11.4595,13.7721
2019/6/5 2:31,107.9890,121.6750,137.2270,75.6330,71.7630,80.7020,109.0170,18.7229,7.3510,5.5067,12.4333,11.4592,13.7719
2019/6/5 2:32,107.9830,121.6680,137.2210,75.6300,71.7600,80.7020,109.0120,18.7220,7.3490,5.5062,12.4318,11.4586,13.7712
2019/6/5 2:33,107.9790,121.6760,137.2060,75.6370,71.7740,80.7110,108.9990,18.7216,7.3480,5.5077,12.4329,11.4601,13.7707
2019/6/5 2:34,107.9880,121.6700,137.2090,75.6210,71.7670,80.7040,108.9950,18.6994,7.3450,5.5069,12.4301,11.4597,13.7718
2019/6/5 2:35,107.9820,121.6610,137.2090,75.6200,71.7660,80.7050,108.9860,18.6774,7.3440,5.5066,12.4288,11.4592,13.7711
2019/6/5 2:36,107.9930,121.6710,137.2240,75.6160,71.7660,80.7110,109.0000,18.6844,7.3430,5.5072,12.4296,11.4600,13.7725
2019/6/5 2:37,108.0180,121.7030,137.2460,75.6310,71.7700,80.7310,109.0140,18.6738,7.3380,5.5065,12.4329,11.4631,13.7756
2019/6/5 2:38,108.0100,121.6950,137.2240,75.6260,71.7680,80.7280,109.0150,18.6771,7.3410,5.5071,12.4316,11.4622,13.7746
2019/6/5 2:39,108.0050,121.6950,137.2330,75.6250,71.7620,80.7240,109.0000,18.6687,7.3380,5.5068,12.4318,11.4621,13.7739
2019/6/5 2:40,108.0100,121.6890,137.2250,75.6290,71.7670,80.7260,108.9820,18.6709,7.3380,5.5071,12.4318,11.4612,13.7745
2019/6/5 2:41,108.0200,121.6930,137.2670,75.6390,71.7740,80.7330,108.9930,18.6791,7.3390,5.5077,12.4319,11.4619,13.7758
2019/6/5 2:42,108.0380,121.7040,137.2670,75.6530,71.7790,80.7510,109.0000,18.6821,7.3350,5.5085,12.4331,11.4629,13.7781
2019/6/5 2:43,108.0450,121.6950,137.2700,75.6510,71.7780,80.7530,108.9940,18.6829,7.3370,5.5089,12.4308,11.4619,13.7791
2019/6/5 2:44,108.0360,121.6910,137.2540,75.6510,71.7710,80.7500,108.9780,18.6866,7.3370,5.5095,12.4339,11.4618,13.7779
2019/6/5 2:45,108.0430,121.6820,137.2580,75.6480,71.7690,80.7500,108.9600,18.6829,7.3340,5.5088,12.4337,11.4606,13.7788
2019/6/5 2:46,108.0620,121.7090,137.2860,75.6580,71.7800,80.7640,108.9800,18.6865,7.3320,5.5084,12.4360,11.4633,13.7812
2019/6/5 2:47,108.0510,121.6970,137.2760,75.6370,71.7600,80.7500,108.9570,18.6830,7.3350,5.5066,12.4357,11.4622,13.7796
2019/6/5 2:48,108.0640,121.7100,137.2680,75.6460,71.7710,80.7590,108.9600,18.6888,7.3310,5.5074,12.4370,11.4636,13.7812
2019/6/5 2:49,108.0530,121.6970,137.2690,75.6380,71.7620,80.7550,108.9530,18.6882,7.3290,5.5068,12.4355,11.4620,13.7800
2019/6/5 2:50,108.0640,121.7090,137.2890,75.6530,71.7740,80.7720,108.9620,18.6905,7.3280,5.5049,12.4369,11.4632,13.7812
2019/6/5 2:51,108.0810,121.7180,137.3060,75.6640,71.7840,80.7900,108.9690,18.6940,7.3250,5.5059,12.4384,11.4659,13.7836
2019/6/5 2:52,108.0910,121.7190,137.3060,75.6640,71.7900,80.7980,108.9830,18.6949,7.3210,5.5063,12.4367,11.4656,13.7849
2019/6/5 2:53,108.0920,121.7170,137.3060,75.6620,71.7870,80.7970,108.9720,18.6895,7.3200,5.5050,12.4414,11.4660,13.7850
2019/6/5 2:54,108.1040,121.7300,137.2930,75.6620,71.7840,80.8070,108.9720,18.6918,7.3200,5.5056,12.4421,11.4659,13.7866
2019/6/5 2:55,108.0930,121.7040,137.2730,75.6520,71.7760,80.7930,108.9590,18.6917,7.3200,5.5047,12.4378,11.4635,13.7850
2019/6/5 2:56,108.1030,121.7090,137.2890,75.6570,71.7790,80.7990,108.9610,18.6940,7.3170,5.5049,12.4386,11.4651,13.7862
2019/6/5 2:57,108.1050,121.7060,137.2920,75.6560,71.7760,80.8010,108.9540,18.6948,7.3100,5.5049,12.4394,11.4622,13.7866
2019/6/5 2:58,108.1110,121.7150,137.3020,75.6550,71.7740,80.8060,108.9720,18.6961,7.3120,5.5053,12.4361,11.4611,13.7875
2019/6/5 2:59,108.1100,121.7370,137.3200,75.6740,71.7940,80.8120,108.9900,18.6997,7.3220,5.5073,12.4384,11.4634,13.7873
2019/6/5 3:00,108.0970,121.7250,137.2500,75.6370,71.7730,80.7960,109.0060,18.6973,7.3220,5.5063,12.4353,11.4627,13.7857
2019/6/5 3:01,108.1060,121.7380,137.2760,75.6500,71.7870,80.7970,109.0160,18.7022,7.3240,5.5102,12.4367,11.4644,13.7868
2019/6/5 3:02,108.1040,121.7470,137.3060,75.6620,71.7940,80.8070,109.0370,18.7282,7.3250,5.5131,12.4407,11.4672,13.7865
2019/6/5 3:03,108.0990,121.7510,137.2900,75.6670,71.8070,80.8070,109.0420,18.7473,7.3250,5.5130,12.4417,11.4691,13.7860
2019/6/5 3:04,108.0790,121.7420,137.2690,75.6690,71.7910,80.7980,109.0360,18.7437,7.3220,5.5118,12.4393,11.4681,13.7832
2019/6/5 3:05,108.1000,121.7570,137.2810,75.6780,71.8020,80.8140,109.0450,18.7488,7.3190,5.5139,12.4441,11.4724,13.7860
2019/6/5 3:06,108.1110,121.7750,137.3330,75.6750,71.8050,80.8280,109.0660,18.7463,7.3170,5.5144,12.4478,11.4743,13.7876
2019/6/5 3:07,108.1200,121.7880,137.3530,75.6800,71.8100,80.8340,109.0620,18.7479,7.3080,5.5117,12.4481,11.4743,13.7887
2019/6/5 3:08,108.1390,121.7990,137.3900,75.6830,71.8200,80.8450,109.0950,18.7512,7.3080,5.5125,12.4468,11.4748,13.7912
2019/6/5 3:09,108.1380,121.7910,137.3780,75.6810,71.8130,80.8430,109.1040,18.7491,7.3030,5.5116,12.4460,11.4758,13.7911
2019/6/5 3:10,108.1360,121.7560,137.3720,75.6610,71.7970,80.8210,109.0950,18.7256,7.3000,5.5092,12.4394,11.4724,13.7908
2019/6/5 3:11,108.1330,121.7710,137.3680,75.6680,71.8050,80.8220,109.1020,18.7507,7.2990,5.5099,12.4422,11.4730,13.7903
2019/6/5 3:12,108.1310,121.7860,137.3760,75.6720,71.8010,80.8230,109.1230,18.7494,7.2990,5.5110,12.4439,11.4736,13.7902
2019/6/5 3:13,108.1360,121.7950,137.3710,75.6710,71.8000,80.8250,109.1160,18.7502,7.2970,5.5116,12.4432,11.4716,13.7908
2019/6/5 3:14,108.1740,121.8110,137.3570,75.6760,71.8110,80.8460,109.0950,18.7552,7.3040,5.5152,12.4433,11.4733,13.7958
2019/6/5 3:15,108.1660,121.7740,137.3270,75.6490,71.7850,80.8300,109.0680,18.7499,7.3020,5.5137,12.4389,11.4714,13.7954
2019/6/5 3:16,108.1680,121.7980,137.3250,75.6510,71.7770,80.8270,109.0890,18.7501,7.2990,5.5122,12.4415,11.4738,13.7961
2019/6/5 3:17,108.1600,121.7890,137.3100,75.6500,71.7760,80.8260,109.0960,18.7450,7.2940,5.5104,12.4409,11.4727,13.7948
2019/6/5 3:18,108.1630,121.8100,137.3440,75.6590,71.7910,80.8460,109.1180,18.7587,7.3010,5.5132,12.4435,11.4753,13.7951
2019/6/5 3:19,108.1710,121.8080,137.3410,75.6570,71.7910,80.8370,109.1370,18.7564,7.3040,5.5133,12.4425,11.4746,13.7962
2019/6/5 3:20,108.1790,121.8070,137.3190,75.6650,71.7960,80.8460,109.1560,18.7607,7.3060,5.5146,12.4429,11.4765,13.7974
2019/6/5 3:21,108.1740,121.8000,137.3290,75.6610,71.7900,80.8490,109.1550,18.7568,7.3030,5.5138,12.4419,11.4759,13.7967
2019/6/5 3:22,108.1800,121.8120,137.3260,75.6660,71.7900,80.8550,109.1610,18.7584,7.3080,5.5149,12.4438,11.4776,13.7975
2019/6/5 3:23,108.1780,121.8140,137.3540,75.6760,71.7980,80.8580,109.1340,18.7582,7.3130,5.5172,12.4459,11.4798,13.7972
2019/6/5 3:24,108.1660,121.7930,137.2920,75.6610,71.7890,80.8380,109.1190,18.7561,7.3100,5.5161,12.4433,11.4769,13.7956
2019/6/5 3:25,108.1630,121.7890,137.2850,75.6550,71.7840,80.8390,109.1100,18.7552,7.3060,5.5131,12.4399,11.4737,13.7951
2019/6/5 3:26,108.1590,121.8000,137.2880,75.6630,71.7940,80.8220,109.1150,18.7546,7.3070,5.5140,12.4414,11.4746,13.7946
2019/6/5 3:27,108.1670,121.8170,137.2960,75.6760,71.8000,80.8360,109.1220,18.7571,7.3110,5.5160,12.4427,11.4767,13.7956
2019/6/5 3:28,108.1730,121.8370,137.3120,75.6800,71.8160,80.8500,109.1190,18.7583,7.3130,5.5165,12.4454,11.4800,13.7964
2019/6/5 3:29,108.1930,121.8690,137.3740,75.6970,71.8320,80.8680,109.1800,18.7632,7.3180,5.5183,12.4510,11.4851,13.7989
2019/6/5 3:30,108.2020,121.8750,137.3630,75.7010,71.8340,80.8870,109.1930,18.7647,7.3190,5.5207,12.4515,11.4843,13.8000
2019/6/5 3:31,108.1970,121.8740,137.3630,75.7020,71.8520,80.8880,109.1820,18.7641,7.3170,5.5210,12.4495,11.4821,13.7993
2019/6/5 3:32,108.1930,121.8800,137.3580,75.7040,71.8400,80.8810,109.1870,18.7628,7.3210,5.5219,12.4502,11.4820,13.7988
2019/6/5 3:33,108.1980,121.8790,137.3520,75.7020,71.8390,80.8810,109.1740,18.7640,7.3190,5.5232,12.4509,11.4820,13.7995
2019/6/5 3:34,108.2010,121.8910,137.3760,75.7270,71.8490,80.8860,109.1830,18.7750,7.3230,5.5252,12.4516,11.4820,13.7998
2019/6/5 3:35,108.1910,121.8830,137.3810,75.7150,71.8340,80.8790,109.1890,18.7797,7.3220,5.5240,12.4497,11.4822,13.7988
2019/6/5 3:36,108.1970,121.8940,137.3990,75.7220,71.8370,80.8870,109.1850,18.7808,7.3230,5.5243,12.4512,11.4832,13.7996
2019/6/5 3:37,108.2070,121.9060,137.4280,75.7390,71.8520,80.8960,109.1830,18.7825,7.3230,5.5279,12.4536,11.4850,13.8008
2019/6/5 3:38,108.2040,121.9030,137.4220,75.7370,71.8430,80.8930,109.1830,18.7820,7.3230,5.5279,12.4539,11.4838,13.8003
2019/6/5 3:39,108.2180,121.9090,137.4440,75.7480,71.8480,80.9030,109.1680,18.7845,7.3210,5.5288,12.4536,11.4833,13.8021
2019/6/5 3:40,108.2030,121.8880,137.3840,75.7290,71.8310,80.8910,109.1570,18.7818,7.3160,5.5252,12.4477,11.4796,13.8002
2019/6/5 3:41,108.2220,121.8940,137.3950,75.7390,71.8400,80.9010,109.1570,18.7851,7.3180,5.5265,12.4467,11.4782,13.8026
2019/6/5 3:42,108.2200,121.8940,137.3990,75.7420,71.8420,80.9030,109.1610,18.7848,7.3140,5.5249,12.4438,11.4776,13.8024
2019/6/5 3:43,108.2330,121.9000,137.4100,75.7460,71.8460,80.9070,109.1750,18.7870,7.3140,5.5251,12.4435,11.4778,13.8049
2019/6/5 3:44,108.2480,121.9110,137.4170,75.7560,71.8460,80.9220,109.1620,18.7896,7.3140,5.5258,12.4459,11.4787,13.8069
2019/6/5 3:45,108.2630,121.9370,137.4380,75.7700,71.8490,80.9420,109.1470,18.7945,7.3140,5.5265,12.4501,11.4827,13.8089
2019/6/5 3:46,108.2650,121.9610,137.4470,75.7750,71.8600,80.9460,109.1420,18.7958,7.3150,5.5287,12.4515,11.4844,13.8091
2019/6/5 3:47,108.2710,121.9450,137.4260,75.7740,71.8550,80.9430,109.1450,18.7876,7.3130,5.5275,12.4521,11.4852,13.8098
2019/6/5 3:48,108.2530,121.9360,137.4140,75.7690,71.8440,80.9280,109.1270,18.7868,7.3130,5.5260,12.4514,11.4860,13.8074
2019/6/5 3:49,108.2480,121.9250,137.4300,75.7680,71.8410,80.9240,109.1120,18.7871,7.3120,5.5266,12.4508,11.4855,13.8067
2019/6/5 3:50,108.2410,121.9120,137.4410,75.7610,71.8400,80.9150,109.1070,18.7846,7.3110,5.5253,12.4487,11.4840,13.8059
2019/6/5 3:51,108.2390,121.8980,137.4500,75.7620,71.8450,80.9090,109.1080,18.7806,7.3130,5.5260,12.4479,11.4851,13.8061
2019/6/5 3:52,108.2350,121.9220,137.4790,75.7620,71.8430,80.9110,109.1050,18.7734,7.3100,5.5258,12.4522,11.4882,13.8057
2019/6/5 3:53,108.2330,121.9150,137.4750,75.7720,71.8540,80.9130,109.1040,18.7667,7.3080,5.5251,12.4533,11.4903,13.8052
2019/6/5 3:54,108.2440,121.9200,137.4860,75.7710,71.8470,80.9210,109.1170,18.7690,7.3120,5.5275,12.4580,11.4908,13.8065
2019/6/5 3:55,108.2500,121.9420,137.5020,75.7840,71.8610,80.9310,109.1030,18.7850,7.3130,5.5289,12.4589,11.4915,13.8072
2019/6/5 3:56,108.2440,121.9520,137.5140,75.7880,71.8630,80.9300,109.1050,18.7799,7.3190,5.5290,12.4619,11.4951,13.8065
2019/6/5 3:57,108.2480,121.9590,137.4970,75.7760,71.8640,80.9300,109.1060,18.7702,7.3200,5.5303,12.4628,11.4943,13.8069
2019/6/5 3:58,108.2370,121.9300,137.4570,75.7610,71.8570,80.9120,109.0890,18.7672,7.3190,5.5270,12.4576,11.4888,13.8045
2019/6/5 3:59,108.2450,121.9600,137.4820,75.7710,71.8610,80.9280,109.1040,18.7676,7.3220,5.5286,12.4627,11.4947,13.8058
2019/6/5 4:00,108.2330,121.9590,137.4650,75.7710,71.8650,80.9190,109.0800,18.7664,7.3240,5.5269,12.4612,11.4955,13.8046
2019/6/5 4:01,108.2360,121.9950,137.4840,75.7840,71.8750,80.9280,109.0730,18.7658,7.3230,5.5274,12.4650,11.4987,13.8053
2019/6/5 4:02,108.2170,121.9890,137.4910,75.7700,71.8630,80.9120,109.0770,18.7632,7.3220,5.5264,12.4638,11.4952,13.8030
2019/6/5 4:03,108.2160,121.9930,137.5480,75.7720,71.8650,80.9110,109.0680,18.7622,7.3210,5.5258,12.4633,11.4958,13.8030
2019/6/5 4:04,108.2070,121.9830,137.5420,75.7690,71.8700,80.9060,109.0390,18.7676,7.3200,5.5247,12.4615,11.4943,13.8018
2019/6/5 4:05,108.2150,121.9840,137.5590,75.7700,71.8610,80.9060,109.0440,18.7691,7.3200,5.5248,12.4602,11.4947,13.8028
2019/6/5 4:06,108.2180,121.9840,137.5900,75.7850,71.8650,80.9150,109.0560,18.7696,7.3210,5.5251,12.4619,11.4949,13.8032
2019/6/5 4:07,108.2300,122.0090,137.6550,75.7930,71.8730,80.9270,109.0490,18.7819,7.3230,5.5266,12.4676,11.5012,13.8047
2019/6/5 4:08,108.2500,121.9920,137.6390,75.7730,71.8500,80.9230,109.0390,18.7811,7.3170,5.5246,12.4625,11.4983,13.8072
2019/6/5 4:09,108.2320,121.9920,137.6270,75.7790,71.8540,80.9190,109.0380,18.7791,7.3170,5.5247,12.4619,11.4979,13.8048
2019/6/5 4:10,108.2320,121.9900,137.6040,75.7760,71.8560,80.9130,109.0700,18.7792,7.3150,5.5243,12.4596,11.4976,13.8048
2019/6/5 4:11,108.2210,121.9640,137.5900,75.7680,71.8560,80.9050,109.0510,18.7770,7.3170,5.5234,12.4562,11.4955,13.8035
2019/6/5 4:12,108.2180,121.9600,137.5670,75.7640,71.8540,80.9030,109.0520,18.7765,7.3170,5.5240,12.4537,11.4925,13.8031
2019/6/5 4:13,108.2190,121.9510,137.5600,75.7540,71.8520,80.9020,109.0470,18.7770,7.3180,5.5237,12.4571,11.4937,13.8035
2019/6/5 4:14,108.2320,121.9560,137.5640,75.7540,71.8530,80.9070,109.0610,18.7829,7.3180,5.5238,12.4600,11.4950,13.8049
2019/6/5 4:15,108.2210,121.9320,137.5550,75.7450,71.8450,80.8950,109.0550,18.7813,7.3160,5.5231,12.4583,11.4887,13.8034
2019/6/5 4:16,108.2140,121.9130,137.5240,75.7310,71.8300,80.8770,109.0280,18.7799,7.3150,5.5224,12.4538,11.4866,13.8025
2019/6/5 4:17,108.2250,121.9400,137.5470,75.7420,71.8360,80.8920,109.0430,18.7868,7.3140,5.5242,12.4579,11.4903,13.8037
2019/6/5 4:18,108.2120,121.9510,137.5760,75.7390,71.8380,80.8820,109.0400,18.7841,7.3160,5.5239,12.4588,11.4928,13.8021
2019/6/5 4:19,108.2390,121.9870,137.6010,75.7580,71.8540,80.9010,109.0690,18.7884,7.3170,5.5247,12.4610,11.4945,13.8057
2019/6/5 4:20,108.2470,121.9960,137.5970,75.7590,71.8590,80.9040,109.0770,18.7896,7.3170,5.5241,12.4622,11.4944,13.8067
2019/6/5 4:21,108.2360,121.9920,137.5850,75.7540,71.8520,80.8960,109.0690,18.7883,7.3140,5.5237,12.4612,11.4907,13.8052
2019/6/5 4:22,108.2340,122.0030,137.5830,75.7610,71.8550,80.8970,109.0620,18.7926,7.3160,5.5244,12.4627,11.4921,13.8050
2019/6/5 4:23,108.2470,122.0360,137.6290,75.7640,71.8690,80.9120,109.0860,18.7959,7.3180,5.5271,12.4645,11.4946,13.8066
2019/6/5 4:24,108.2440,122.0450,137.6380,75.7650,71.8700,80.9120,109.0910,18.7959,7.3180,5.5270,12.4674,11.4954,13.8064
2019/6/5 4:25,108.2490,122.0460,137.6470,75.7730,71.8730,80.9210,109.0890,18.7967,7.3230,5.5271,12.4688,11.4949,13.8070
2019/6/5 4:26,108.2450,122.0250,137.6190,75.7620,71.8730,80.9080,109.0800,18.8015,7.3260,5.5272,12.4674,11.4927,13.8065
2019/6/5 4:27,108.2420,122.0190,137.5960,75.7550,71.8680,80.9000,109.0800,18.8025,7.3280,5.5283,12.4669,11.4922,13.8061
2019/6/5 4:28,108.2410,122.0260,137.6010,75.7670,71.8700,80.9010,109.0790,18.8182,7.3310,5.5281,12.4675,11.4910,13.8060
2019/6/5 4:29,108.2480,122.0460,137.6120,75.7660,71.8760,80.9050,109.0980,18.8502,7.3360,5.5300,12.4697,11.4935,13.8068
2019/6/5 4:30,108.2550,122.0510,137.6510,75.7740,71.8810,80.9080,109.1150,18.8507,7.3370,5.5344,12.4692,11.4912,13.8076
2019/6/5 4:31,108.2770,122.0830,137.7450,75.7920,71.9050,80.9410,109.1260,18.8562,7.3390,5.5361,12.4736,11.4940,13.8104
2019/6/5 4:32,108.2830,122.0980,137.7550,75.7980,71.9160,80.9400,109.1370,18.8599,7.3460,5.5384,12.4754,11.4949,13.8111
2019/6/5 4:33,108.2900,122.0960,137.7190,75.8070,71.9250,80.9460,109.1320,18.8777,7.3450,5.5398,12.4765,11.4955,13.8121
2019/6/5 4:34,108.2970,122.0800,137.7290,75.8100,71.9190,80.9490,109.1000,18.8744,7.3470,5.5399,12.4751,11.4920,13.8129
2019/6/5 4:35,108.2810,122.0670,137.7080,75.8010,71.9100,80.9270,109.0730,18.8734,7.3500,5.5398,12.4732,11.4906,13.8109
2019/6/5 4:36,108.2820,122.0740,137.6970,75.7990,71.9080,80.9330,109.0770,18.8944,7.3530,5.5402,12.4753,11.4935,13.8111
2019/6/5 4:37,108.2750,122.0810,137.7560,75.8010,71.9130,80.9340,109.0900,18.8933,7.3560,5.5392,12.4769,11.4950,13.8099
2019/6/5 4:38,108.2850,122.0840,137.7340,75.7910,71.9070,80.9360,109.1020,18.8935,7.3520,5.5368,12.4757,11.4957,13.8112
2019/6/5 4:39,108.2830,122.0900,137.7190,75.7900,71.9050,80.9350,109.1030,18.8943,7.3530,5.5372,12.4774,11.4958,13.8111
2019/6/5 4:40,108.2830,122.0880,137.7220,75.7920,71.9060,80.9390,109.1100,18.8951,7.3570,5.5386,12.4778,11.4938,13.8111
2019/6/5 4:41,108.2860,122.1050,137.7360,75.8000,71.9100,80.9450,109.1260,18.9086,7.3550,5.5387,12.4776,11.4951,13.8115
2019/6/5 4:42,108.2800,122.0800,137.7160,75.7860,71.9050,80.9420,109.1300,18.9042,7.3500,5.5384,12.4760,11.4924,13.8107
2019/6/5 4:43,108.2890,122.1060,137.7170,75.7960,71.9080,80.9490,109.1400,18.8973,7.3540,5.5385,12.4776,11.4951,13.8118
2019/6/5 4:44,108.2830,122.1150,137.7190,75.7870,71.9040,80.9450,109.1430,18.8889,7.3540,5.5375,12.4765,11.4954,13.8110
2019/6/5 4:45,108.2870,122.1290,137.7420,75.7940,71.9070,80.9530,109.1500,18.8890,7.3530,5.5384,12.4778,11.4974,13.8114
2019/6/5 4:46,108.2880,122.1330,137.7170,75.7940,71.9070,80.9490,109.1500,18.8864,7.3540,5.5384,12.4800,11.5009,13.8114
2019/6/5 4:47,108.2820,122.1230,137.6910,75.7900,71.9010,80.9400,109.1410,18.8877,7.3550,5.5381,12.4770,11.4990,13.8108
2019/6/5 4:48,108.2780,122.1710,137.7110,75.7960,71.9080,80.9490,109.1450,18.8865,7.3570,5.5393,12.4832,11.5025,13.8103
2019/6/5 4:49,108.2730,122.1650,137.7100,75.7920,71.9110,80.9440,109.1430,18.8860,7.3590,5.5391,12.4815,11.5025,13.8097
2019/6/5 4:50,108.2580,122.1420,137.6650,75.7830,71.8970,80.9330,109.1280,18.8847,7.3590,5.5372,12.4794,11.5000,13.8076
2019/6/5 4:51,108.2530,122.1400,137.6650,75.7850,71.8980,80.9310,109.1210,18.9095,7.3600,5.5371,12.4820,11.5014,13.8071
2019/6/5 4:52,108.2530,122.1450,137.6940,75.7850,71.9090,80.9390,109.1330,18.9094,7.3620,5.5381,12.4831,11.5020,13.8071
2019/6/5 4:53,108.2650,122.1420,137.6640,75.7850,71.9060,80.9450,109.1370,18.9404,7.3640,5.5382,12.4818,11.5014,13.8086
2019/6/5 4:54,108.2640,122.1380,137.6610,75.7860,71.9070,80.9520,109.1250,18.9471,7.3610,5.5383,12.4820,11.5006,13.8084
2019/6/5 4:55,108.2510,122.1020,137.6690,75.7740,71.8920,80.9380,109.1100,18.9162,7.3550,5.5369,12.4758,11.4970,13.8068
2019/6/5 4:56,108.2460,122.1080,137.6640,75.7750,71.9070,80.9350,109.1050,18.9351,7.3570,5.5377,12.4772,11.4976,13.8061
2019/6/5 4:57,108.2520,122.1080,137.6500,75.7760,71.9110,80.9410,109.1120,18.9369,7.3570,5.5380,12.4795,11.4982,13.8068
2019/6/5 4:58,108.2480,122.1010,137.6340,75.7770,71.9090,80.9390,109.1150,18.9374,7.3560,5.5385,12.4787,11.4970,13.8065
2019/6/5 4:59,108.2470,122.0930,137.6220,75.7740,71.9020,80.9350,109.1090,18.9311,7.3540,5.5385,12.4756,11.4965,13.8064
2019/6/5 5:00,108.2530,122.0950,137.6630,75.7830,71.9110,80.9370,109.1130,18.9446,7.3560,5.5380,12.4770,11.4968,13.8071
2019/6/5 5:01,108.2550,122.0930,137.6640,75.7810,71.9130,80.9300,109.1160,18.9469,7.3560,5.5390,12.4767,11.4964,13.8072
2019/6/5 5:02,108.2450,122.0930,137.6310,75.7750,71.9040,80.9220,109.1130,18.9614,7.3550,5.5397,12.4772,11.4951,13.8061
2019/6/5 5:03,108.2490,122.1050,137.6420,75.7770,71.9080,80.9330,109.1190,18.9958,7.3580,5.5413,12.4784,11.4965,13.8067
2019/6/5 5:04,108.2490,122.1030,137.6410,75.7830,71.9170,80.9320,109.1210,18.9876,7.3590,5.5424,12.4780,11.4949,13.8067
2019/6/5 5:05,108.2510,122.1280,137.6550,75.7910,71.9220,80.9400,109.1220,18.9808,7.3590,5.5425,12.4786,11.4964,13.8069
2019/6/5 5:06,108.2500,122.1210,137.6590,75.8000,71.9290,80.9380,109.1320,18.9745,7.3590,5.5423,12.4774,11.4944,13.8068
2019/6/5 5:07,108.2450,122.1110,137.6220,75.7940,71.9220,80.9350,109.1240,18.9948,7.3600,5.5411,12.4759,11.4933,13.8062
2019/6/5 5:08,108.2560,122.1380,137.6540,75.8090,71.9330,80.9530,109.1340,18.9906,7.3640,5.5426,12.4806,11.4955,13.8076
2019/6/5 5:09,108.2650,122.1400,137.6810,75.8110,71.9400,80.9700,109.1350,19.0186,7.3670,5.5446,12.4822,11.4961,13.8094
2019/6/5 5:10,108.2550,122.1260,137.6540,75.8010,71.9420,80.9560,109.1360,19.0124,7.3620,5.5427,12.4797,11.4937,13.8081
2019/6/5 5:11,108.2580,122.1390,137.6950,75.8120,71.9530,80.9600,109.1370,19.0194,7.3640,5.5448,12.4824,11.4959,13.8084
2019/6/5 5:12,108.2550,122.1290,137.6850,75.8090,71.9510,80.9550,109.1340,19.0172,7.3690,5.5447,12.4795,11.4943,13.8079
2019/6/5 5:13,108.2570,122.1420,137.6900,75.8150,71.9560,80.9630,109.1370,19.0530,7.3710,5.5456,12.4838,11.4961,13.8081
2019/6/5 5:14,108.2620,122.1700,137.6830,75.8180,71.9560,80.9660,109.1570,19.0529,7.3710,5.5453,12.4854,11.4986,13.8089
2019/6/5 5:15,108.2770,122.1880,137.7060,75.8310,71.9660,80.9770,109.1760,19.1233,7.3780,5.5476,12.4865,11.5007,13.8108
2019/6/5 5:16,108.2830,122.2070,137.7120,75.8300,71.9740,80.9820,109.2010,19.0849,7.3820,5.5486,12.4861,11.5027,13.8115
2019/6/5 5:17,108.2850,122.1980,137.7170,75.8250,71.9720,80.9850,109.2030,19.0339,7.3750,5.5474,12.4851,11.5014,13.8118
2019/6/5 5:18,108.2900,122.1980,137.7190,75.8280,71.9740,80.9890,109.1970,19.0403,7.3740,5.5477,12.4864,11.5016,13.8124
2019/6/5 5:19,108.2840,122.1820,137.6770,75.8240,71.9600,80.9940,109.1780,19.0282,7.3720,5.5471,12.4843,11.4993,13.8124
2019/6/5 5:20,108.2770,122.2030,137.7080,75.8250,71.9540,80.9740,109.1810,19.0428,7.3740,5.5475,12.4866,11.5014,13.8117
2019/6/5 5:21,108.2680,122.1900,137.7000,75.8180,71.9480,80.9670,109.1860,19.0399,7.3720,5.5473,12.4855,11.5001,13.8103
2019/6/5 5:22,108.2560,122.1800,137.6860,75.8140,71.9430,80.9530,109.1640,19.0323,7.3700,5.5465,12.4827,11.4991,13.8088
2019/6/5 5:23,108.2500,122.1830,137.6830,75.8160,71.9470,80.9480,109.1700,19.0209,7.3670,5.5456,12.4843,11.4990,13.8082
2019/6/5 5:24,108.2560,122.1770,137.6750,75.8220,71.9510,80.9570,109.1660,19.0141,7.3690,5.5448,12.4839,11.4983,13.8092
2019/6/5 5:25,108.2430,122.1470,137.6380,75.8120,71.9420,80.9470,109.1460,19.0236,7.3680,5.5437,12.4813,11.4961,13.8075
2019/6/5 5:26,108.2590,122.1930,137.6670,75.8350,71.9560,80.9740,109.1740,19.0176,7.3690,5.5469,12.4883,11.5007,13.8096
2019/6/5 5:27,108.2890,122.2210,137.6840,75.8590,71.9750,81.0000,109.1830,19.0210,7.3710,5.5492,12.4919,11.5042,13.8134
2019/6/5 5:28,108.3120,122.2400,137.7140,75.8750,71.9890,81.0210,109.1930,19.0268,7.3730,5.5490,12.4949,11.5061,13.8163
2019/6/5 5:29,108.3180,122.2340,137.7220,75.8800,71.9960,81.0250,109.1800,19.0288,7.3760,5.5505,12.4959,11.5058,13.8170
2019/6/5 5:30,108.3070,122.2450,137.7230,75.8810,72.0000,81.0200,109.1870,19.0321,7.3770,5.5491,12.4968,11.5064,13.8156
2019/6/5 5:31,108.3090,122.2370,137.7350,75.8890,72.0070,81.0290,109.1800,19.0485,7.3840,5.5500,12.4961,11.5058,13.8159
2019/6/5 5:32,108.3230,122.2460,137.7500,75.8960,72.0130,81.0410,109.1830,19.0624,7.3840,5.5508,12.4975,11.5051,13.8179
2019/6/5 5:33,108.3090,122.2130,137.7140,75.8740,72.0020,81.0360,109.1920,19.0605,7.3830,5.5496,12.4951,11.5024,13.8160
2019/6/5 5:34,108.3020,122.1980,137.7210,75.8580,71.9970,81.0260,109.1970,19.0439,7.3790,5.5480,12.4919,11.5003,13.8151
2019/6/5 5:35,108.2860,122.1760,137.7290,75.8430,71.9820,81.0010,109.1880,19.0427,7.3740,5.5461,12.4894,11.4981,13.8132
2019/6/5 5:36,108.2770,122.1500,137.6880,75.8340,71.9680,80.9910,109.1720,19.0401,7.3750,5.5442,12.4854,11.4949,13.8121
2019/6/5 5:37,108.2880,122.1620,137.7020,75.8400,71.9790,80.9990,109.1720,19.0408,7.3740,5.5447,12.4884,11.4964,13.8138
2019/6/5 5:38,108.2840,122.1640,137.6970,75.8430,71.9770,80.9990,109.1830,19.0525,7.3730,5.5444,12.4896,11.4970,13.8134
2019/6/5 5:39,108.2970,122.1740,137.7130,75.8530,71.9900,81.0100,109.1790,19.0627,7.3740,5.5453,12.4933,11.4998,13.8150
2019/6/5 5:40,108.3120,122.1780,137.7150,75.8580,71.9980,81.0280,109.1860,19.0535,7.3770,5.5460,12.4925,11.4995,13.8168
2019/6/5 5:41,108.3110,122.1570,137.7040,75.8510,71.9900,81.0230,109.1710,19.0458,7.3730,5.5451,12.4915,11.4977,13.8166
2019/6/5 5:42,108.3240,122.1720,137.7280,75.8510,71.9850,81.0350,109.1930,19.0558,7.3710,5.5458,12.4933,11.4992,13.8184
2019/6/5 5:43,108.3240,122.1670,137.7150,75.8480,71.9850,81.0290,109.1920,19.0534,7.3720,5.5437,12.4905,11.4981,13.8184
2019/6/5 5:44,108.3360,122.1800,137.7180,75.8570,71.9910,81.0410,109.1860,19.0593,7.3720,5.5452,12.4916,11.4997,13.8200
2019/6/5 5:45,108.3240,122.1710,137.7110,75.8530,71.9880,81.0310,109.2000,19.0472,7.3740,5.5436,12.4925,11.4994,13.8183
2019/6/5 5:46,108.3120,122.1550,137.6880,75.8410,71.9770,81.0100,109.1840,19.0500,7.3720,5.5420,12.4907,11.4980,13.8169
2019/6/5 5:47,108.3170,122.1560,137.6880,75.8450,71.9770,81.0130,109.2020,19.0421,7.3730,5.5418,12.4901,11.4973,13.8175
2019/6/5 5:48,108.3110,122.1570,137.6920,75.8430,71.9760,81.0090,109.2050,19.0382,7.3730,5.5415,12.4905,11.4960,13.8168
2019/6/5 5:49,108.3130,122.1540,137.6720,75.8400,71.9660,81.0100,109.1960,19.0349,7.3710,5.5410,12.4901,11.4961,13.8171
2019/6/5 5:50,108.3290,122.1660,137.6720,75.8420,71.9710,81.0230,109.2080,18.9964,7.3740,5.5421,12.4918,11.4972,13.8192
2019/6/5 5:51,108.3270,122.1680,137.6780,75.8380,71.9660,81.0210,109.2170,19.0023,7.3690,5.5415,12.4888,11.4973,13.8189
2019/6/5 5:52,108.3260,122.1870,137.6930,75.8410,71.9660,81.0280,109.2280,19.0041,7.3680,5.5406,12.4891,11.4962,13.8184
2019/6/5 5:53,108.3230,122.1670,137.6960,75.8380,71.9630,81.0200,109.2190,19.0356,7.3660,5.5396,12.4902,11.4939,13.8181
2019/6/5 5:54,108.3230,122.1720,137.6960,75.8400,71.9670,81.0340,109.2170,19.0436,7.3710,5.5449,12.4932,11.4961,13.8182
2019/6/5 5:55,108.3240,122.1850,137.7340,75.8510,71.9640,81.0360,109.2200,19.0310,7.3680,5.5454,12.4952,11.4988,13.8182
2019/6/5 5:56,108.3170,122.1920,137.7130,75.8430,71.9600,81.0300,109.2320,19.0343,7.3690,5.5454,12.4957,11.4982,13.8172
2019/6/5 5:57,108.3280,122.2100,137.7220,75.8610,71.9760,81.0470,109.2350,19.0558,7.3720,5.5469,12.4977,11.5013,13.8187
2019/6/5 5:58,108.3170,122.2010,137.7040,75.8420,71.9580,81.0400,109.2300,19.0488,7.3680,5.5457,12.4989,11.4991,13.8174
2019/6/5 5:59,108.3120,122.2100,137.7020,75.8420,71.9610,81.0370,109.2380,19.0463,7.3700,5.5453,12.4988,11.5001,13.8169
2019/6/5 6:00,108.3220,122.2110,137.7070,75.8450,71.9540,81.0460,109.2350,19.0441,7.3680,5.5456,12.4987,11.4973,13.8182
2019/6/5 6:01,108.3040,122.2060,137.6830,75.8400,71.9620,81.0280,109.2320,19.0392,7.3680,5.5445,12.4987,11.4945,13.8161
2019/6/5 6:02,108.3060,122.2210,137.7000,75.8450,71.9660,81.0340,109.2420,19.0396,7.3690,5.5451,12.5004,11.4974,13.8163
2019/6/5 6:03,108.3040,122.2170,137.6930,75.8470,71.9650,81.0320,109.2510,19.0375,7.3690,5.5450,12.5013,11.4974,13.8162
2019/6/5 6:04,108.3100,122.2050,137.6880,75.8420,71.9650,81.0370,109.2370,19.0376,7.3680,5.5450,12.5003,11.4953,13.8169
2019/6/5 6:05,108.3100,122.2080,137.6950,75.8490,71.9660,81.0400,109.2380,19.0369,7.3690,5.5472,12.5012,11.4949,13.8170
2019/6/5 6:06,108.2990,122.2020,137.6900,75.8510,71.9700,81.0340,109.2370,19.0350,7.3710,5.5466,12.5016,11.4944,13.8155
2019/6/5 6:07,108.2920,122.2090,137.6960,75.8520,71.9800,81.0300,109.2380,19.0188,7.3730,5.5465,12.5021,11.4956,13.8144
2019/6/5 6:08,108.2870,122.1900,137.6520,75.8360,71.9650,81.0240,109.2360,19.0165,7.3730,5.5472,12.4999,11.4938,13.8138
2019/6/5 6:09,108.3010,122.1990,137.6670,75.8440,71.9740,81.0310,109.2410,19.0190,7.3770,5.5484,12.5012,11.4946,13.8154
2019/6/5 6:10,108.3160,122.2140,137.6810,75.8610,71.9900,81.0420,109.2560,19.0209,7.3780,5.5501,12.5035,11.4954,13.8175
2019/6/5 6:11,108.3040,122.2070,137.6840,75.8600,71.9890,81.0370,109.2620,19.0272,7.3780,5.5496,12.5018,11.4944,13.8159
2019/6/5 6:12,108.2930,122.2020,137.6560,75.8600,71.9980,81.0300,109.2560,19.0178,7.3780,5.5488,12.5015,11.4940,13.8146
2019/6/5 6:13,108.2990,122.2220,137.6660,75.8660,71.9950,81.0400,109.2720,19.0181,7.3820,5.5499,12.5037,11.4958,13.8155
2019/6/5 6:14,108.3110,122.2260,137.6780,75.8740,72.0010,81.0470,109.2810,19.0296,7.3820,5.5501,12.5035,11.4958,13.8169
2019/6/5 6:15,108.3120,122.2210,137.6810,75.8750,71.9920,81.0480,109.2940,19.0248,7.3780,5.5489,12.5048,11.4975,13.8170
2019/6/5 6:16,108.3210,122.2320,137.6860,75.8820,72.0030,81.0550,109.3020,19.0267,7.3770,5.5495,12.5027,11.4977,13.8182
2019/6/5 6:17,108.3330,122.2460,137.7000,75.8870,71.9970,81.0650,109.3170,19.0234,7.3800,5.5498,12.5033,11.4985,13.8197
2019/6/5 6:18,108.3330,122.2610,137.7170,75.8960,72.0060,81.0640,109.3200,19.0275,7.3810,5.5497,12.5052,11.5008,13.8197
2019/6/5 6:19,108.3220,122.2340,137.7100,75.8820,71.9960,81.0460,109.3050,19.0256,7.3750,5.5492,12.5014,11.4981,13.8183
2019/6/5 6:20,108.3270,122.2400,137.7180,75.8870,71.9990,81.0550,109.2950,19.0265,7.3740,5.5495,12.5073,11.5006,13.8190
2019/6/5 6:21,108.3270,122.2410,137.7150,75.8870,71.9970,81.0570,109.2900,19.0264,7.3720,5.5494,12.5079,11.5000,13.8190
2019/6/5 6:22,108.3280,122.2390,137.7350,75.8820,71.9930,81.0510,109.2770,19.0266,7.3730,5.5503,12.5069,11.4978,13.8191
2019/6/5 6:23,108.3150,122.2180,137.7080,75.8670,71.9830,81.0340,109.2790,19.0262,7.3720,5.5486,12.5033,11.4972,13.8175
2019/6/5 6:24,108.2940,122.1520,137.6680,75.8370,71.9680,80.9980,109.2640,19.0172,7.3680,5.5441,12.4970,11.4891,13.8148
2019/6/5 6:25,108.2990,122.0740,137.6340,75.8230,71.9580,81.0070,109.2490,19.0174,7.3630,5.5435,12.4898,11.4870,13.8154
2019/6/5 6:26,108.2960,122.0940,137.6190,75.8230,71.9510,81.0000,109.2510,19.0169,7.3610,5.5436,12.4920,11.4888,13.8151
2019/6/5 6:27,108.3060,122.1160,137.6430,75.8390,71.9640,81.0120,109.2630,19.0188,7.3590,5.5447,12.4890,11.4897,13.8164
2019/6/5 6:28,108.3120,122.1240,137.6710,75.8430,71.9660,81.0240,109.2570,19.0178,7.3590,5.5436,12.4888,11.4915,13.8170
2019/6/5 6:29,108.3120,122.1350,137.6720,75.8460,71.9670,81.0240,109.2550,19.0034,7.3620,5.5439,12.4901,11.4919,13.8171
2019/6/5 6:30,108.3130,122.1250,137.6510,75.8420,71.9650,81.0180,109.2440,19.0044,7.3570,5.5417,12.4886,11.4904,13.8172
2019/6/5 6:31,108.3270,122.1330,137.6650,75.8440,71.9630,81.0270,109.2530,19.0057,7.3580,5.5403,12.4883,11.4919,13.8190
2019/6/5 6:32,108.3250,122.1320,137.6860,75.8400,71.9610,81.0260,109.2550,19.0003,7.3590,5.5393,12.4886,11.4919,13.8187
2019/6/5 6:33,108.3230,122.1390,137.6890,75.8350,71.9580,81.0300,109.2650,19.0068,7.3580,5.5402,12.4883,11.4930,13.8185
2019/6/5 6:34,108.3340,122.1370,137.6720,75.8360,71.9600,81.0340,109.2640,19.0095,7.3580,5.5395,12.4891,11.4927,13.8198
2019/6/5 6:35,108.3220,122.1300,137.6560,75.8350,71.9540,81.0190,109.2610,19.0057,7.3560,5.5388,12.4861,11.4914,13.8183
2019/6/5 6:36,108.3220,122.1280,137.6570,75.8350,71.9540,81.0180,109.2620,19.0061,7.3560,5.5388,12.4863,11.4909,13.8183
2019/6/5 6:37,108.3190,122.1390,137.6520,75.8360,71.9630,81.0150,109.2730,19.0048,7.3560,5.5398,12.4848,11.4914,13.8180
2019/6/5 6:38,108.3060,122.1330,137.6350,75.8330,71.9540,81.0010,109.2660,19.0025,7.3580,5.5392,12.4854,11.4907,13.8162
2019/6/5 6:39,108.3150,122.1380,137.6390,75.8330,71.9590,81.0070,109.2680,19.0026,7.3590,5.5389,12.4859,11.4913,13.8174
2019/6/5 6:40,108.3130,122.1050,137.6400,75.8210,71.9480,81.0000,109.2720,18.9977,7.3590,5.5384,12.4826,11.4877,13.8172
2019/6/5 6:41,108.3100,122.0990,137.6340,75.8240,71.9500,80.9980,109.2720,18.9936,7.3590,5.5405,12.4836,11.4878,13.8168
2019/6/5 6:42,108.3010,122.0950,137.6370,75.8200,71.9440,80.9860,109.2550,18.9911,7.3580,5.5404,12.4817,11.4866,13.8156
2019/6/5 6:43,108.3070,122.0790,137.6450,75.8220,71.9510,80.9890,109.2510,18.9900,7.3580,5.5405,12.4825,11.4873,13.8164
2019/6/5 6:44,108.2920,122.0510,137.6480,75.8060,71.9420,80.9670,109.2340,18.9806,7.3560,5.5377,12.4792,11.4843,13.8145
2019/6/5 6:45,108.2800,122.0340,137.6420,75.7940,71.9340,80.9580,109.2290,18.9922,7.3560,5.5378,12.4773,11.4829,13.8128
2019/6/5 6:46,108.2780,122.0050,137.6520,75.7820,71.9220,80.9460,109.2110,18.9886,7.3500,5.5369,12.4765,11.4817,13.8125
2019/6/5 6:47,108.2680,121.9790,137.6570,75.7670,71.9170,80.9390,109.1930,18.9870,7.3490,5.5365,12.4737,11.4793,13.8113
2019/6/5 6:48,108.2900,121.9900,137.6890,75.7870,71.9320,80.9570,109.1880,18.9904,7.3510,5.5395,12.4760,11.4810,13.8141
2019/6/5 6:49,108.2810,121.9850,137.6940,75.7920,71.9370,80.9530,109.1930,18.9889,7.3510,5.5390,12.4753,11.4798,13.8127
2019/6/5 6:50,108.2780,121.9750,137.6810,75.7870,71.9280,80.9420,109.1730,18.9763,7.3510,5.5373,12.4748,11.4775,13.8123
2019/6/5 6:51,108.2780,121.9690,137.6980,75.7810,71.9290,80.9370,109.1890,18.9721,7.3510,5.5380,12.4753,11.4768,13.8124
2019/6/5 6:52,108.2830,121.9760,137.6860,75.7830,71.9290,80.9480,109.1910,18.9730,7.3500,5.5362,12.4751,11.4773,13.8129
2019/6/5 6:53,108.3090,121.9860,137.7010,75.7940,71.9350,80.9670,109.1900,18.9843,7.3530,5.5385,12.4765,11.4793,13.8163
2019/6/5 6:54,108.3150,121.9640,137.6820,75.7880,71.9350,80.9640,109.1850,18.9869,7.3520,5.5409,12.4757,11.4790,13.8169
2019/6/5 6:55,108.3230,121.9460,137.6520,75.7850,71.9220,80.9640,109.1900,18.9884,7.3530,5.5392,12.4747,11.4777,13.8180
2019/6/5 6:56,108.3150,121.9650,137.6680,75.7810,71.9150,80.9630,109.1850,18.9871,7.3530,5.5409,12.4755,11.4785,13.8170
2019/6/5 6:57,108.2980,121.9570,137.6370,75.7680,71.9040,80.9510,109.1960,18.9841,7.3520,5.5401,12.4753,11.4788,13.8148
2019/6/5 6:58,108.3030,121.9690,137.6300,75.7710,71.8970,80.9550,109.2050,18.9847,7.3510,5.5404,12.4765,11.4797,13.8156
2019/6/5 6:59,108.3050,121.9590,137.6330,75.7700,71.8940,80.9540,109.1950,18.9852,7.3490,5.5382,12.4755,11.4794,13.8157
2019/6/5 7:00,108.3000,121.9210,137.6230,75.7590,71.8930,80.9460,109.1690,18.9766,7.3460,5.5379,12.4712,11.4774,13.8150
2019/6/5 7:01,108.2970,121.9460,137.6470,75.7710,71.9020,80.9440,109.1700,18.9694,7.3480,5.5379,12.4746,11.4801,13.8146
2019/6/5 7:02,108.2970,121.9390,137.6540,75.7740,71.9040,80.9450,109.1660,18.9702,7.3490,5.5389,12.4733,11.4795,13.8146
2019/6/5 7:03,108.2980,121.9490,137.6720,75.7800,71.9040,80.9510,109.1580,18.9803,7.3540,5.5411,12.4735,11.4800,13.8147
2019/6/5 7:04,108.2980,121.9570,137.6500,75.7790,71.9050,80.9570,109.1450,18.9840,7.3540,5.5432,12.4747,11.4812,13.8147
2019/6/5 7:05,108.2870,121.9420,137.6280,75.7610,71.8930,80.9260,109.1400,18.9830,7.3510,5.5405,12.4717,11.4793,13.8133
2019/6/5 7:06,108.2790,121.9170,137.6100,75.7400,71.8730,80.9170,109.1170,18.9833,7.3500,5.5404,12.4692,11.4769,13.8120
2019/6/5 7:07,108.2930,121.9500,137.6250,75.7500,71.8830,80.9360,109.1250,18.9843,7.3540,5.5418,12.4729,11.4804,13.8137
2019/6/5 7:08,108.2800,121.9530,137.6290,75.7570,71.8880,80.9350,109.1190,18.9824,7.3530,5.5410,12.4752,11.4804,13.8121
2019/6/5 7:09,108.2790,121.9570,137.6500,75.7550,71.8830,80.9310,109.1250,18.9821,7.3540,5.5406,12.4747,11.4806,13.8120
2019/6/5 7:10,108.2820,121.9520,137.6370,75.7530,71.8810,80.9210,109.1320,18.9867,7.3540,5.5408,12.4726,11.4807,13.8124
2019/6/5 7:11,108.2910,121.9500,137.6460,75.7590,71.8770,80.9290,109.1320,18.9892,7.3590,5.5405,12.4747,11.4806,13.8136
2019/6/5 7:12,108.3070,121.9660,137.6580,75.7690,71.8820,80.9410,109.1370,18.9933,7.3570,5.5407,12.4765,11.4823,13.8157
2019/6/5 7:13,108.3070,121.9610,137.6580,75.7710,71.8880,80.9350,109.1360,18.9933,7.3580,5.5408,12.4779,11.4822,13.8156
2019/6/5 7:14,108.3180,121.9760,137.6600,75.7920,71.8960,80.9470,109.1450,18.9954,7.3600,5.5431,12.4788,11.4844,13.8170
2019/6/5 7:15,108.3080,121.9630,137.6440,75.7770,71.8810,80.9380,109.1470,18.9938,7.3600,5.5430,12.4763,11.4826,13.8157
2019/6/5 7:16,108.3040,121.9670,137.6470,75.7880,71.8920,80.9560,109.1450,18.9925,7.3600,5.5448,12.4794,11.4844,13.8153
2019/6/5 7:17,108.2950,121.9600,137.6390,75.7840,71.8950,80.9480,109.1460,18.9868,7.3600,5.5418,12.4815,11.4847,13.8141
2019/6/5 7:18,108.2950,121.9830,137.6490,75.7820,71.8960,80.9500,109.1660,18.9841,7.3610,5.5427,12.4824,11.4883,13.8141
2019/6/5 7:19,108.2930,121.9900,137.6500,75.7880,71.9030,80.9480,109.1710,18.9827,7.3590,5.5433,12.4834,11.4881,13.8139
2019/6/5 7:20,108.3000,121.9990,137.6560,75.7850,71.9030,80.9460,109.1850,18.9843,7.3600,5.5430,12.4827,11.4892,13.8147
2019/6/5 7:21,108.3000,121.9880,137.6480,75.7860,71.9110,80.9460,109.1820,18.9911,7.3610,5.5436,12.4816,11.4872,13.8147
2019/6/5 7:22,108.3100,121.9980,137.6670,75.7820,71.9180,80.9440,109.1870,18.9951,7.3610,5.5441,12.4810,11.4860,13.8159
2019/6/5 7:23,108.3050,122.0010,137.6610,75.7820,71.9210,80.9460,109.1880,18.9933,7.3610,5.5435,12.4815,11.4850,13.8150
2019/6/5 7:24,108.3040,121.9950,137.6490,75.7820,71.9260,80.9500,109.1740,18.9967,7.3610,5.5424,12.4815,11.4848,13.8151
2019/6/5 7:25,108.3010,121.9860,137.6330,75.7750,71.9230,80.9370,109.1710,18.9954,7.3590,5.5425,12.4797,11.4848,13.8147
2019/6/5 7:26,108.2890,121.9690,137.6250,75.7620,71.9130,80.9380,109.1570,18.9918,7.3580,5.5421,12.4792,11.4842,13.8129
2019/6/5 7:27,108.2830,121.9660,137.6230,75.7570,71.9110,80.9340,109.1570,18.9929,7.3580,5.5416,12.4792,11.4830,13.8121
2019/6/5 7:28,108.2760,121.9490,137.6020,75.7470,71.9040,80.9230,109.1480,18.9875,7.3570,5.5401,12.4766,11.4809,13.8113
2019/6/5 7:29,108.2830,121.9570,137.6040,75.7440,71.8990,80.9230,109.1660,18.9880,7.3560,5.5394,12.4778,11.4832,13.8122
2019/6/5 7:30,108.2780,121.9450,137.6000,75.7390,71.9000,80.9180,109.1620,18.9886,7.3550,5.5380,12.4769,11.4818,13.8116
2019/6/5 7:31,108.3250,121.9200,137.5820,75.6730,71.8690,80.9450,109.1430,18.9887,7.3490,5.5371,12.4721,11.4790,13.8178
2019/6/5 7:32,108.3640,121.9610,137.5940,75.6570,71.8570,80.9510,109.1450,18.9833,7.3510,5.5390,12.4724,11.4802,13.8228
2019/6/5 7:33,108.3630,121.9590,137.6260,75.6890,71.8760,80.9520,109.1680,18.9842,7.3520,5.5410,12.4729,11.4797,13.8227
2019/6/5 7:34,108.3410,121.9660,137.6230,75.6900,71.8810,80.9390,109.1770,18.9815,7.3520,5.5402,12.4744,11.4823,13.8199
2019/6/5 7:35,108.3250,121.9350,137.5910,75.6560,71.8600,80.9270,109.1680,18.9742,7.3490,5.5367,12.4713,11.4813,13.8179
2019/6/5 7:36,108.3200,121.9590,137.6200,75.6760,71.8770,80.9390,109.1740,18.9730,7.3490,5.5373,12.4731,11.4839,13.8172
2019/6/5 7:37,108.3260,121.9370,137.6370,75.6800,71.8730,80.9390,109.1450,18.9754,7.3480,5.5372,12.4721,11.4804,13.8180
2019/6/5 7:38,108.3250,121.9490,137.6500,75.6770,71.8860,80.9390,109.1650,18.9778,7.3490,5.5375,12.4730,11.4807,13.8179
2019/6/5 7:39,108.3360,121.9840,137.6460,75.7110,71.9230,80.9520,109.1940,18.9799,7.3550,5.5380,12.4769,11.4841,13.8197
2019/6/5 7:40,108.3310,121.9740,137.6230,75.7050,71.9170,80.9480,109.2060,18.9530,7.3580,5.5376,12.4758,11.4825,13.8190
2019/6/5 7:41,108.3290,121.9590,137.5970,75.7010,71.9190,80.9470,109.1950,18.9584,7.3590,5.5373,12.4759,11.4843,13.8188
2019/6/5 7:42,108.3220,121.9590,137.5980,75.6950,71.9240,80.9470,109.1970,18.9573,7.3580,5.5373,12.4758,11.4822,13.8179
2019/6/5 7:43,108.3120,121.9820,137.6220,75.7230,71.9410,80.9510,109.2070,18.9567,7.3600,5.5369,12.4796,11.4850,13.8166
2019/6/5 7:44,108.3180,121.9730,137.6270,75.7170,71.9340,80.9580,109.1920,18.9663,7.3600,5.5372,12.4785,11.4817,13.8167
2019/6/5 7:45,108.3260,121.9600,137.6130,75.6680,71.9080,80.9540,109.2020,18.9818,7.3560,5.5365,12.4754,11.4806,13.8177
2019/6/5 7:46,108.3170,121.9570,137.6280,75.6930,71.9310,80.9540,109.1940,18.9854,7.3580,5.5349,12.4789,11.4803,13.8166
2019/6/5 7:47,108.3180,121.9390,137.6320,75.6730,71.9120,80.9550,109.1880,18.9862,7.3550,5.5362,12.4764,11.4788,13.8165
2019/6/5 7:48,108.3200,121.9210,137.6110,75.6650,71.9030,80.9560,109.1750,18.9778,7.3540,5.5359,12.4740,11.4765,13.8167
2019/6/5 7:49,108.3180,121.9160,137.6020,75.6540,71.8890,80.9370,109.1700,18.9761,7.3540,5.5364,12.4734,11.4765,13.8165
2019/6/5 7:50,108.3100,121.9100,137.5960,75.6580,71.8840,80.9310,109.1980,18.9694,7.3540,5.5361,12.4727,11.4759,13.8154
2019/6/5 7:51,108.3100,121.9310,137.6060,75.6590,71.8860,80.9310,109.2070,18.9648,7.3530,5.5353,12.4731,11.4771,13.8154
2019/6/5 7:52,108.2990,121.9240,137.6030,75.6490,71.8850,80.9240,109.2080,18.9594,7.3520,5.5347,12.4720,11.4760,13.8139
2019/6/5 7:53,108.3070,121.9320,137.5970,75.6570,71.8910,80.9260,109.2200,18.9470,7.3530,5.5303,12.4740,11.4763,13.8150
2019/6/5 7:54,108.3060,121.9120,137.5980,75.6550,71.8940,80.9200,109.1940,18.9470,7.3530,5.5289,12.4725,11.4747,13.8148
2019/6/5 7:55,108.3130,121.8980,137.5890,75.6350,71.8760,80.9130,109.1740,18.9523,7.3500,5.5285,12.4707,11.4728,13.8156
2019/6/5 7:56,108.3300,121.9040,137.6020,75.6360,71.8700,80.9200,109.1710,18.9540,7.3550,5.5285,12.4698,11.4736,13.8178
2019/6/5 7:57,108.3400,121.9240,137.6200,75.6420,71.8850,80.9290,109.1600,18.9657,7.3550,5.5297,12.4736,11.4753,13.8192
2019/6/5 7:58,108.3250,121.9250,137.5900,75.6360,71.8810,80.9160,109.1930,18.9632,7.3580,5.5281,12.4734,11.4744,13.8173
2019/6/5 7:59,108.3270,121.9300,137.5810,75.6410,71.8840,80.9170,109.2010,18.9619,7.3570,5.5276,12.4766,11.4759,13.8176
2019/6/5 8:00,108.3230,121.9260,137.5460,75.6410,71.8910,80.9040,109.1930,18.9606,7.3550,5.5249,12.4750,11.4721,13.8170
2019/6/5 8:01,108.3340,121.9150,137.5400,75.6300,71.8810,80.8970,109.1850,18.9620,7.3540,5.5231,12.4735,11.4710,13.8184
2019/6/5 8:02,108.3220,121.9120,137.5460,75.6420,71.8940,80.8940,109.1850,18.9555,7.3530,5.5276,12.4735,11.4731,13.8169
2019/6/5 8:03,108.3240,121.9170,137.5500,75.6530,71.9040,80.9030,109.2010,18.9538,7.3500,5.5273,12.4738,11.4754,13.8172
2019/6/5 8:04,108.3240,121.9360,137.5710,75.6540,71.9120,80.9150,109.2080,18.9548,7.3510,5.5275,12.4735,11.4772,13.8172
2019/6/5 8:05,108.3190,121.9050,137.5400,75.6250,71.9130,80.9120,109.1920,18.9557,7.3500,5.5294,12.4698,11.4746,13.8165
2019/6/5 8:06,108.3040,121.9160,137.5280,75.6180,71.9150,80.8960,109.1960,18.9373,7.3480,5.5271,12.4717,11.4786,13.8146
2019/6/5 8:07,108.3100,121.9320,137.5490,75.6310,71.9180,80.9120,109.2070,18.9385,7.3450,5.5268,12.4739,11.4815,13.8151
2019/6/5 8:08,108.3120,121.9390,137.5440,75.6440,71.9280,80.9210,109.2050,18.9461,7.3460,5.5249,12.4740,11.4820,13.8153
2019/6/5 8:09,108.3220,121.9290,137.5340,75.6380,71.9190,80.9190,109.2120,18.9557,7.3470,5.5239,12.4721,11.4804,13.8166
2019/6/5 8:10,108.3210,121.9210,137.5340,75.6520,71.9360,80.9190,109.2060,18.9568,7.3480,5.5243,12.4716,11.4790,13.8165
2019/6/5 8:11,108.3240,121.9320,137.5600,75.6650,71.9470,80.9210,109.2090,18.9553,7.3510,5.5249,12.4733,11.4813,13.8169
2019/6/5 8:12,108.3260,121.9350,137.6030,75.6680,71.9510,80.9230,109.2130,18.9551,7.3500,5.5261,12.4743,11.4821,13.8171
2019/6/5 8:13,108.3190,121.9240,137.5690,75.6600,71.9460,80.9120,109.2070,18.9552,7.3440,5.5218,12.4732,11.4809,13.8162
2019/6/5 8:14,108.3120,121.9190,137.5580,75.6570,71.9520,80.9030,109.2130,18.9520,7.3460,5.5220,12.4775,11.4831,13.8156
2019/6/5 8:15,108.1900,121.8830,137.5260,75.6450,71.9330,80.8410,109.1920,18.9351,7.3420,5.5200,12.4711,11.4779,13.8000
2019/6/5 8:16,108.1480,121.8560,137.5470,75.6290,71.9470,80.8000,109.1800,18.9287,7.3400,5.5186,12.4679,11.4743,13.7946
2019/6/5 8:17,108.1420,121.8690,137.5380,75.6050,71.9260,80.7720,109.1750,18.9272,7.3390,5.5170,12.4688,11.4759,13.7938
2019/6/5 8:18,108.1120,121.8750,137.5580,75.5840,71.9110,80.7420,109.1670,18.8908,7.3300,5.5118,12.4666,11.4768,13.7900
2019/6/5 8:19,108.0600,121.8540,137.5030,75.5580,71.9000,80.6990,109.1880,18.8920,7.3310,5.5082,12.4617,11.4707,13.7833
2019/6/5 8:20,108.0540,121.8690,137.5050,75.5540,71.9070,80.7090,109.2550,18.8904,7.3330,5.5068,12.4672,11.4753,13.7825
2019/6/5 8:21,108.0140,121.9160,137.5380,75.5740,71.9230,80.7080,109.3490,18.8973,7.3380,5.5061,12.4721,11.4798,13.7774
2019/6/5 8:22,108.0290,121.9220,137.5420,75.5680,71.9030,80.7410,109.3050,18.8997,7.3330,5.5032,12.4705,11.4769,13.7793
2019/6/5 8:23,108.0210,121.8840,137.5270,75.5420,71.8870,80.7110,109.2800,18.9000,7.3320,5.5067,12.4662,11.4731,13.7783
2019/6/5 8:24,107.9560,121.8720,137.4800,75.5360,71.8760,80.6790,109.2940,18.8749,7.3330,5.5017,12.4629,11.4716,13.7700
2019/6/5 8:25,107.8260,121.8920,137.3850,75.4890,71.8600,80.5910,109.3750,18.8676,7.3330,5.4976,12.4597,11.4715,13.7536
2019/6/5 8:26,107.8960,121.8780,137.4640,75.5150,71.8700,80.6340,109.4020,18.8829,7.3420,5.5007,12.4609,11.4708,13.7625
2019/6/5 8:27,107.9040,121.8920,137.4570,75.5210,71.8800,80.6480,109.3570,18.8891,7.3420,5.5005,12.4625,11.4724,13.7635
2019/6/5 8:28,107.9150,121.8850,137.4760,75.5050,71.8660,80.6490,109.3300,18.8909,7.3400,5.5002,12.4608,11.4698,13.7649
2019/6/5 8:29,107.9110,121.8670,137.4640,75.4910,71.8520,80.6420,109.3340,18.8933,7.3370,5.4989,12.4577,11.4717,13.7643
2019/6/5 8:30,107.9160,121.8570,137.4400,75.4670,71.8550,80.6150,109.3640,18.9062,7.3370,5.4927,12.4533,11.4722,13.7650
2019/6/5 8:31,107.9090,121.8280,137.4160,75.4480,71.8270,80.6030,109.3470,18.8974,7.3310,5.4887,12.4497,11.4669,13.7641
2019/6/5 8:32,107.8570,121.8320,137.3940,75.4750,71.8610,80.5790,109.3340,18.8879,7.3330,5.4899,12.4506,11.4675,13.7575
2019/6/5 8:33,107.8360,121.8520,137.3900,75.4770,71.8730,80.5840,109.3810,18.8776,7.3350,5.4915,12.4516,11.4689,13.7548
2019/6/5 8:34,107.8260,121.8750,137.3980,75.4710,71.8720,80.5900,109.3990,18.8790,7.3380,5.4929,12.4539,11.4726,13.7536
2019/6/5 8:35,107.8840,121.8770,137.4120,75.4900,71.8600,80.6190,109.3930,18.8938,7.3350,5.4942,12.4523,11.4732,13.7610
2019/6/5 8:36,107.8700,121.8650,137.3930,75.4910,71.8710,80.6260,109.3870,18.8918,7.3390,5.4948,12.4551,11.4720,13.7592
2019/6/5 8:37,107.8420,121.8590,137.3980,75.4740,71.8570,80.6050,109.3820,18.8863,7.3360,5.4928,12.4546,11.4713,13.7557
2019/6/5 8:38,107.8560,121.8720,137.4140,75.4900,71.8720,80.6240,109.3620,18.8808,7.3390,5.4950,12.4561,11.4722,13.7574
2019/6/5 8:39,107.8230,121.8640,137.3980,75.4860,71.8650,80.6040,109.3610,18.8742,7.3330,5.4918,12.4550,11.4714,13.7532
2019/6/5 8:40,107.8680,121.8860,137.4050,75.4940,71.8680,80.6180,109.3870,18.8790,7.3310,5.4924,12.4561,11.4730,13.7590
2019/6/5 8:41,107.9030,121.9040,137.4330,75.5010,71.8600,80.6330,109.3410,18.8840,7.3350,5.4955,12.4581,11.4746,13.7634
2019/6/5 8:42,107.9170,121.9170,137.4520,75.5190,71.8770,80.6550,109.3380,18.8875,7.3350,5.4962,12.4610,11.4758,13.7652
2019/6/5 8:43,107.9190,121.9330,137.4860,75.5150,71.8740,80.6620,109.3500,18.8847,7.3370,5.4978,12.4624,11.4774,13.7655
2019/6/5 8:44,107.9630,121.9260,137.4930,75.5300,71.8700,80.6730,109.3150,18.8896,7.3360,5.4995,12.4624,11.4757,13.7710
2019/6/5 8:45,107.9480,121.9330,137.4960,75.5340,71.8720,80.6720,109.3280,18.8870,7.3350,5.4970,12.4633,11.4753,13.7691
2019/6/5 8:46,107.9410,121.9360,137.5160,75.5460,71.8730,80.6760,109.3060,18.9018,7.3370,5.4974,12.4649,11.4780,13.7682
2019/6/5 8:47,107.9580,121.9390,137.5090,75.5470,71.8620,80.6750,109.3220,18.9042,7.3350,5.4953,12.4652,11.4794,13.7704
2019/6/5 8:48,107.9550,121.9210,137.4930,75.5500,71.8520,80.6630,109.3090,18.9081,7.3360,5.4957,12.4619,11.4750,13.7700
2019/6/5 8:49,107.9470,121.9110,137.4990,75.5340,71.8340,80.6510,109.2890,18.8984,7.3370,5.4944,12.4603,11.4750,13.7690
2019/6/5 8:50,107.9460,121.8960,137.4600,75.5170,71.8230,80.6390,109.2930,18.8862,7.3300,5.4905,12.4552,11.4736,13.7689
2019/6/5 8:51,107.9870,121.9140,137.4970,75.5290,71.8320,80.6690,109.3210,18.9058,7.3330,5.4912,12.4562,11.4761,13.7741
2019/6/5 8:52,107.9660,121.9010,137.4730,75.5130,71.8140,80.6370,109.3240,18.9018,7.3310,5.4933,12.4551,11.4738,13.7715
2019/6/5 8:53,107.9420,121.9100,137.5010,75.5130,71.8200,80.6310,109.3430,18.8978,7.3300,5.4922,12.4564,11.4743,13.7684
2019/6/5 8:54,107.9440,121.8790,137.4690,75.5020,71.8060,80.6330,109.3140,18.8979,7.3280,5.4926,12.4527,11.4719,13.7686
2019/6/5 8:55,107.9660,121.8810,137.4720,75.5020,71.8070,80.6420,109.3200,18.8997,7.3270,5.4911,12.4535,11.4728,13.7714
2019/6/5 8:56,107.9810,121.8740,137.4680,75.4930,71.7950,80.6380,109.3070,18.9019,7.3230,5.4902,12.4525,11.4722,13.7745
2019/6/5 8:57,107.9340,121.8800,137.4370,75.4970,71.8090,80.6140,109.3770,18.8942,7.3230,5.4894,12.4523,11.4723,13.7684
2019/6/5 8:58,107.9470,121.8970,137.4540,75.5100,71.8120,80.6220,109.3890,18.8986,7.3240,5.4921,12.4539,11.4733,13.7701
2019/6/5 8:59,107.9570,121.9130,137.4590,75.5190,71.8230,80.6410,109.3820,18.9071,7.3270,5.4937,12.4572,11.4738,13.7713
2019/6/5 9:00,107.9310,121.8980,137.4450,75.5120,71.8240,80.6430,109.4010,18.9198,7.3280,5.4928,12.4552,11.4726,13.7679
2019/6/5 9:01,107.9600,121.9030,137.4520,75.5090,71.8210,80.6590,109.3690,18.9155,7.3260,5.4914,12.4555,11.4712,13.7716
2019/6/5 9:02,107.9790,121.9250,137.4930,75.5260,71.8260,80.6750,109.3860,18.9227,7.3290,5.4945,12.4579,11.4740,13.7740
2019/6/5 9:03,107.9580,121.9070,137.4700,75.5160,71.8210,80.6560,109.3280,18.9171,7.3250,5.4914,12.4555,11.4727,13.7713
2019/6/5 9:04,107.9570,121.8950,137.4690,75.5200,71.8280,80.6470,109.3240,18.9167,7.3270,5.4933,12.4554,11.4729,13.7711
2019/6/5 9:05,107.9610,121.8890,137.4710,75.5160,71.8260,80.6510,109.2980,18.9164,7.3250,5.4953,12.4547,11.4723,13.7716
2019/6/5 9:06,107.9490,121.8900,137.4550,75.5240,71.8340,80.6540,109.2930,18.9120,7.3240,5.4949,12.4553,11.4725,13.7700
2019/6/5 9:07,107.9440,121.8780,137.4510,75.5290,71.8450,80.6530,109.2990,18.9250,7.3250,5.4947,12.4571,11.4725,13.7694
2019/6/5 9:08,107.9520,121.9000,137.4790,75.5470,71.8630,80.6760,109.3150,18.9323,7.3300,5.4964,12.4600,11.4752,13.7704
2019/6/5 9:09,107.9570,121.9030,137.4880,75.5510,71.8660,80.6900,109.3280,18.9332,7.3310,5.4944,12.4612,11.4755,13.7710
2019/6/5 9:10,107.9350,121.8960,137.5000,75.5510,71.8630,80.6750,109.3390,18.9293,7.3310,5.4964,12.4587,11.4747,13.7682
2019/6/5 9:11,107.9280,121.8880,137.5080,75.5470,71.8660,80.6820,109.3340,18.9281,7.3290,5.4964,12.4593,11.4746,13.7672
2019/6/5 9:12,107.9500,121.9170,137.5280,75.5650,71.8810,80.7090,109.3540,18.9353,7.3350,5.4973,12.4603,11.4770,13.7700
2019/6/5 9:13,107.9570,121.9380,137.5480,75.5840,71.8980,80.7280,109.3730,18.9375,7.3350,5.4995,12.4665,11.4804,13.7710
2019/6/5 9:14,107.9760,121.9440,137.5520,75.5860,71.8970,80.7370,109.3720,18.9358,7.3350,5.4986,12.4676,11.4810,13.7735
2019/6/5 9:15,107.9680,121.9360,137.5600,75.5850,71.9040,80.7540,109.3630,18.9344,7.3350,5.4983,12.4667,11.4803,13.7725
2019/6/5 9:16,107.9490,121.9220,137.5350,75.5760,71.9000,80.7310,109.3470,18.9302,7.3330,5.4960,12.4658,11.4818,13.7700
2019/6/5 9:17,107.9490,121.9280,137.5400,75.5860,71.9060,80.7320,109.3630,18.9286,7.3310,5.4953,12.4662,11.4823,13.7700
2019/6/5 9:18,107.9460,121.9200,137.5410,75.5710,71.8980,80.7290,109.3660,18.9281,7.3280,5.4934,12.4661,11.4824,13.7697
2019/6/5 9:19,107.9620,121.9130,137.5290,75.5740,71.9030,80.7360,109.3570,18.9292,7.3310,5.4954,12.4666,11.4825,13.7717
2019/6/5 9:20,107.9720,121.9060,137.5430,75.5720,71.8970,80.7460,109.3550,18.9276,7.3260,5.4947,12.4642,11.4793,13.7730
2019/6/5 9:21,107.9730,121.8920,137.5380,75.5620,71.8860,80.7460,109.3320,18.9165,7.3270,5.4949,12.4614,11.4775,13.7731
2019/6/5 9:22,107.9860,121.8850,137.5430,75.5670,71.8930,80.7620,109.3300,18.9169,7.3280,5.4960,12.4608,11.4776,13.7747
2019/6/5 9:23,107.9910,121.8800,137.5280,75.5750,71.8980,80.7600,109.3350,18.9378,7.3290,5.4971,12.4595,11.4768,13.7754
2019/6/5 9:24,108.0280,121.8870,137.5480,75.5830,71.8940,80.8000,109.3310,18.9456,7.3300,5.4960,12.4609,11.4777,13.7798
2019/6/5 9:25,108.0410,121.9100,137.5470,75.5910,71.9020,80.8070,109.3100,18.9456,7.3320,5.4963,12.4619,11.4810,13.7812
2019/6/5 9:26,108.0450,121.9170,137.5540,75.6110,71.9180,80.8200,109.3330,18.9457,7.3350,5.5048,12.4620,11.4811,13.7820
2019/6/5 9:27,108.0880,121.9480,137.5890,75.6400,71.9400,80.8460,109.3370,18.9579,7.3370,5.5202,12.4662,11.4881,13.7870
2019/6/5 9:28,108.1130,121.9260,137.5840,75.6400,71.9290,80.8590,109.2720,18.9649,7.3390,5.5236,12.4663,11.4869,13.7906
2019/6/5 9:29,108.1220,121.9180,137.5590,75.6340,71.9230,80.8660,109.2750,18.9661,7.3430,5.5196,12.4657,11.4864,13.7918
2019/6/5 9:30,108.1150,121.9250,137.5720,75.6320,71.9280,80.8490,109.2770,18.9667,7.3450,5.5237,12.4649,11.4875,13.7909
2019/6/5 9:31,108.1260,121.9440,137.5900,75.6480,71.9540,80.8700,109.3120,18.9697,7.3520,5.5328,12.4651,11.4895,13.7923
2019/6/5 9:32,108.1330,121.9000,137.6230,75.6320,71.9360,80.8620,109.2610,18.9699,7.3470,5.5365,12.4590,11.4847,13.7931
2019/6/5 9:33,108.1230,121.9000,137.6180,75.6200,71.9210,80.8620,109.2810,18.9557,7.3450,5.5346,12.4591,11.4850,13.7919
2019/6/5 9:34,108.1030,121.8890,137.5790,75.6100,71.9150,80.8330,109.2870,18.9564,7.3400,5.5318,12.4587,11.4845,13.7893
2019/6/5 9:35,108.1050,121.9140,137.5990,75.6320,71.9300,80.8490,109.2970,18.9592,7.3440,5.5343,12.4630,11.4867,13.7895
2019/6/5 9:36,108.1020,121.9150,137.6120,75.6280,71.9310,80.8430,109.2910,18.9587,7.3420,5.5325,12.4600,11.4855,13.7891
2019/6/5 9:37,108.0960,121.9150,137.6040,75.6320,71.9320,80.8420,109.2780,18.9489,7.3420,5.5357,12.4606,11.4863,13.7883
2019/6/5 9:38,108.0870,121.9070,137.5980,75.6290,71.9300,80.8390,109.2880,18.9527,7.3410,5.5377,12.4580,11.4857,13.7872
2019/6/5 9:39,108.0980,121.9020,137.5840,75.6230,71.9320,80.8300,109.2890,18.9539,7.3420,5.5408,12.4554,11.4849,13.7886
2019/6/5 9:40,108.0730,121.8790,137.5530,75.6040,71.9170,80.8020,109.2910,18.9424,7.3390,5.5418,12.4531,11.4814,13.7854
2019/6/5 9:41,108.0640,121.8700,137.5420,75.5980,71.9150,80.7990,109.2900,18.9389,7.3410,5.5347,12.4524,11.4811,13.7843
2019/6/5 9:42,108.0520,121.8590,137.5300,75.5870,71.9030,80.7830,109.3060,18.9348,7.3390,5.5306,12.4507,11.4783,13.7828
2019/6/5 9:43,108.0550,121.8510,137.5470,75.5850,71.8990,80.7800,109.2800,18.9339,7.3390,5.5308,12.4481,11.4789,13.7832
2019/6/5 9:44,108.0490,121.8300,137.5510,75.5750,71.8940,80.7740,109.2370,18.9268,7.3390,5.5314,12.4469,11.4770,13.7824
2019/6/5 9:45,108.0410,121.8110,137.5070,75.5540,71.8740,80.7650,109.2470,18.9206,7.3370,5.5307,12.4431,11.4733,13.7815
2019/6/5 9:46,108.0440,121.8100,137.5080,75.5560,71.8760,80.7590,109.2620,18.9263,7.3350,5.5324,12.4468,11.4731,13.7819
2019/6/5 9:47,108.0630,121.8230,137.5400,75.5610,71.8780,80.7700,109.2730,18.9324,7.3360,5.5320,12.4474,11.4722,13.7843
2019/6/5 9:48,108.0700,121.8260,137.5280,75.5690,71.8810,80.7840,109.2560,18.9326,7.3350,5.5314,12.4464,11.4751,13.7851
2019/6/5 9:49,108.0390,121.8170,137.5080,75.5590,71.8740,80.7560,109.2540,18.9245,7.3350,5.5332,12.4447,11.4741,13.7812
2019/6/5 9:50,108.0210,121.8040,137.4890,75.5450,71.8530,80.7370,109.2620,18.9372,7.3320,5.5319,12.4429,11.4722,13.7789
2019/6/5 9:51,108.0190,121.8010,137.4960,75.5440,71.8700,80.7460,109.2650,18.9355,7.3280,5.5286,12.4413,11.4713,13.7787
2019/6/5 9:52,107.9910,121.7800,137.4580,75.5310,71.8580,80.7270,109.2300,18.9444,7.3250,5.5313,12.4386,11.4677,13.7751
2019/6/5 9:53,107.9860,121.7660,137.4330,75.5250,71.8610,80.7080,109.2330,18.9385,7.3230,5.5312,12.4377,11.4666,13.7744
2019/6/5 9:54,108.0170,121.7840,137.4590,75.5330,71.8510,80.7390,109.2280,18.9378,7.3230,5.5358,12.4393,11.4681,13.7785
2019/6/5 9:55,108.0270,121.7670,137.4750,75.5260,71.8400,80.7360,109.2190,18.9412,7.3210,5.5345,12.4377,11.4680,13.7797
2019/6/5 9:56,108.0250,121.7670,137.4790,75.5240,71.8380,80.7380,109.2270,18.9377,7.3230,5.5344,12.4404,11.4679,13.7795
2019/6/5 9:57,108.0250,121.7900,137.4930,75.5270,71.8460,80.7430,109.2310,18.9377,7.3200,5.5345,12.4420,11.4697,13.7792
2019/6/5 9:58,108.0050,121.7760,137.4850,75.5300,71.8420,80.7450,109.2420,18.9353,7.3140,5.5353,12.4396,11.4680,13.7765
2019/6/5 9:59,108.0110,121.7730,137.4570,75.5250,71.8260,80.7380,109.1940,18.9308,7.3090,5.5349,12.4443,11.4707,13.7774
2019/6/5 10:00,108.1850,121.8060,137.5100,75.5560,71.8260,80.8570,109.1520,18.9631,7.3120,5.5426,12.4448,11.4733,13.8000
2019/6/5 10:01,108.1400,121.7720,137.4850,75.5670,71.8310,80.8130,109.1360,18.9340,7.3060,5.5353,12.4412,11.4672,13.7942
2019/6/5 10:02,108.1080,121.7820,137.4750,75.5460,71.8370,80.7890,109.1760,18.9288,7.2980,5.5311,12.4398,11.4707,13.7901
2019/6/5 10:03,108.0650,121.7160,137.4670,75.5240,71.8140,80.7550,109.1790,18.9267,7.3050,5.5299,12.4335,11.4643,13.7846
2019/6/5 10:04,108.0900,121.7220,137.4870,75.5360,71.8220,80.7870,109.1600,18.9409,7.3100,5.5327,12.4326,11.4646,13.7878
2019/6/5 10:05,108.0360,121.7180,137.4680,75.5220,71.8220,80.7430,109.1120,18.9323,7.3080,5.5320,12.4325,11.4657,13.7809
2019/6/5 10:06,108.0520,121.7220,137.4840,75.5190,71.8020,80.7510,109.1120,18.9409,7.3060,5.5305,12.4322,11.4648,13.7830
2019/6/5 10:07,108.0760,121.7220,137.4900,75.5130,71.7900,80.7730,109.1030,18.9472,7.3010,5.5311,12.4320,11.4642,13.7859
2019/6/5 10:08,108.0710,121.7270,137.4780,75.5160,71.8060,80.7740,109.1010,18.9449,7.3010,5.5296,12.4343,11.4649,13.7851
2019/6/5 10:09,108.0720,121.7450,137.4990,75.5180,71.8030,80.7840,109.1210,18.9435,7.2940,5.5269,12.4401,11.4658,13.7853
2019/6/5 10:10,108.0950,121.7350,137.5150,75.5230,71.7910,80.7950,109.1310,18.9466,7.3010,5.5307,12.4370,11.4635,13.7882
2019/6/5 10:11,108.1080,121.7220,137.4940,75.5240,71.7860,80.7960,109.1190,18.9485,7.2980,5.5311,12.4335,11.4626,13.7898
2019/6/5 10:12,108.1130,121.7350,137.5040,75.5300,71.7910,80.8010,109.1420,18.9506,7.2960,5.5335,12.4326,11.4638,13.7905
2019/6/5 10:13,108.1220,121.7390,137.5080,75.5250,71.7840,80.7930,109.1450,18.9592,7.2950,5.5306,12.4341,11.4644,13.7916
2019/6/5 10:14,108.1150,121.7530,137.5240,75.5420,71.7970,80.8010,109.1170,18.9510,7.2920,5.5294,12.4352,11.4651,13.7906
2019/6/5 10:15,108.0950,121.7390,137.5390,75.5320,71.7860,80.7890,109.1100,18.9432,7.2900,5.5274,12.4349,11.4653,13.7881
2019/6/5 10:16,108.0950,121.7380,137.5630,75.5320,71.7790,80.7790,109.1260,18.9438,7.2950,5.5269,12.4339,11.4657,13.7881
2019/6/5 10:17,108.0700,121.7490,137.6290,75.5280,71.7850,80.7600,109.1590,18.9373,7.2960,5.5292,12.4353,11.4695,13.7849
2019/6/5 10:18,108.0710,121.7420,137.6340,75.5260,71.7860,80.7560,109.1560,18.9421,7.2950,5.5282,12.4347,11.4693,13.7850
2019/6/5 10:19,108.0910,121.7720,137.6590,75.5430,71.7970,80.7840,109.1790,18.9620,7.3000,5.5310,12.4381,11.4720,13.7875
2019/6/5 10:20,108.1040,121.7820,137.6230,75.5490,71.7980,80.8070,109.1580,18.9622,7.3010,5.5280,12.4387,11.4735,13.7892
2019/6/5 10:21,108.0760,121.7610,137.5890,75.5270,71.7810,80.7760,109.1300,18.9579,7.3000,5.5274,12.4344,11.4704,13.7857
2019/6/5 10:22,108.0610,121.7520,137.5470,75.5300,71.7810,80.7900,109.1390,18.9530,7.3020,5.5257,12.4336,11.4693,13.7838
2019/6/5 10:23,108.0830,121.7600,137.5670,75.5380,71.7740,80.8170,109.1350,18.9565,7.3030,5.5257,12.4349,11.4706,13.7863
2019/6/5 10:24,108.0800,121.7790,137.5910,75.5580,71.7930,80.8260,109.1410,18.9591,7.3050,5.5266,12.4400,11.4721,13.7859
2019/6/5 10:25,108.0440,121.7460,137.5360,75.5380,71.7800,80.7960,109.1360,18.9526,7.3000,5.5238,12.4347,11.4690,13.7813
2019/6/5 10:26,108.0440,121.7460,137.5200,75.5280,71.7700,80.8050,109.1400,18.9533,7.2990,5.5235,12.4335,11.4691,13.7814
2019/6/5 10:27,108.0430,121.7480,137.5230,75.5280,71.7700,80.8010,109.1410,18.9434,7.2980,5.5225,12.4356,11.4692,13.7812
2019/6/5 10:28,108.0310,121.7550,137.5400,75.5300,71.7740,80.8010,109.1510,18.9424,7.2990,5.5230,12.4376,11.4702,13.7798
2019/6/5 10:29,108.0500,121.7310,137.5300,75.5190,71.7620,80.8080,109.1420,18.9484,7.2980,5.5221,12.4365,11.4679,13.7821
2019/6/5 10:30,108.0070,121.6850,137.4430,75.4620,71.7250,80.7170,109.1370,18.9365,7.2890,5.5151,12.4162,11.4632,13.7767
2019/6/5 10:31,108.0210,121.6930,137.4520,75.4630,71.7230,80.7070,109.1370,18.9406,7.2890,5.5168,12.4071,11.4600,13.7785
2019/6/5 10:32,107.9880,121.6670,137.4450,75.4520,71.7140,80.6560,109.1280,18.9347,7.2880,5.5169,12.3995,11.4575,13.7742
2019/6/5 10:33,107.9820,121.6900,137.4890,75.4650,71.7220,80.6680,109.1580,18.9374,7.2880,5.5189,12.4015,11.4605,13.7734
2019/6/5 10:34,108.0020,121.7030,137.4840,75.4780,71.7200,80.6860,109.1680,18.9370,7.2910,5.5190,12.4060,11.4614,13.7760
2019/6/5 10:35,107.9820,121.6690,137.4510,75.4590,71.7000,80.6600,109.1460,18.9296,7.2850,5.5179,12.4067,11.4591,13.7734
2019/6/5 10:36,108.0100,121.6760,137.4600,75.4680,71.7000,80.6920,109.1290,18.9301,7.2880,5.5197,12.4074,11.4591,13.7770
2019/6/5 10:37,108.0350,121.6750,137.4540,75.4630,71.6790,80.6850,109.1320,18.9338,7.2820,5.5220,12.4097,11.4592,13.7802
2019/6/5 10:38,108.0380,121.6830,137.4630,75.4710,71.6940,80.6860,109.1430,18.9370,7.2800,5.5223,12.4143,11.4603,13.7805
2019/6/5 10:39,108.0380,121.6950,137.4850,75.4780,71.6930,80.6980,109.1520,18.9389,7.2770,5.5233,12.4203,11.4619,13.7805
2019/6/5 10:40,108.0500,121.6940,137.4790,75.4920,71.7060,80.7090,109.1470,18.9380,7.2780,5.5254,12.4204,11.4638,13.7821
2019/6/5 10:41,108.0270,121.6960,137.4650,75.4760,71.6820,80.6840,109.1670,18.9323,7.2740,5.5228,12.4182,11.4643,13.7791
2019/6/5 10:42,108.0170,121.6990,137.4710,75.4770,71.6850,80.6820,109.1900,18.9305,7.2730,5.5222,12.4172,11.4650,13.7778
2019/6/5 10:43,108.0180,121.7050,137.4910,75.4850,71.7130,80.6700,109.1870,18.9307,7.2770,5.5255,12.4166,11.4662,13.7780
2019/6/5 10:44,108.0320,121.7310,137.5110,75.5110,71.7340,80.6870,109.2090,18.9331,7.2780,5.5275,12.4212,11.4678,13.7798
2019/6/5 10:45,108.0300,121.7150,137.5170,75.5070,71.7220,80.6920,109.1960,18.9311,7.2750,5.5273,12.4165,11.4663,13.7796
2019/6/5 10:46,108.0310,121.7070,137.4960,75.5130,71.7180,80.6850,109.1790,18.9280,7.2750,5.5272,12.4156,11.4662,13.7797
2019/6/5 10:47,108.0180,121.6740,137.4580,75.4750,71.6920,80.6500,109.1640,18.9242,7.2710,5.5222,12.4070,11.4620,13.7780
2019/6/5 10:48,108.0230,121.6840,137.4670,75.4840,71.6950,80.6640,109.1690,18.9260,7.2750,5.5200,12.4080,11.4636,13.7787
2019/6/5 10:49,108.0050,121.6730,137.4200,75.4480,71.6650,80.6290,109.1750,18.9221,7.2720,5.5187,12.4048,11.4601,13.7764
2019/6/5 10:50,108.0090,121.6770,137.4110,75.4470,71.6690,80.6200,109.1750,18.9192,7.2710,5.5197,12.4040,11.4609,13.7769
2019/6/5 10:51,107.9870,121.6880,137.4220,75.4500,71.6690,80.6130,109.1950,18.9116,7.2720,5.5148,12.4044,11.4605,13.7740
2019/6/5 10:52,107.9780,121.6930,137.4430,75.4440,71.6650,80.5950,109.2090,18.9026,7.2710,5.5146,12.4047,11.4598,13.7729
2019/6/5 10:53,107.9760,121.6840,137.4400,75.4350,71.6530,80.5730,109.1970,18.9023,7.2700,5.5144,12.3992,11.4578,13.7726
2019/6/5 10:54,108.0250,121.6780,137.4230,75.4370,71.6510,80.5900,109.1730,18.9192,7.2670,5.5146,12.3983,11.4577,13.7789
2019/6/5 10:55,108.0300,121.6470,137.4070,75.4290,71.6430,80.5990,109.1280,18.9137,7.2540,5.5101,12.3967,11.4550,13.7795
2019/6/5 10:56,108.0190,121.6240,137.4340,75.4350,71.6550,80.5910,109.1370,18.8854,7.2560,5.5105,12.3953,11.4526,13.7779
2019/6/5 10:57,107.9830,121.6260,137.4750,75.4250,71.6420,80.5680,109.1550,18.8997,7.2550,5.5075,12.3942,11.4565,13.7730
2019/6/5 10:58,108.0020,121.6170,137.4750,75.4240,71.6390,80.5940,109.1450,18.8991,7.2470,5.5084,12.3939,11.4551,13.7752
2019/6/5 10:59,108.0040,121.6360,137.5100,75.4530,71.6650,80.6070,109.1390,18.8973,7.2460,5.5117,12.4020,11.4602,13.7759
2019/6/5 11:00,108.0000,121.6250,137.4940,75.4420,71.6410,80.5940,109.1370,18.8966,7.2450,5.5122,12.3987,11.4569,13.7757
2019/6/5 11:01,108.0340,121.6300,137.5190,75.4630,71.6610,80.6290,109.1490,18.9075,7.2480,5.5163,12.4000,11.4560,13.7799
2019/6/5 11:02,108.0680,121.6500,137.5340,75.4760,71.6820,80.6630,109.1260,18.9158,7.2570,5.5196,12.4024,11.4572,13.7843
2019/6/5 11:03,108.0650,121.6620,137.5450,75.4800,71.6870,80.6730,109.0890,18.9203,7.2650,5.5207,12.4024,11.4583,13.7835
2019/6/5 11:04,108.0720,121.6410,137.5440,75.4830,71.6960,80.6790,109.0810,18.9223,7.2680,5.5234,12.4013,11.4569,13.7846
2019/6/5 11:05,108.0770,121.6520,137.5440,75.4770,71.6980,80.6680,109.0850,18.9292,7.2680,5.5235,12.4023,11.4577,13.7853
2019/6/5 11:06,108.0740,121.6480,137.5100,75.4490,71.6780,80.6580,109.0800,18.9139,7.2660,5.5218,12.4016,11.4574,13.7849
2019/6/5 11:07,108.0700,121.6480,137.4860,75.4450,71.6790,80.6610,109.0890,18.9096,7.2640,5.5217,12.4036,11.4569,13.7846
2019/6/5 11:08,108.0460,121.6220,137.4750,75.4230,71.6650,80.6360,109.1100,18.8935,7.2590,5.5199,12.4001,11.4549,13.7815
2019/6/5 11:09,108.0650,121.6260,137.4990,75.4260,71.6780,80.6510,109.1130,18.8978,7.2550,5.5188,12.4010,11.4563,13.7838
2019/6/5 11:10,108.0670,121.6390,137.5030,75.4340,71.6820,80.6770,109.0920,18.9025,7.2610,5.5198,12.4034,11.4556,13.7841
2019/6/5 11:11,108.0640,121.6420,137.5120,75.4400,71.6910,80.6730,109.0780,18.9027,7.2610,5.5161,12.4038,11.4545,13.7836
2019/6/5 11:12,108.0740,121.6830,137.5310,75.4570,71.7070,80.6930,109.1060,18.9018,7.2690,5.5166,12.4060,11.4551,13.7850
2019/6/5 11:13,108.0670,121.6650,137.5240,75.4400,71.6920,80.6750,109.0920,18.8998,7.2670,5.5132,12.4022,11.4515,13.7841
2019/6/5 11:14,108.0800,121.6510,137.5210,75.4460,71.6980,80.6910,109.0890,18.8524,7.2630,5.5124,12.4003,11.4474,13.7857
2019/6/5 11:15,108.0650,121.6550,137.4850,75.4290,71.6920,80.6810,109.1070,18.8799,7.2650,5.5081,12.3976,11.4460,13.7838
2019/6/5 11:16,108.0630,121.6740,137.4970,75.4390,71.7010,80.6910,109.1190,18.8598,7.2660,5.5137,12.3985,11.4481,13.7833
2019/6/5 11:17,108.0540,121.6600,137.4670,75.4170,71.6840,80.6690,109.1050,18.8608,7.2660,5.5121,12.3936,11.4471,13.7823
2019/6/5 11:18,108.0680,121.6690,137.4590,75.4050,71.6720,80.6670,109.0990,18.8625,7.2640,5.5140,12.3929,11.4488,13.7841
2019/6/5 11:19,108.0960,121.6970,137.4830,75.4240,71.6850,80.6820,109.1150,18.8659,7.2670,5.5169,12.3966,11.4523,13.7877
2019/6/5 11:20,108.0920,121.6900,137.4660,75.4310,71.6930,80.6820,109.1280,18.8657,7.2720,5.5163,12.3966,11.4527,13.7868
2019/6/5 11:21,108.0970,121.6870,137.4720,75.4410,71.6980,80.6950,109.1310,18.8668,7.2740,5.5165,12.3964,11.4524,13.7872
2019/6/5 11:22,108.0910,121.6790,137.4570,75.4450,71.6970,80.7020,109.1200,18.8703,7.2720,5.5162,12.3978,11.4519,13.7864
2019/6/5 11:23,108.1050,121.6950,137.4520,75.4580,71.7130,80.7150,109.1370,18.8744,7.2750,5.5200,12.3988,11.4551,13.7882
2019/6/5 11:24,108.1140,121.6680,137.4510,75.4440,71.7030,80.7200,109.1040,18.8803,7.2750,5.5195,12.3991,11.4520,13.7894
2019/6/5 11:25,108.1060,121.6420,137.4420,75.4200,71.6730,80.7050,109.1000,18.8812,7.2700,5.5172,12.3951,11.4493,13.7883
2019/6/5 11:26,108.1160,121.6680,137.4710,75.4390,71.6830,80.7240,109.1240,18.8810,7.2710,5.5197,12.3974,11.4507,13.7896
2019/6/5 11:27,108.1210,121.6700,137.4720,75.4490,71.6930,80.7270,109.1310,18.8819,7.2740,5.5233,12.3977,11.4511,13.7902
2019/6/5 11:28,108.1880,121.6890,137.4890,75.4800,71.7190,80.7940,109.1110,18.8931,7.2780,5.5278,12.4038,11.4549,13.7986
2019/6/5 11:29,108.1960,121.6970,137.4710,75.4810,71.7130,80.8000,109.0350,18.9013,7.2770,5.5269,12.4063,11.4602,13.7996
2019/6/5 11:30,108.2360,121.7450,137.5340,75.5250,71.7580,80.8520,109.0820,18.9094,7.2850,5.5365,12.4124,11.4646,13.8046
2019/6/5 11:31,108.2170,121.7500,137.5370,75.5170,71.7530,80.8440,109.0700,18.9073,7.2820,5.5358,12.4141,11.4649,13.8022
2019/6/5 11:32,108.2330,121.7750,137.5610,75.5240,71.7580,80.8220,109.0820,18.9097,7.2860,5.5369,12.4162,11.4666,13.8042
2019/6/5 11:33,108.2090,121.7550,137.5220,75.5110,71.7400,80.7930,109.0720,18.9272,7.2840,5.5365,12.4138,11.4655,13.8013
2019/6/5 11:34,108.1990,121.7370,137.5000,75.4980,71.7320,80.7690,109.0600,18.9168,7.2810,5.5387,12.4135,11.4624,13.8002
2019/6/5 11:35,108.1870,121.7280,137.4900,75.4920,71.7280,80.7700,109.0640,18.9152,7.2820,5.5375,12.4131,11.4620,13.7987
2019/6/5 11:36,108.1990,121.7250,137.5180,75.4910,71.7230,80.7810,109.0580,18.9148,7.2810,5.5347,12.4118,11.4615,13.8002
2019/6/5 11:37,108.2370,121.6760,137.4930,75.4830,71.7120,80.7990,109.0250,18.9215,7.2770,5.5355,12.4057,11.4572,13.8051
2019/6/5 11:38,108.2220,121.6750,137.4980,75.4700,71.7080,80.7840,109.0470,18.9154,7.2770,5.5330,12.4037,11.4560,13.8032
2019/6/5 11:39,108.2340,121.6880,137.5230,75.4820,71.7220,80.7900,109.0560,18.9216,7.2770,5.5341,12.4052,11.4560,13.8047
2019/6/5 11:40,108.2280,121.6840,137.5250,75.4690,71.6970,80.7720,109.0800,18.9171,7.2730,5.5340,12.4054,11.4554,13.8039
2019/6/5 11:41,108.2250,121.6620,137.5530,75.4840,71.7060,80.7840,109.0870,18.9203,7.2740,5.5314,12.4007,11.4534,13.8035
2019/6/5 11:42,108.2200,121.6820,137.5670,75.4840,71.7050,80.7860,109.0880,18.9176,7.2750,5.5335,12.4010,11.4544,13.8029
2019/6/5 11:43,108.2240,121.7000,137.5500,75.4830,71.7080,80.7880,109.0970,18.9107,7.2740,5.5339,12.4042,11.4550,13.8034
2019/6/5 11:44,108.2100,121.6870,137.5360,75.4800,71.7010,80.7640,109.0960,18.9020,7.2730,5.5331,12.4013,11.4540,13.8016
2019/6/5 11:45,108.2220,121.7160,137.5700,75.4900,71.7140,80.7720,109.1170,18.9040,7.2740,5.5347,12.4049,11.4562,13.8031
2019/6/5 11:46,108.2100,121.7080,137.5500,75.4820,71.7080,80.7500,109.1120,18.8970,7.2730,5.5363,12.4040,11.4567,13.8013
2019/6/5 11:47,108.1990,121.7000,137.5340,75.4760,71.6990,80.7430,109.1010,18.8951,7.2710,5.5360,12.4045,11.4595,13.7999
2019/6/5 11:48,108.1970,121.6630,137.5210,75.4640,71.6970,80.7190,109.0900,18.9017,7.2720,5.5315,12.4004,11.4558,13.7996
2019/6/5 11:49,108.1770,121.6450,137.5130,75.4480,71.6830,80.6880,109.0970,18.9006,7.2700,5.5331,12.3924,11.4527,13.7971
2019/6/5 11:50,108.1770,121.6560,137.5260,75.4520,71.6840,80.6870,109.0970,18.9047,7.2700,5.5313,12.3927,11.4545,13.7971
2019/6/5 11:51,108.1940,121.6740,137.5330,75.4620,71.6950,80.7000,109.1160,18.9049,7.2710,5.5355,12.3970,11.4614,13.7992
2019/6/5 11:52,108.1930,121.6430,137.4810,75.4420,71.6750,80.6830,109.0870,18.9017,7.2680,5.5332,12.3924,11.4570,13.7991
2019/6/5 11:53,108.1960,121.6480,137.4730,75.4440,71.6720,80.6870,109.0870,18.9010,7.2670,5.5357,12.3969,11.4597,13.7995
2019/6/5 11:54,108.1960,121.6430,137.5120,75.4360,71.6590,80.6770,109.1000,18.8939,7.2670,5.5333,12.3958,11.4591,13.7996
2019/6/5 11:55,108.1990,121.6430,137.5220,75.4460,71.6650,80.6930,109.1010,18.8925,7.2680,5.5357,12.3960,11.4590,13.8000
2019/6/5 11:56,108.1990,121.6370,137.4850,75.4450,71.6640,80.6930,109.0840,18.8916,7.2650,5.5356,12.3951,11.4582,13.7997
2019/6/5 11:57,108.2020,121.6390,137.4600,75.4550,71.6570,80.7000,109.0900,18.8894,7.2620,5.5335,12.3954,11.4591,13.8002
2019/6/5 11:58,108.2130,121.6470,137.4800,75.4630,71.6660,80.7090,109.1070,18.8951,7.2640,5.5361,12.3973,11.4620,13.8015
2019/6/5 11:59,108.1990,121.6400,137.4660,75.4530,71.6580,80.6860,109.0710,18.8926,7.2620,5.5335,12.3969,11.4615,13.7998
2019/6/5 12:00,108.2270,121.6460,137.4720,75.4600,71.6650,80.7010,109.0280,18.8971,7.2640,5.5339,12.3996,11.4659,13.8034
2019/6/5 12:01,108.2300,121.6410,137.4470,75.4550,71.6560,80.6990,109.0190,18.8982,7.2660,5.5339,12.4013,11.4658,13.8038
2019/6/5 12:02,108.2310,121.6540,137.4080,75.4540,71.6550,80.7060,108.9980,18.8920,7.2670,5.5350,12.4010,11.4674,13.8039
2019/6/5 12:03,108.2290,121.6350,137.4050,75.4530,71.6530,80.7100,108.9880,18.8934,7.2670,5.5342,12.4004,11.4673,13.8038
2019/6/5 12:04,108.2340,121.6200,137.4260,75.4570,71.6560,80.7000,108.9940,18.8936,7.2670,5.5344,12.4011,11.4656,13.8045
2019/6/5 12:05,108.2230,121.6010,137.4080,75.4460,71.6370,80.7010,108.9730,18.8918,7.2670,5.5336,12.4004,11.4655,13.8031
2019/6/5 12:06,108.2150,121.5900,137.4190,75.4480,71.6450,80.7180,108.9660,18.8906,7.2670,5.5339,12.3994,11.4638,13.8021
2019/6/5 12:07,108.2050,121.5880,137.4100,75.4450,71.6460,80.6970,108.9580,18.8810,7.2650,5.5338,12.4007,11.4633,13.8008
2019/6/5 12:08,108.2040,121.5840,137.4210,75.4490,71.6500,80.6930,108.9550,18.8783,7.2670,5.5359,12.4003,11.4629,13.8007
2019/6/5 12:09,108.1940,121.5660,137.3990,75.4400,71.6420,80.6760,108.9270,18.8768,7.2670,5.5346,12.4000,11.4661,13.7994
2019/6/5 12:10,108.2080,121.5690,137.3840,75.4420,71.6410,80.6740,108.9420,18.8780,7.2680,5.5374,12.3986,11.4626,13.8012
2019/6/5 12:11,108.2130,121.5740,137.4060,75.4480,71.6490,80.6890,108.9420,18.8683,7.2690,5.5401,12.3995,11.4629,13.8019
2019/6/5 12:12,108.2080,121.5540,137.3750,75.4410,71.6420,80.6850,108.9310,18.8648,7.2700,5.5405,12.3983,11.4641,13.8013
2019/6/5 12:13,108.1970,121.5540,137.3840,75.4360,71.6370,80.6860,108.9200,18.8691,7.2680,5.5400,12.3992,11.4638,13.7998
2019/6/5 12:14,108.2200,121.5730,137.4270,75.4510,71.6490,80.7040,108.9490,18.8758,7.2720,5.5446,12.4021,11.4664,13.8026
2019/6/5 12:15,108.2110,121.5660,137.4100,75.4400,71.6420,80.6840,108.9490,18.8672,7.2720,5.5421,12.4007,11.4645,13.8016
2019/6/5 12:16,108.2440,121.5870,137.4420,75.4560,71.6480,80.7050,108.9550,18.8665,7.2730,5.5414,12.4027,11.4669,13.8058
2019/6/5 12:17,108.2420,121.5800,137.4270,75.4450,71.6340,80.6870,108.9420,18.8674,7.2730,5.5380,12.4002,11.4648,13.8055
2019/6/5 12:18,108.2490,121.5850,137.4280,75.4550,71.6450,80.7020,108.9570,18.8644,7.2710,5.5374,12.4012,11.4651,13.8064
2019/6/5 12:19,108.2500,121.5860,137.4450,75.4510,71.6470,80.7020,108.9550,18.8671,7.2710,5.5383,12.4014,11.4655,13.8066
2019/6/5 12:20,108.2530,121.5930,137.4470,75.4700,71.6600,80.7190,108.9500,18.8670,7.2720,5.5385,12.4027,11.4662,13.8070
2019/6/5 12:21,108.2460,121.6000,137.4570,75.4750,71.6670,80.7330,108.9470,18.8802,7.2730,5.5485,12.4035,11.4672,13.8061
2019/6/5 12:22,108.2520,121.6130,137.4540,75.4860,71.6800,80.7330,108.9550,18.8822,7.2740,5.5449,12.4064,11.4698,13.8068
2019/6/5 12:23,108.2440,121.6180,137.4450,75.4840,71.6800,80.7480,108.9540,18.8808,7.2770,5.5446,12.4093,11.4707,13.8057
2019/6/5 12:24,108.2370,121.6020,137.4330,75.4740,71.6770,80.7280,108.9400,18.8814,7.2750,5.5465,12.4065,11.4687,13.8048
2019/6/5 12:25,108.2470,121.6190,137.4490,75.4890,71.6890,80.7450,108.9450,18.8627,7.2780,5.5466,12.4082,11.4708,13.8061
2019/6/5 12:26,108.2580,121.6320,137.4630,75.4970,71.6970,80.7530,108.9610,18.8798,7.2800,5.5435,12.4127,11.4716,13.8075
2019/6/5 12:27,108.2350,121.6280,137.4740,75.4870,71.6920,80.7340,108.9460,18.8764,7.2800,5.5428,12.4119,11.4708,13.8046
2019/6/5 12:28,108.2330,121.6260,137.4300,75.4800,71.6870,80.7270,108.9450,18.8752,7.2800,5.5393,12.4111,11.4697,13.8043
2019/6/5 12:29,108.2310,121.6280,137.4600,75.4860,71.6900,80.7270,108.9430,18.8753,7.2800,5.5394,12.4112,11.4697,13.8040
2019/6/5 12:30,108.2240,121.6210,137.4510,75.4660,71.6700,80.7070,108.9450,18.8605,7.2750,5.5403,12.4095,11.4686,13.8031
2019/6/5 12:31,108.2340,121.6370,137.4600,75.4700,71.6780,80.7210,108.9440,18.8644,7.2810,5.5475,12.4106,11.4707,13.8045
2019/6/5 12:32,108.2310,121.6330,137.4500,75.4600,71.6670,80.7100,108.9390,18.8711,7.2800,5.5452,12.4090,11.4702,13.8041
2019/6/5 12:33,108.2220,121.6300,137.4480,75.4570,71.6600,80.7050,108.9380,18.8692,7.2790,5.5444,12.4080,11.4702,13.8030
2019/6/5 12:34,108.2220,121.6250,137.4290,75.4520,71.6580,80.6930,108.9440,18.8670,7.2790,5.5403,12.4051,11.4695,13.8030
2019/6/5 12:35,108.2260,121.6390,137.4410,75.4530,71.6590,80.6860,108.9500,18.8728,7.2830,5.5413,12.4064,11.4704,13.8035
2019/6/5 12:36,108.2360,121.6570,137.4730,75.4680,71.6740,80.7000,108.9560,18.8736,7.2830,5.5423,12.4096,11.4706,13.8048
2019/6/5 12:37,108.2480,121.6570,137.4680,75.4670,71.6740,80.7020,108.9530,18.8809,7.2820,5.5471,12.4096,11.4716,13.8062
2019/6/5 12:38,108.2390,121.6450,137.4600,75.4610,71.6690,80.6960,108.9550,18.8757,7.2820,5.5486,12.4081,11.4690,13.8051
2019/6/5 12:39,108.2580,121.6590,137.4830,75.4610,71.6680,80.7080,108.9640,18.8785,7.2840,5.5496,12.4096,11.4708,13.8075
2019/6/5 12:40,108.2590,121.6650,137.4900,75.4650,71.6740,80.7160,108.9620,18.8799,7.2830,5.5476,12.4112,11.4721,13.8076
2019/6/5 12:41,108.2710,121.6780,137.4910,75.4710,71.6800,80.7200,108.9640,18.8824,7.2830,5.5494,12.4133,11.4737,13.8092
2019/6/5 12:42,108.2610,121.6770,137.4790,75.4660,71.6770,80.7130,108.9620,18.8804,7.2820,5.5534,12.4126,11.4744,13.8079
2019/6/5 12:43,108.2710,121.6750,137.4880,75.4750,71.6830,80.7210,108.9870,18.8733,7.2850,5.5621,12.4125,11.4751,13.8091
2019/6/5 12:44,108.2950,121.6920,137.5050,75.4880,71.6940,80.7390,108.9920,18.8840,7.2860,5.5626,12.4149,11.4770,13.8123
2019/6/5 12:45,108.3070,121.6830,137.4870,75.4750,71.6880,80.7420,108.9780,18.8841,7.2860,5.5578,12.4137,11.4716,13.8138
2019/6/5 12:46,108.2990,121.6830,137.4800,75.4710,71.6880,80.7360,108.9650,18.8837,7.2860,5.5568,12.4135,11.4710,13.8128
2019/6/5 12:47,108.3390,121.7000,137.4350,75.4920,71.6970,80.7540,108.9820,18.8916,7.2880,5.5583,12.4148,11.4741,13.8178
2019/6/5 12:48,108.3360,121.7090,137.4690,75.4910,71.6960,80.7630,108.9890,18.8927,7.2900,5.5581,12.4142,11.4737,13.8173
2019/6/5 12:49,108.3310,121.6850,137.4380,75.4870,71.6920,80.7590,108.9720,18.8931,7.2900,5.5578,12.4102,11.4716,13.8167
2019/6/5 12:50,108.3290,121.6830,137.4560,75.4850,71.6880,80.7580,108.9700,18.8915,7.2910,5.5576,12.4102,11.4716,13.8164
2019/6/5 12:51,108.3310,121.6890,137.4480,75.4860,71.6880,80.7560,108.9790,18.8898,7.2900,5.5569,12.4106,11.4720,13.8167
2019/6/5 12:52,108.3250,121.6850,137.4380,75.4840,71.6850,80.7470,108.9820,18.8898,7.2900,5.5566,12.4101,11.4712,13.8159
2019/6/5 12:53,108.3280,121.7030,137.4500,75.4960,71.6960,80.7560,109.0050,18.8910,7.2920,5.5577,12.4122,11.4719,13.8164
2019/6/5 12:54,108.3370,121.7140,137.4740,75.5030,71.7060,80.7600,109.0060,18.8916,7.2940,5.5582,12.4128,11.4748,13.8175
2019/6/5 12:55,108.3380,121.7180,137.4790,75.5040,71.7150,80.7640,109.0050,18.8896,7.2950,5.5609,12.4133,11.4753,13.8177
2019/6/5 12:56,108.3270,121.7150,137.4890,75.5060,71.7060,80.7560,108.9980,18.8896,7.2940,5.5582,12.4143,11.4751,13.8162
2019/6/5 12:57,108.3250,121.7130,137.4750,75.5050,71.7070,80.7490,108.9910,18.8910,7.2930,5.5576,12.4137,11.4753,13.8161
2019/6/5 12:58,108.3290,121.7160,137.4860,75.5070,71.7090,80.7540,108.9940,18.8885,7.2940,5.5580,12.4135,11.4754,13.8165
2019/6/5 12:59,108.3220,121.7020,137.4660,75.4930,71.7070,80.7350,109.0060,18.8853,7.2930,5.5478,12.4097,11.4732,13.8157
2019/6/5 13:00,108.3480,121.7230,137.4890,75.5150,71.7220,80.7710,109.0290,18.8909,7.2970,5.5549,12.4133,11.4762,13.8191
2019/6/5 13:01,108.3390,121.7120,137.4910,75.5050,71.7170,80.7690,109.0080,18.8938,7.2960,5.5572,12.4121,11.4750,13.8179
2019/6/5 13:02,108.3440,121.7200,137.5100,75.5160,71.7220,80.7760,109.0030,18.9005,7.2980,5.5564,12.4132,11.4758,13.8185
2019/6/5 13:03,108.3440,121.7160,137.5000,75.5080,71.7190,80.7750,108.9990,18.9357,7.2960,5.5552,12.4140,11.4773,13.8185
2019/6/5 13:04,108.3460,121.7240,137.5070,75.5130,71.7190,80.7760,109.0210,18.9157,7.2930,5.5554,12.4150,11.4785,13.8188
2019/6/5 13:05,108.3560,121.7290,137.5300,75.5140,71.7180,80.7910,109.0130,18.9316,7.2950,5.5571,12.4169,11.4785,13.8200
2019/6/5 13:06,108.3460,121.7080,137.5060,75.5060,71.7070,80.7760,109.0030,18.9300,7.2930,5.5587,12.4128,11.4768,13.8187
2019/6/5 13:07,108.3590,121.7160,137.5130,75.5100,71.7030,80.7870,108.9840,18.9307,7.2930,5.5616,12.4130,11.4791,13.8204
2019/6/5 13:08,108.3660,121.7240,137.5050,75.5110,71.7130,80.7950,108.9850,18.9320,7.2960,5.5597,12.4139,11.4799,13.8213
2019/6/5 13:09,108.3580,121.7130,137.4970,75.5060,71.7070,80.7880,108.9810,18.9189,7.2960,5.5596,12.4122,11.4791,13.8203
2019/6/5 13:10,108.3630,121.7090,137.4960,75.5050,71.7080,80.7950,108.9820,18.9292,7.2960,5.5598,12.4125,11.4789,13.8209
2019/6/5 13:11,108.3650,121.7110,137.5130,75.5090,71.7130,80.7970,108.9830,18.9186,7.2970,5.5582,12.4121,11.4791,13.8212
2019/6/5 13:12,108.3610,121.7160,137.5170,75.5090,71.7180,80.7930,108.9840,18.9188,7.2960,5.5588,12.4128,11.4795,13.8207
2019/6/5 13:13,108.3430,121.7170,137.4950,75.5010,71.7150,80.7840,108.9850,18.9123,7.2950,5.5586,12.4114,11.4793,13.8183
2019/6/5 13:14,108.3330,121.7020,137.4820,75.4880,71.7050,80.7730,108.9880,18.9166,7.2940,5.5551,12.4098,11.4775,13.8171
2019/6/5 13:15,108.3330,121.6980,137.4800,75.4880,71.7020,80.7620,108.9860,18.9098,7.2950,5.5569,12.4096,11.4773,13.8171
2019/6/5 13:16,108.3410,121.7180,137.5030,75.4980,71.7080,80.7750,108.9970,18.9162,7.2950,5.5541,12.4114,11.4788,13.8181
2019/6/5 13:17,108.3390,121.7250,137.4920,75.5010,71.7110,80.7710,108.9880,18.9223,7.2930,5.5572,12.4121,11.4794,13.8179
2019/6/5 13:18,108.3410,121.7180,137.4800,75.4940,71.7050,80.7660,108.9780,18.9247,7.2940,5.5586,12.4116,11.4790,13.8181
2019/6/5 13:19,108.3340,121.7200,137.4950,75.5000,71.7120,80.7670,108.9790,18.9154,7.2930,5.5605,12.4115,11.4792,13.8172
2019/6/5 13:20,108.3480,121.7290,137.5240,75.5090,71.7200,80.7770,108.9900,18.9155,7.2940,5.5610,12.4136,11.4827,13.8190
2019/6/5 13:21,108.3450,121.7170,137.5200,75.5050,71.7190,80.7760,108.9830,18.9259,7.2940,5.5617,12.4123,11.4811,13.8186
2019/6/5 13:22,108.3450,121.7030,137.5090,75.5070,71.7220,80.7780,108.9840,18.9230,7.2950,5.5619,12.4128,11.4799,13.8187
2019/6/5 13:23,108.3530,121.7080,137.5090,75.5110,71.7240,80.7880,108.9880,18.9242,7.2950,5.5560,12.4135,11.4803,13.8197
2019/6/5 13:24,108.3550,121.7110,137.5110,75.5140,71.7270,80.7820,108.9940,18.9315,7.2940,5.5554,12.4136,11.4805,13.8199
2019/6/5 13:25,108.3540,121.7100,137.5210,75.5140,71.7270,80.7820,108.9960,18.9293,7.2940,5.5553,12.4135,11.4800,13.8198
2019/6/5 13:26,108.3370,121.7040,137.5120,75.5120,71.7170,80.7700,108.9930,18.9164,7.2940,5.5527,12.4124,11.4795,13.8176
2019/6/5 13:27,108.3130,121.6820,137.4960,75.4940,71.7110,80.7530,108.9850,18.9237,7.2920,5.5525,12.4100,11.4767,13.8146
2019/6/5 13:28,108.3310,121.6900,137.5120,75.5110,71.7170,80.7660,108.9910,18.9259,7.2930,5.5536,12.4110,11.4778,13.8169
2019/6/5 13:29,108.3290,121.6860,137.5100,75.5090,71.7120,80.7590,108.9890,18.9253,7.2930,5.5521,12.4109,11.4782,13.8166
2019/6/5 13:30,108.3170,121.6910,137.5080,75.5020,71.7100,80.7450,108.9820,18.9231,7.2910,5.5524,12.4114,11.4769,13.8150
2019/6/5 13:31,108.3110,121.6790,137.4980,75.4970,71.6970,80.7380,108.9670,18.9222,7.2910,5.5510,12.4099,11.4767,13.8142
2019/6/5 13:32,108.3070,121.6790,137.4960,75.4900,71.6930,80.7310,108.9650,18.9233,7.2910,5.5492,12.4099,11.4767,13.8137
2019/6/5 13:33,108.3040,121.6800,137.4980,75.4910,71.6920,80.7330,108.9700,18.9226,7.2910,5.5486,12.4091,11.4766,13.8134
2019/6/5 13:34,108.3160,121.6900,137.5280,75.5120,71.7050,80.7440,108.9810,18.9241,7.2910,5.5513,12.4101,11.4776,13.8149
2019/6/5 13:35,108.3100,121.6840,137.4850,75.5090,71.7040,80.7380,108.9720,18.9234,7.2930,5.5491,12.4105,11.4776,13.8141
2019/6/5 13:36,108.3220,121.6880,137.5010,75.5120,71.7050,80.7520,108.9640,18.9254,7.2940,5.5499,12.4111,11.4780,13.8156
2019/6/5 13:37,108.3200,121.6840,137.5050,75.5080,71.7040,80.7530,108.9660,18.9283,7.2950,5.5522,12.4128,11.4775,13.8154
2019/6/5 13:38,108.3430,121.7060,137.5300,75.5220,71.7180,80.7850,108.9800,18.9208,7.2960,5.5525,12.4159,11.4797,13.8183
2019/6/5 13:39,108.3390,121.7010,137.5210,75.5140,71.7050,80.7780,108.9770,18.9011,7.2950,5.5510,12.4152,11.4789,13.8173
2019/6/5 13:40,108.3370,121.6980,137.5070,75.5100,71.7040,80.7700,108.9740,18.9103,7.2940,5.5526,12.4150,11.4794,13.8172
2019/6/5 13:41,108.3400,121.6980,137.5230,75.5210,71.7120,80.7750,108.9640,18.9129,7.2950,5.5526,12.4161,11.4797,13.8176
2019/6/5 13:42,108.3400,121.6950,137.5320,75.5140,71.7060,80.7700,108.9620,18.9152,7.2940,5.5527,12.4155,11.4792,13.8176
2019/6/5 13:43,108.3340,121.6950,137.5260,75.5110,71.7030,80.7660,108.9580,18.9170,7.2950,5.5513,12.4150,11.4789,13.8168
2019/6/5 13:44,108.3320,121.6980,137.5230,75.5100,71.7040,80.7640,108.9610,18.9144,7.2930,5.5510,12.4145,11.4792,13.8166
2019/6/5 13:45,108.3270,121.6920,137.5150,75.5120,71.7060,80.7660,108.9540,18.9132,7.2930,5.5507,12.4146,11.4786,13.8158
2019/6/5 13:46,108.3290,121.6930,137.5180,75.5060,71.6980,80.7690,108.9600,18.8925,7.2930,5.5485,12.4142,11.4787,13.8160
2019/6/5 13:47,108.3350,121.6950,137.5160,75.5090,71.7010,80.7730,108.9590,18.8954,7.2910,5.5482,12.4118,11.4793,13.8169
2019/6/5 13:48,108.3340,121.6960,137.5290,75.5060,71.7030,80.7700,108.9600,18.9078,7.2920,5.5493,12.4122,11.4793,13.8165
2019/6/5 13:49,108.3400,121.6990,137.5270,75.5020,71.6930,80.7620,108.9570,18.9046,7.2920,5.5494,12.4130,11.4795,13.8170
2019/6/5 13:50,108.3470,121.7110,137.5340,75.5030,71.6980,80.7670,108.9710,18.9078,7.2920,5.5495,12.4127,11.4807,13.8179
2019/6/5 13:51,108.3580,121.7130,137.5250,75.5080,71.6960,80.7750,108.9710,18.9131,7.2920,5.5493,12.4130,11.4813,13.8193
2019/6/5 13:52,108.3620,121.7110,137.5440,75.5090,71.6970,80.7820,108.9720,18.9128,7.2930,5.5482,12.4134,11.4811,13.8198
2019/6/5 13:53,108.3650,121.7130,137.5430,75.5090,71.6990,80.7840,108.9770,18.9108,7.2920,5.5471,12.4138,11.4814,13.8202
2019/6/5 13:54,108.3600,121.7100,137.5270,75.5020,71.6980,80.7810,108.9830,18.9116,7.2900,5.5465,12.4133,11.4812,13.8195
2019/6/5 13:55,108.3390,121.6960,137.5350,75.4940,71.6950,80.7700,108.9750,18.9098,7.2900,5.5475,12.4115,11.4797,13.8168
2019/6/5 13:56,108.3560,121.7090,137.5520,75.5050,71.7040,80.7790,108.9840,18.9136,7.2900,5.5524,12.4136,11.4807,13.8190
2019/6/5 13:57,108.3530,121.7060,137.5500,75.5020,71.7010,80.7760,108.9890,18.9137,7.2920,5.5514,12.4125,11.4803,13.8185
2019/6/5 13:58,108.3460,121.6970,137.5650,75.5080,71.6980,80.7710,108.9750,18.9125,7.2910,5.5518,12.4116,11.4799,13.8175
2019/6/5 13:59,108.3460,121.7080,137.5830,75.5080,71.7080,80.7780,108.9730,18.9121,7.2900,5.5517,12.4147,11.4801,13.8171
2019/6/5 14:00,108.3370,121.6990,137.5950,75.5020,71.7030,80.7680,108.9750,18.9093,7.2890,5.5505,12.4128,11.4788,13.8160
2019/6/5 14:01,108.3410,121.7010,137.6110,75.5060,71.7040,80.7720,108.9680,18.9108,7.2910,5.5502,12.4129,11.4789,13.8163
2019/6/5 14:02,108.3360,121.6950,137.6150,75.5100,71.7020,80.7630,108.9630,18.9062,7.2910,5.5493,12.4125,11.4783,13.8159
2019/6/5 14:03,108.3350,121.6860,137.5800,75.5000,71.7000,80.7630,108.9480,18.8971,7.2910,5.5490,12.4107,11.4782,13.8158
2019/6/5 14:04,108.3400,121.6840,137.5870,75.5030,71.7030,80.7720,108.9440,18.9060,7.2900,5.5495,12.4116,11.4781,13.8164
2019/6/5 14:05,108.3460,121.6880,137.5970,75.5070,71.7000,80.7770,108.9460,18.9152,7.2910,5.5511,12.4120,11.4791,13.8172
2019/6/5 14:06,108.3450,121.6890,137.5950,75.5070,71.7070,80.7780,108.9510,18.9160,7.2910,5.5508,12.4120,11.4792,13.8170
2019/6/5 14:07,108.3460,121.7000,137.5980,75.5130,71.7120,80.7820,108.9550,18.9082,7.2920,5.5516,12.4146,11.4802,13.8172
2019/6/5 14:08,108.3460,121.7110,137.6100,75.5140,71.7130,80.7930,108.9620,18.9023,7.2910,5.5538,12.4158,11.4813,13.8172
2019/6/5 14:09,108.3610,121.7130,137.6170,75.5180,71.7200,80.8010,108.9640,18.9084,7.2920,5.5540,12.4162,11.4816,13.8190
2019/6/5 14:10,108.3580,121.7080,137.6100,75.5230,71.7190,80.8060,108.9610,18.9124,7.2910,5.5543,12.4158,11.4810,13.8187
2019/6/5 14:11,108.3530,121.7040,137.6050,75.5180,71.7160,80.8020,108.9560,18.9131,7.2910,5.5535,12.4150,11.4806,13.8180
2019/6/5 14:12,108.3670,121.7160,137.6230,75.5290,71.7250,80.8150,108.9610,18.9157,7.2930,5.5547,12.4172,11.4839,13.8198
2019/6/5 14:13,108.3640,121.7180,137.6190,75.5270,71.7230,80.8100,108.9640,18.9152,7.2910,5.5546,12.4177,11.4835,13.8194
2019/6/5 14:14,108.3650,121.7250,137.6250,75.5270,71.7240,80.8080,108.9680,18.9159,7.2910,5.5537,12.4182,11.4842,13.8195
2019/6/5 14:15,108.3680,121.7340,137.6260,75.5280,71.7260,80.8050,108.9790,18.9138,7.2900,5.5531,12.4192,11.4851,13.8203
2019/6/5 14:16,108.3770,121.7280,137.6140,75.5260,71.7260,80.8100,108.9700,18.9169,7.2900,5.5547,12.4185,11.4845,13.8215
2019/6/5 14:17,108.3860,121.7360,137.6280,75.5380,71.7330,80.8170,108.9770,18.9190,7.2900,5.5539,12.4193,11.4854,13.8226
2019/6/5 14:18,108.3860,121.7390,137.6130,75.5420,71.7430,80.8170,108.9830,18.9182,7.2920,5.5539,12.4186,11.4855,13.8226
2019/6/5 14:19,108.3820,121.7360,137.5960,75.5340,71.7340,80.8140,108.9780,18.9179,7.2910,5.5526,12.4183,11.4850,13.8221
2019/6/5 14:20,108.3780,121.7310,137.5770,75.5300,71.7320,80.8060,108.9790,18.9177,7.2910,5.5524,12.4167,11.4838,13.8216
2019/6/5 14:21,108.3680,121.7280,137.5940,75.5240,71.7280,80.7960,108.9720,18.9161,7.2890,5.5529,12.4171,11.4838,13.8204
2019/6/5 14:22,108.3750,121.7250,137.5910,75.5280,71.7340,80.8030,108.9690,18.9172,7.2900,5.5530,12.4160,11.4837,13.8212
2019/6/5 14:23,108.3770,121.7300,137.6030,75.5300,71.7320,80.8060,108.9730,18.9175,7.2900,5.5544,12.4168,11.4843,13.8215
2019/6/5 14:24,108.3720,121.7270,137.6030,75.5260,71.7300,80.7960,108.9780,18.9181,7.2900,5.5543,12.4163,11.4839,13.8208
2019/6/5 14:25,108.3760,121.7260,137.5880,75.5230,71.7310,80.7880,108.9840,18.9173,7.2900,5.5540,12.4159,11.4839,13.8213
2019/6/5 14:26,108.3680,121.7330,137.5850,75.5210,71.7300,80.7810,108.9940,18.9163,7.2890,5.5533,12.4142,11.4838,13.8204
2019/6/5 14:27,108.3690,121.7270,137.5940,75.5180,71.7280,80.7770,109.0060,18.9157,7.2890,5.5535,12.4127,11.4831,13.8204
2019/6/5 14:28,108.3840,121.7300,137.6080,75.5210,71.7260,80.7820,109.0070,18.9187,7.2900,5.5539,12.4122,11.4824,13.8224
2019/6/5 14:29,108.3760,121.7330,137.5940,75.5160,71.7260,80.7650,109.0220,18.9155,7.2900,5.5542,12.4121,11.4825,13.8214
2019/6/5 14:30,108.3740,121.7350,137.6010,75.5180,71.7320,80.7690,109.0240,18.9167,7.2880,5.5533,12.4127,11.4836,13.8212
2019/6/5 14:31,108.3800,121.7440,137.6190,75.5220,71.7360,80.7780,109.0300,18.9180,7.2890,5.5528,12.4158,11.4843,13.8219
2019/6/5 14:32,108.3770,121.7370,137.6150,75.5170,71.7340,80.7720,109.0260,18.9165,7.2890,5.5535,12.4138,11.4832,13.8215
2019/6/5 14:33,108.3860,121.7380,137.6160,75.5180,71.7230,80.7770,109.0280,18.9190,7.2890,5.5539,12.4140,11.4834,13.8227
2019/6/5 14:34,108.3760,121.7310,137.6250,75.5140,71.7340,80.7640,109.0220,18.9173,7.2880,5.5532,12.4130,11.4828,13.8214
2019/6/5 14:35,108.3860,121.7350,137.6240,75.5150,71.7290,80.7730,109.0260,18.9187,7.2890,5.5529,12.4142,11.4832,13.8226
2019/6/5 14:36,108.4010,121.7450,137.6250,75.5170,71.7280,80.7730,109.0270,18.9145,7.2890,5.5535,12.4161,11.4840,13.8245
2019/6/5 14:37,108.4110,121.7510,137.6300,75.5280,71.7350,80.7820,109.0280,18.9178,7.2900,5.5540,12.4164,11.4845,13.8258
2019/6/5 14:38,108.4340,121.7510,137.6460,75.5350,71.7390,80.7860,109.0300,18.9245,7.2900,5.5544,12.4166,11.4845,13.8288
2019/6/5 14:39,108.4440,121.7180,137.6340,75.5280,71.7200,80.7830,109.0150,18.9158,7.2880,5.5522,12.4138,11.4824,13.8301
2019/6/5 14:40,108.4720,121.7230,137.6550,75.5310,71.7240,80.7980,109.0200,18.9168,7.2910,5.5530,12.4150,11.4834,13.8336
2019/6/5 14:41,108.4720,121.7130,137.6460,75.5260,71.7280,80.8000,109.0160,18.9182,7.2880,5.5537,12.4111,11.4854,13.8336
2019/6/5 14:42,108.4750,121.7220,137.6420,75.5290,71.7220,80.8100,109.0180,18.9287,7.2870,5.5537,12.4124,11.4840,13.8339
2019/6/5 14:43,108.4810,121.7330,137.6600,75.5410,71.7440,80.8270,109.0240,18.9267,7.2890,5.5565,12.4171,11.4887,13.8347
2019/6/5 14:44,108.4760,121.7310,137.6360,75.5380,71.7400,80.8230,109.0260,18.9187,7.2870,5.5530,12.4163,11.4885,13.8341
2019/6/5 14:45,108.4650,121.7400,137.6370,75.5440,71.7440,80.8110,109.0300,18.9145,7.2830,5.5529,12.4166,11.4894,13.8327
2019/6/5 14:46,108.4700,121.7480,137.6400,75.5450,71.7460,80.8200,109.0310,18.9188,7.2830,5.5538,12.4161,11.4902,13.8333
2019/6/5 14:47,108.4690,121.7430,137.6300,75.5430,71.7430,80.8170,109.0190,18.9182,7.2840,5.5538,12.4158,11.4903,13.8331
2019/6/5 14:48,108.4700,121.7490,137.6370,75.5450,71.7470,80.8160,109.0290,18.9159,7.2830,5.5538,12.4146,11.4902,13.8332
2019/6/5 14:49,108.4670,121.7470,137.6260,75.5360,71.7410,80.8080,109.0260,18.9172,7.2810,5.5527,12.4139,11.4902,13.8327
2019/6/5 14:50,108.4670,121.7570,137.6320,75.5370,71.7460,80.8050,109.0560,18.9193,7.2810,5.5526,12.4145,11.4913,13.8327
2019/6/5 14:51,108.4600,121.7560,137.6320,75.5390,71.7420,80.7960,109.0570,18.9170,7.2810,5.5523,12.4143,11.4906,13.8318
2019/6/5 14:52,108.4700,121.7680,137.6470,75.5390,71.7390,80.7930,109.0580,18.9199,7.2820,5.5560,12.4168,11.4920,13.8331
2019/6/5 14:53,108.4630,121.7660,137.6590,75.5380,71.7390,80.7860,109.0650,18.9173,7.2830,5.5557,12.4155,11.4912,13.8322
2019/6/5 14:54,108.4550,121.7720,137.6580,75.5400,71.7360,80.7920,109.0670,18.9174,7.2850,5.5574,12.4171,11.4912,13.8311
2019/6/5 14:55,108.4270,121.7610,137.6510,75.5310,71.7300,80.7740,109.0590,18.9129,7.2840,5.5543,12.4143,11.4895,13.8276
2019/6/5 14:56,108.4160,121.7330,137.6240,75.5230,71.7210,80.7640,109.0420,18.9101,7.2820,5.5529,12.4112,11.4868,13.8261
2019/6/5 14:57,108.4230,121.7220,137.6320,75.5240,71.7160,80.7780,109.0310,18.9225,7.2830,5.5523,12.4098,11.4865,13.8270
2019/6/5 14:58,108.4160,121.7400,137.6320,75.5340,71.7320,80.7810,109.0510,18.9104,7.2840,5.5532,12.4134,11.4867,13.8261
2019/6/5 14:59,108.4170,121.7090,137.6020,75.5140,71.7270,80.7600,109.0330,18.9125,7.2830,5.5532,12.4101,11.4844,13.8262
2019/6/5 15:00,108.4070,121.7230,137.6110,75.5180,71.7100,80.7680,109.0350,18.9109,7.2830,5.5515,12.4111,11.4854,13.8250
2019/6/5 15:01,108.4100,121.7300,137.6270,75.5200,71.7100,80.7700,109.0400,18.9144,7.2840,5.5520,12.4112,11.4875,13.8253
2019/6/5 15:02,108.4040,121.7240,137.6070,75.5180,71.7150,80.7720,109.0240,18.9123,7.2810,5.5480,12.4108,11.4863,13.8245
2019/6/5 15:03,108.3880,121.7100,137.5940,75.5070,71.7040,80.7580,109.0190,18.9140,7.2800,5.5464,12.4088,11.4844,13.8225
2019/6/5 15:04,108.3760,121.7010,137.5820,75.5080,71.6970,80.7490,109.0160,18.9101,7.2790,5.5458,12.4068,11.4837,13.8210
2019/6/5 15:05,108.3870,121.7190,137.6020,75.5150,71.7050,80.7590,109.0410,18.9147,7.2800,5.5464,12.4086,11.4854,13.8224
2019/6/5 15:06,108.3810,121.7120,137.5920,75.5120,71.7050,80.7530,109.0350,18.9082,7.2790,5.5446,12.4066,11.4846,13.8216
2019/6/5 15:07,108.3750,121.6980,137.5800,75.4980,71.6890,80.7440,109.0320,18.9059,7.2780,5.5443,12.4023,11.4831,13.8208
2019/6/5 15:08,108.3800,121.6900,137.5840,75.4980,71.6950,80.7360,109.0360,18.9100,7.2780,5.5446,12.4018,11.4826,13.8215
2019/6/5 15:09,108.3730,121.6910,137.5680,75.4970,71.6950,80.7320,109.0390,18.8980,7.2780,5.5456,12.3982,11.4806,13.8206
2019/6/5 15:10,108.3800,121.6960,137.5820,75.5000,71.6920,80.7400,109.0460,18.9126,7.2790,5.5439,12.3992,11.4815,13.8215
2019/6/5 15:11,108.3890,121.7010,137.5760,75.5050,71.6980,80.7460,109.0400,18.9093,7.2790,5.5442,12.3996,11.4823,13.8226
2019/6/5 15:12,108.3810,121.6820,137.5680,75.5010,71.6920,80.7380,109.0300,18.9101,7.2790,5.5439,12.3976,11.4808,13.8220
2019/6/5 15:13,108.3790,121.6800,137.5630,75.5000,71.6890,80.7350,109.0310,18.9124,7.2790,5.5433,12.3975,11.4803,13.8218
2019/6/5 15:14,108.3780,121.6800,137.5640,75.5010,71.6890,80.7340,109.0290,18.9118,7.2790,5.5433,12.3973,11.4811,13.8216
2019/6/5 15:15,108.3790,121.6790,137.5600,75.5010,71.6900,80.7330,109.0280,18.9116,7.2790,5.5427,12.3970,11.4816,13.8217
2019/6/5 15:16,108.3850,121.6760,137.5650,75.5020,71.6930,80.7380,109.0210,18.9124,7.2780,5.5437,12.3967,11.4814,13.8222
2019/6/5 15:17,108.3920,121.6700,137.5480,75.4990,71.6900,80.7430,109.0290,18.9144,7.2790,5.5421,12.3960,11.4812,13.8234
2019/6/5 15:18,108.3890,121.6670,137.5490,75.4970,71.6860,80.7430,109.0290,18.9063,7.2770,5.5423,12.3958,11.4810,13.8229
2019/6/5 15:19,108.3870,121.6690,137.5510,75.4940,71.6850,80.7410,109.0350,18.8988,7.2760,5.5422,12.3959,11.4822,13.8227
2019/6/5 15:20,108.4010,121.6670,137.5560,75.5020,71.6840,80.7500,109.0320,18.9021,7.2770,5.5423,12.3953,11.4814,13.8245
2019/6/5 15:21,108.3930,121.6510,137.5460,75.4910,71.6770,80.7460,109.0220,18.9012,7.2760,5.5411,12.3928,11.4795,13.8236
2019/6/5 15:22,108.4170,121.6650,137.5740,75.5050,71.6910,80.7630,109.0290,18.9095,7.2780,5.5408,12.3950,11.4809,13.8266
2019/6/5 15:23,108.4350,121.6720,137.5690,75.5050,71.6960,80.7720,109.0220,18.9130,7.2770,5.5422,12.3969,11.4817,13.8286
2019/6/5 15:24,108.4230,121.6750,137.5760,75.5070,71.6940,80.7680,109.0300,18.9122,7.2780,5.5422,12.4002,11.4830,13.8271
2019/6/5 15:25,108.4470,121.6990,137.6030,75.5260,71.7100,80.7910,109.0470,18.9163,7.2810,5.5434,12.4022,11.4852,13.8301
2019/6/5 15:26,108.4400,121.6880,137.5980,75.5200,71.6990,80.7850,109.0350,18.9165,7.2800,5.5426,12.4018,11.4847,13.8292
2019/6/5 15:27,108.4230,121.6700,137.5740,75.5100,71.6880,80.7740,109.0190,18.9159,7.2790,5.5405,12.4008,11.4830,13.8270
2019/6/5 15:28,108.4220,121.6680,137.5730,75.5040,71.6850,80.7700,109.0150,18.8938,7.2750,5.5406,12.3988,11.4829,13.8269
2019/6/5 15:29,108.4180,121.6690,137.5790,75.5060,71.6910,80.7700,109.0090,18.8937,7.2760,5.5413,12.3990,11.4829,13.8263
2019/6/5 15:30,108.3970,121.6530,137.5690,75.4910,71.6800,80.7480,109.0000,18.8988,7.2740,5.5323,12.3976,11.4806,13.8236
2019/6/5 15:31,108.3630,121.6130,137.5230,75.4660,71.6550,80.7090,108.9930,18.8875,7.2700,5.5275,12.3921,11.4766,13.8193
2019/6/5 15:32,108.3380,121.6030,137.5160,75.4600,71.6470,80.6890,108.9860,18.8811,7.2690,5.5220,12.3918,11.4759,13.8161
2019/6/5 15:33,108.3370,121.6130,137.5070,75.4580,71.6420,80.6800,108.9890,18.8812,7.2700,5.5155,12.3919,11.4752,13.8160
2019/6/5 15:34,108.3370,121.6040,137.4960,75.4600,71.6410,80.6790,108.9870,18.8819,7.2740,5.5149,12.3914,11.4749,13.8160
2019/6/5 15:35,108.3100,121.5960,137.4870,75.4570,71.6450,80.6670,108.9780,18.8766,7.2720,5.5213,12.3903,11.4736,13.8125
2019/6/5 15:36,108.3220,121.6070,137.5040,75.4600,71.6530,80.6760,109.0010,18.8792,7.2730,5.5224,12.3919,11.4750,13.8141
2019/6/5 15:37,108.3160,121.6000,137.4960,75.4580,71.6480,80.6720,109.0000,18.8779,7.2720,5.5205,12.3904,11.4741,13.8133
2019/6/5 15:38,108.3430,121.6200,137.5200,75.4730,71.6680,80.6900,109.0160,18.8823,7.2730,5.5203,12.3930,11.4764,13.8168
2019/6/5 15:39,108.3420,121.6300,137.5240,75.4720,71.6660,80.6950,109.0200,18.8824,7.2730,5.5245,12.3926,11.4771,13.8166
2019/6/5 15:40,108.3510,121.6350,137.5290,75.4770,71.6600,80.7040,109.0230,18.8858,7.2740,5.5233,12.3930,11.4775,13.8178
2019/6/5 15:41,108.3560,121.6400,137.5360,75.4790,71.6720,80.7170,109.0160,18.8867,7.2750,5.5264,12.3926,11.4779,13.8184
2019/6/5 15:42,108.3610,121.6390,137.5410,75.4850,71.6770,80.7210,109.0140,18.8875,7.2760,5.5279,12.3925,11.4779,13.8190
2019/6/5 15:43,108.3470,121.6310,137.5380,75.4830,71.6750,80.7100,108.9980,18.8851,7.2760,5.5276,12.3917,11.4769,13.8172
2019/6/5 15:44,108.3710,121.6460,137.5500,75.4950,71.6840,80.7250,109.0100,18.8893,7.2770,5.5292,12.3938,11.4787,13.8203
2019/6/5 15:45,108.3700,121.6620,137.5660,75.5040,71.6960,80.7300,109.0170,18.8891,7.2770,5.5300,12.3950,11.4796,13.8201
2019/6/5 15:46,108.3690,121.6490,137.5510,75.5000,71.6930,80.7280,109.0090,18.8935,7.2760,5.5301,12.3939,11.4784,13.8201
2019/6/5 15:47,108.3730,121.6540,137.5450,75.5000,71.6980,80.7300,109.0140,18.8947,7.2760,5.5303,12.3946,11.4790,13.8206
2019/6/5 15:48,108.3720,121.6520,137.5430,75.4980,71.6950,80.7280,109.0110,18.8950,7.2770,5.5304,12.3955,11.4791,13.8205
2019/6/5 15:49,108.3720,121.6580,137.5530,75.5010,71.6890,80.7290,109.0150,18.8934,7.2760,5.5293,12.3966,11.4798,13.8205
2019/6/5 15:50,108.3790,121.6580,137.5570,75.5060,71.6900,80.7360,109.0100,18.8957,7.2750,5.5307,12.3976,11.4798,13.8214
2019/6/5 15:51,108.3940,121.6790,137.5680,75.5240,71.7000,80.7590,109.0210,18.8986,7.2760,5.5346,12.4000,11.4815,13.8233
2019/6/5 15:52,108.4040,121.6760,137.5710,75.5260,71.7050,80.7670,109.0180,18.8997,7.2770,5.5350,12.4017,11.4816,13.8246
2019/6/5 15:53,108.4120,121.6770,137.5690,75.5290,71.7090,80.7700,109.0190,18.8997,7.2820,5.5359,12.4011,11.4818,13.8256
2019/6/5 15:54,108.4080,121.6760,137.5660,75.5280,71.7070,80.7730,109.0080,18.8947,7.2810,5.5357,12.4016,11.4820,13.8251
2019/6/5 15:55,108.4180,121.6890,137.5700,75.5450,71.7130,80.7760,109.0230,18.9030,7.2860,5.5374,12.4029,11.4832,13.8264
2019/6/5 15:56,108.4190,121.6920,137.5660,75.5340,71.7070,80.7670,109.0210,18.9172,7.2810,5.5364,12.4027,11.4833,13.8265
2019/6/5 15:57,108.4330,121.7020,137.5670,75.5500,71.7150,80.7800,109.0240,18.9210,7.2830,5.5381,12.4045,11.4842,13.8278
2019/6/5 15:58,108.4310,121.6930,137.5590,75.5460,71.7140,80.7760,109.0140,18.9217,7.2840,5.5386,12.4037,11.4840,13.8275
2019/6/5 15:59,108.4310,121.7060,137.5640,75.5550,71.7180,80.7850,109.0270,18.9056,7.2890,5.5382,12.4048,11.4849,13.8275
2019/6/5 16:00,108.4250,121.6980,137.5640,75.5490,71.7170,80.7860,109.0230,18.9184,7.2910,5.5380,12.4050,11.4844,13.8271
2019/6/5 16:01,108.4250,121.6920,137.5590,75.5460,71.7160,80.7860,109.0230,18.9226,7.2920,5.5376,12.4083,11.4858,13.8268
2019/6/5 16:02,108.4240,121.6970,137.5600,75.5510,71.7180,80.7870,109.0370,18.9217,7.2920,5.5374,12.4089,11.4865,13.8269
2019/6/5 16:03,108.4260,121.6930,137.5620,75.5480,71.7100,80.7890,109.0310,18.9158,7.2940,5.5374,12.4084,11.4859,13.8271
2019/6/5 16:04,108.4240,121.6790,137.5570,75.5400,71.7080,80.7860,109.0270,18.9209,7.2930,5.5361,12.4095,11.4844,13.8268
2019/6/5 16:05,108.4230,121.6780,137.5500,75.5370,71.7070,80.7850,109.0250,18.9202,7.2930,5.5341,12.4091,11.4844,13.8267
2019/6/5 16:06,108.4240,121.6990,137.5640,75.5370,71.7090,80.7810,109.0270,18.9240,7.2920,5.5346,12.4111,11.4862,13.8268
2019/6/5 16:07,108.4240,121.6980,137.5570,75.5360,71.7100,80.7810,109.0300,18.9254,7.2950,5.5344,12.4087,11.4862,13.8268
2019/6/5 16:08,108.4250,121.6980,137.5580,75.5350,71.7100,80.7800,109.0300,18.9247,7.2930,5.5344,12.4094,11.4867,13.8269
2019/6/5 16:09,108.4270,121.7020,137.5600,75.5380,71.7110,80.7850,109.0350,18.9256,7.2920,5.5345,12.4092,11.4870,13.8272
2019/6/5 16:10,108.4300,121.7090,137.5630,75.5410,71.7130,80.7880,109.0420,18.9262,7.2920,5.5349,12.4147,11.4879,13.8276
2019/6/5 16:11,108.4240,121.7060,137.5490,75.5390,71.7160,80.7830,109.0390,18.9200,7.2920,5.5342,12.4140,11.4874,13.8268
2019/6/5 16:12,108.4250,121.7090,137.5510,75.5470,71.7170,80.7860,109.0460,18.9202,7.2930,5.5344,12.4133,11.4876,13.8269
2019/6/5 16:13,108.4310,121.7190,137.5620,75.5590,71.7210,80.7900,109.0500,18.9283,7.2930,5.5353,12.4145,11.4883,13.8277
2019/6/5 16:14,108.4310,121.7210,137.5690,75.5670,71.7250,80.7910,109.0490,18.9281,7.2930,5.5353,12.4146,11.4888,13.8277
2019/6/5 16:15,108.4340,121.7240,137.5710,75.5680,71.7290,80.7940,109.0520,18.9301,7.2940,5.5357,12.4130,11.4887,13.8280
2019/6/5 16:16,108.4340,121.7210,137.5700,75.5580,71.7230,80.7920,109.0510,18.9292,7.2950,5.5356,12.4125,11.4883,13.8280
2019/6/5 16:17,108.4360,121.7180,137.5840,75.5600,71.7240,80.7940,109.0480,18.9275,7.2940,5.5357,12.4120,11.4880,13.8282
2019/6/5 16:18,108.4380,121.7190,137.5780,75.5620,71.7250,80.7960,109.0450,18.9221,7.2950,5.5358,12.4119,11.4880,13.8285
2019/6/5 16:19,108.4440,121.7270,137.5860,75.5690,71.7290,80.7970,109.0540,18.9284,7.2950,5.5361,12.4129,11.4889,13.8293
2019/6/5 16:20,108.4300,121.7180,137.5700,75.5600,71.7200,80.7890,109.0460,18.9219,7.2930,5.5354,12.4121,11.4880,13.8275
2019/6/5 16:21,108.4180,121.7010,137.5530,75.5520,71.7140,80.7800,109.0340,18.9213,7.2920,5.5341,12.4115,11.4864,13.8260
2019/6/5 16:22,108.4310,121.7090,137.5660,75.5590,71.7210,80.7920,109.0420,18.9252,7.2930,5.5347,12.4126,11.4875,13.8276
2019/6/5 16:23,108.4330,121.7050,137.5660,75.5600,71.7230,80.7950,109.0410,18.9068,7.2940,5.5341,12.4123,11.4870,13.8280
2019/6/5 16:24,108.4310,121.7040,137.5630,75.5590,71.7230,80.7990,109.0380,18.9221,7.2940,5.5342,12.4120,11.4876,13.8276
2019/6/5 16:25,108.4270,121.7000,137.5600,75.5560,71.7200,80.7960,109.0350,18.9140,7.2910,5.5344,12.4114,11.4863,13.8272
2019/6/5 16:26,108.4260,121.6990,137.5580,75.5640,71.7270,80.7950,109.0390,18.9138,7.2910,5.5349,12.4115,11.4864,13.8271
2019/6/5 16:27,108.4250,121.7020,137.5580,75.5640,71.7280,80.7980,109.0380,18.9148,7.2910,5.5348,12.4122,11.4868,13.8269
2019/6/5 16:28,108.4280,121.7070,137.5630,75.5670,71.7300,80.8040,109.0430,18.9157,7.2910,5.5351,12.4128,11.4872,13.8273
2019/6/5 16:29,108.4270,121.7050,137.5590,75.5630,71.7300,80.8050,109.0420,18.9217,7.2910,5.5350,12.4126,11.4870,13.8272
2019/6/5 16:30,108.4180,121.6950,137.5450,75.5580,71.7280,80.8010,109.0350,18.9207,7.2900,5.5360,12.4119,11.4858,13.8261
2019/6/5 16:31,108.4190,121.6950,137.5440,75.5570,71.7280,80.7990,109.0280,18.9208,7.2910,5.5364,12.4119,11.4857,13.8261
2019/6/5 16:32,108.4290,121.7070,137.5490,75.5630,71.7350,80.8070,109.0360,18.9241,7.2910,5.5375,12.4139,11.4870,13.8274
2019/6/5 16:33,108.4320,121.7100,137.5550,75.5660,71.7380,80.8040,109.0410,18.9187,7.2920,5.5384,12.4141,11.4871,13.8278
2019/6/5 16:34,108.4320,121.7020,137.5200,75.5640,71.7380,80.8000,109.0380,18.9186,7.2920,5.5391,12.4127,11.4864,13.8278
2019/6/5 16:35,108.4430,121.7130,137.5420,75.5700,71.7400,80.8100,109.0480,18.9193,7.2930,5.5418,12.4136,11.4874,13.8292
2019/6/5 16:36,108.4480,121.7180,137.5420,75.5740,71.7450,80.8150,109.0530,18.9321,7.2930,5.5412,12.4142,11.4879,13.8298
2019/6/5 16:37,108.4540,121.7290,137.5500,75.5790,71.7470,80.8200,109.0590,18.9336,7.2930,5.5414,12.4153,11.4890,13.8305
2019/6/5 16:38,108.4520,121.7280,137.5510,75.5840,71.7470,80.8220,109.0580,18.9290,7.2930,5.5414,12.4150,11.4888,13.8303
2019/6/5 16:39,108.4520,121.7280,137.5480,75.5830,71.7470,80.8220,109.0600,18.9341,7.2940,5.5444,12.4143,11.4888,13.8303
2019/6/5 16:40,108.4500,121.7190,137.5440,75.5800,71.7470,80.8260,109.0560,18.9251,7.2930,5.5442,12.4150,11.4884,13.8300
2019/6/5 16:41,108.4520,121.7230,137.5480,75.5830,71.7470,80.8240,109.0590,18.9356,7.2950,5.5435,12.4151,11.4885,13.8303
2019/6/5 16:42,108.4490,121.7150,137.5450,75.5790,71.7450,80.8210,109.0520,18.9299,7.2940,5.5433,12.4145,11.4879,13.8299
2019/6/5 16:43,108.4490,121.7120,137.5440,75.5780,71.7450,80.8210,109.0390,18.9323,7.2950,5.5434,12.4146,11.4877,13.8299
2019/6/5 16:44,108.4480,121.7100,137.5430,75.5750,71.7440,80.8190,109.0380,18.9334,7.2950,5.5429,12.4154,11.4879,13.8298
2019/6/5 16:45,108.4440,121.6990,137.5370,75.5720,71.7410,80.8140,109.0290,18.9321,7.2920,5.5423,12.4161,11.4869,13.8293
2019/6/5 16:46,108.4450,121.6990,137.5390,75.5730,71.7420,80.8130,109.0290,18.9230,7.2920,5.5412,12.4167,11.4872,13.8295
2019/6/5 16:47,108.4480,121.7010,137.5410,75.5770,71.7440,80.8060,109.0310,18.9314,7.2920,5.5413,12.4166,11.4875,13.8298
2019/6/5 16:48,108.4480,121.6980,137.5240,75.5760,71.7430,80.8080,109.0230,18.9328,7.2920,5.5409,12.4162,11.4869,13.8299
2019/6/5 16:49,108.4490,121.6970,137.5350,75.5780,71.7440,80.8080,109.0230,18.9326,7.2930,5.5406,12.4162,11.4868,13.8300
2019/6/5 16:50,108.4500,121.6830,137.5290,75.5700,71.7450,80.8070,109.0090,18.9396,7.2930,5.5410,12.4156,11.4857,13.8301
2019/6/5 16:51,108.4550,121.6940,137.5360,75.5710,71.7490,80.8030,109.0140,18.9451,7.2940,5.5421,12.4168,11.4871,13.8307
2019/6/5 16:52,108.4570,121.6960,137.5360,75.5730,71.7500,80.8070,109.0200,18.9291,7.2940,5.5432,12.4170,11.4872,13.8310
2019/6/5 16:53,108.4560,121.6950,137.5270,75.5720,71.7480,80.8030,109.0180,18.9277,7.2940,5.5364,12.4169,11.4871,13.8309
2019/6/5 16:54,108.4570,121.6990,137.5270,75.5720,71.7470,80.8040,109.0290,18.9383,7.2940,5.5392,12.4176,11.4872,13.8310
2019/6/5 16:55,108.4570,121.6950,137.5260,75.5740,71.7460,80.8050,109.0270,18.9479,7.2920,5.5393,12.4174,11.4872,13.8309
2019/6/5 16:56,108.4550,121.6900,137.5200,75.5740,71.7340,80.8070,109.0280,18.9467,7.2930,5.5407,12.4167,11.4869,13.8307
2019/6/5 16:57,108.4520,121.6910,137.5170,75.5710,71.7310,80.8120,109.0160,18.9455,7.2920,5.5403,12.4170,11.4871,13.8303
2019/6/5 16:58,108.4530,121.6880,137.5250,75.5690,71.7310,80.8220,109.0130,18.9448,7.2920,5.5410,12.4165,11.4871,13.8306
2019/6/5 16:59,108.4610,121.7040,137.5670,75.5860,71.7300,80.8460,109.0080,18.9499,7.2730,5.5410,12.4166,11.4884,13.8316
2019/6/5 17:00,108.4540,121.7000,137.5460,75.5650,71.7180,80.8330,109.0010,18.9487,7.2740,5.5406,12.4259,11.4854,13.8307
2019/6/5 17:01,108.4630,121.7130,137.5600,75.5130,71.7060,80.8240,109.0070,18.9503,7.2730,5.5411,12.4278,11.4869,13.8318
2019/6/5 17:02,108.4430,121.6920,137.5180,75.5230,71.7050,80.8110,108.9880,18.9468,7.2730,5.5401,12.4256,11.4842,13.8293
2019/6/5 17:03,108.4430,121.6940,137.5180,75.5230,71.7180,80.8100,108.9830,18.9468,7.2730,5.5401,12.4247,11.4842,13.8293
2019/6/5 17:04,108.4600,121.7110,137.5660,75.5370,71.7500,80.8210,108.9960,18.9497,7.2750,5.5409,12.4266,11.4860,13.8314
2019/6/5 17:05,108.4430,121.6910,137.4950,75.5080,71.7510,80.8100,108.9850,18.9468,7.2730,5.5401,12.4247,11.4842,13.8293
2019/6/5 17:06,108.4420,121.6920,137.4690,75.5020,71.7460,80.8100,108.9840,18.9466,7.2740,5.5431,12.4246,11.4841,13.8291
2019/6/5 17:07,108.4410,121.6890,137.4650,75.4980,71.7420,80.7680,108.9920,18.9464,7.2740,5.5431,12.4223,11.4840,13.8310
2019/6/5 17:08,108.4400,121.6910,137.4640,75.4990,71.7410,80.7670,109.0040,18.9463,7.2730,5.5431,12.4222,11.4843,13.8309
2019/6/5 17:09,108.4410,121.7060,137.4710,75.4980,71.7380,80.7650,109.0200,18.9464,7.2730,5.5431,12.4240,11.4860,13.8326
2019/6/5 17:10,108.4430,121.6980,137.5120,75.5050,71.7400,80.7580,109.0270,18.9468,7.2730,5.5432,12.4159,11.4857,13.8315
2019/6/5 17:11,108.4420,121.6990,137.5230,75.5570,71.7400,80.7700,109.0310,18.9466,7.2730,5.5432,12.4152,11.4854,13.8320
2019/6/5 17:12,108.4420,121.6940,137.5170,75.5560,71.7400,80.7670,109.0270,18.9466,7.2740,5.5432,12.4148,11.4846,13.8313
2019/6/5 17:13,108.4420,121.6950,137.4930,75.5550,71.7390,80.7700,109.0210,18.9466,7.2740,5.5432,12.4152,11.4860,13.8320
2019/6/5 17:14,108.4420,121.7010,137.4900,75.5550,71.7410,80.7730,109.0300,18.9466,7.2740,5.5432,12.4150,11.4834,13.8320
2019/6/5 17:15,108.4430,121.7060,137.5170,75.5530,71.7390,80.7720,109.0300,18.9468,7.2740,5.5433,12.4146,11.4849,13.8322
2019/6/5 17:16,108.4420,121.7050,137.5160,75.5530,71.7390,80.7840,109.0270,18.9466,7.2740,5.5438,12.4150,11.4847,13.8320
2019/6/5 17:17,108.4410,121.6990,137.4820,75.5530,71.7410,80.7860,109.0230,18.9464,7.2740,5.5432,12.4139,11.4848,13.8319
2019/6/5 17:18,108.4410,121.7040,137.4950,75.5540,71.7410,80.7740,109.0080,18.9464,7.2740,5.5432,12.4151,11.4853,13.8319
2019/6/5 17:19,108.4420,121.7060,137.4960,75.5560,71.7410,80.7690,109.0090,18.9466,7.2740,5.5432,12.4152,11.4854,13.8320
2019/6/5 17:20,108.4410,121.7030,137.5130,75.5730,71.7450,80.7730,109.0200,18.9464,7.2760,5.5436,12.4151,11.4851,13.8319
2019/6/5 17:21,108.4400,121.7040,137.5180,75.5650,71.7430,80.8020,108.9980,18.9463,7.2750,5.5432,12.4149,11.4840,13.8317
2019/6/5 17:22,108.4400,121.7050,137.5080,75.5750,71.7430,80.8030,108.9990,18.9463,7.2760,5.5436,12.4150,11.4840,13.8317
2019/6/5 17:23,108.4410,121.7050,137.5100,75.5770,71.7460,80.7860,108.9960,18.9464,7.2760,5.5436,12.4151,11.4815,13.8317
2019/6/5 17:24,108.4410,121.7070,137.5120,75.5730,71.7470,80.7880,108.9940,18.9464,7.2760,5.5404,12.4119,11.4815,13.8317
2019/6/5 17:25,108.4410,121.7080,137.5120,75.5710,71.7460,80.7880,108.9940,18.9464,7.2750,5.5432,12.4199,11.4792,13.8317
2019/6/5 17:26,108.4410,121.7070,137.5090,75.5760,71.7470,80.7880,108.9940,18.9464,7.2760,5.5431,12.4179,11.4831,13.8317
2019/6/5 17:27,108.4410,121.7020,137.5110,75.5810,71.7460,80.7790,108.9940,18.9464,7.2750,5.5431,12.4156,11.4821,13.8317
2019/6/5 17:28,108.4400,121.6990,137.5100,75.5810,71.7460,80.7780,108.9940,18.9463,7.2760,5.5431,12.4148,11.4820,13.8316
2019/6/5 17:29,108.4390,121.7020,137.5070,75.5820,71.7540,80.7850,108.9940,18.9461,7.2760,5.5430,12.4083,11.4773,13.8315
2019/6/5 17:30,108.4410,121.7010,137.5510,75.5610,71.7540,80.7770,108.9860,18.9464,7.2760,5.5434,12.4083,11.4774,13.8317
2019/6/5 17:31,108.4400,121.7000,137.5540,75.5570,71.7540,80.7770,108.9890,18.9463,7.2760,5.5434,12.4081,11.4773,13.8316
2019/6/5 17:32,108.4400,121.7010,137.5530,75.5670,71.7590,80.7670,108.9900,18.9463,7.2760,5.5434,12.4090,11.4774,13.8316
2019/6/5 17:33,108.4400,121.7010,137.5540,75.5630,71.7580,80.7930,108.9910,18.9463,7.2760,5.5434,12.4099,11.4774,13.8316
2019/6/5 17:34,108.4400,121.7270,137.5490,75.5670,71.7560,80.7920,108.9920,18.9463,7.2770,5.5434,12.4152,11.4830,13.8316
2019/6/5 17:35,108.4400,121.7120,137.5470,75.5750,71.7570,80.7830,108.9850,18.9463,7.2770,5.5435,12.4123,11.4809,13.8316
2019/6/5 17:36,108.4390,121.7190,137.5740,75.5730,71.7610,80.7900,108.9840,18.9461,7.2760,5.5435,12.4117,11.4806,13.8315
2019/6/5 17:37,108.4390,121.7090,137.5450,75.5750,71.7560,80.7830,109.0180,18.9461,7.2770,5.5426,12.4119,11.4806,13.8315
2019/6/5 17:38,108.4390,121.7170,137.5600,75.5740,71.7630,80.7910,109.0390,18.9461,7.2760,5.5426,12.4116,11.4805,13.8315
2019/6/5 17:39,108.4500,121.7270,137.5710,75.5820,71.7690,80.7920,109.0300,18.9622,7.2770,5.5439,12.4128,11.4816,13.8329
2019/6/5 17:40,108.4500,121.7180,137.5750,75.5820,71.7730,80.7960,109.0270,18.9612,7.2760,5.5439,12.4134,11.4822,13.8329
2019/6/5 17:41,108.4430,121.7200,137.5790,75.5760,71.7700,80.7910,109.0170,18.9600,7.2810,5.5435,12.4126,11.4815,13.8320
2019/6/5 17:42,108.4420,121.7190,137.5720,75.5760,71.7670,80.7910,109.0170,18.9598,7.2830,5.5435,12.4125,11.4814,13.8319
2019/6/5 17:43,108.4390,121.7150,137.5670,75.5730,71.7640,80.7900,109.0180,18.9593,7.2830,5.5433,12.4122,11.4811,13.8315
2019/6/5 17:44,108.4230,121.6960,137.5430,75.5710,71.7870,80.7850,109.0040,18.9565,7.2830,5.5425,12.4099,11.4788,13.8294
2019/6/5 17:45,108.4220,121.6940,137.5650,75.5720,71.7790,80.7860,109.0020,18.9563,7.2840,5.5425,12.4082,11.4782,13.8293
2019/6/5 17:46,108.4220,121.6910,137.5590,75.5740,71.7630,80.7830,109.0000,18.9563,7.2830,5.5425,12.4082,11.4782,13.8293
2019/6/5 17:47,108.4120,121.6750,137.5060,75.5620,71.7520,80.7720,108.9810,18.9545,7.2810,5.5163,12.4071,11.4771,13.8280
2019/6/5 17:48,108.4120,121.6750,137.5060,75.5630,71.7510,80.7710,108.9770,18.9545,7.2810,5.5125,12.4071,11.4771,13.8280
2019/6/5 17:49,108.4140,121.6750,137.5080,75.5640,71.7530,80.7720,108.9770,18.9549,7.2810,5.5129,12.4069,11.4770,13.8283
2019/6/5 17:50,108.4130,121.6710,137.5090,75.5530,71.7530,80.7720,108.9760,18.9547,7.2810,5.5195,12.4070,11.4771,13.8282
2019/6/5 17:51,108.4070,121.6750,137.5010,75.5490,71.7450,80.7650,108.9780,18.9537,7.2820,5.5174,12.4073,11.4774,13.8274
2019/6/5 17:52,108.4080,121.6740,137.5020,75.5490,71.7450,80.7650,108.9880,18.9538,7.2800,5.5135,12.4068,11.4768,13.8275
2019/6/5 17:53,108.4090,121.6750,137.5060,75.5490,71.7460,80.7660,108.9930,18.9540,7.2810,5.5131,12.4060,11.4762,13.8277
2019/6/5 17:54,108.4060,121.6720,137.5070,75.5500,71.7470,80.7660,108.9840,18.9535,7.2800,5.5063,12.4057,11.4759,13.8273
2019/6/5 17:55,108.3710,121.6550,137.4650,75.5180,71.7180,80.7330,108.9580,18.9474,7.2780,5.4974,12.4042,11.4745,13.8228
2019/6/5 17:56,108.2850,121.5570,137.3650,75.4630,71.6590,80.6630,108.8780,18.9323,7.2730,5.4863,12.3952,11.4654,13.8118
2019/6/5 17:57,108.2470,121.5440,137.3790,75.4680,71.6600,80.6400,108.8380,18.9257,7.2720,5.4850,12.3923,11.4635,13.8070
2019/6/5 17:58,108.3320,121.6180,137.4360,75.5080,71.7210,80.7000,108.9220,18.9406,7.2770,5.4929,12.4010,11.4716,13.8178
2019/6/5 17:59,108.2800,121.5610,137.3830,75.4470,71.6730,80.6600,108.8760,18.9315,7.2740,5.4855,12.3943,11.4669,13.8112
2019/6/5 18:00,108.3240,121.6130,137.4430,75.4910,71.6980,80.7060,108.9550,18.9212,7.2760,5.4808,12.4017,11.4717,13.8168
2019/6/5 18:01,108.3080,121.5920,137.4260,75.4820,71.7040,80.6880,108.9310,18.9158,7.2740,5.4719,12.4005,11.4678,13.8148
2019/6/5 18:02,108.2810,121.5760,137.4020,75.4660,71.6940,80.6510,108.9050,18.9113,7.2710,5.4644,12.3985,11.4662,13.8113
2019/6/5 18:03,108.2760,121.5760,137.3990,75.4580,71.6910,80.6500,108.9010,18.8942,7.2720,5.4597,12.3979,11.4662,13.8107
2019/6/5 18:04,108.2730,121.5730,137.3960,75.4560,71.6890,80.6430,108.9040,18.8935,7.2720,5.4686,12.3972,11.4657,13.8103
2019/6/5 18:05,108.2800,121.5770,137.4020,75.4620,71.7090,80.6570,108.9070,18.9096,7.2730,5.4746,12.3972,11.4661,13.8112
2019/6/5 18:06,108.2900,121.5740,137.4170,75.4710,71.7200,80.6590,108.9070,18.9111,7.2730,5.4673,12.3974,11.4661,13.8122
2019/6/5 18:07,108.2900,121.5750,137.4170,75.4720,71.7160,80.6570,108.9040,18.9115,7.2710,5.4694,12.3975,11.4662,13.8116
2019/6/5 18:08,108.2930,121.5790,137.4180,75.4710,71.7120,80.6590,108.9110,18.9085,7.2730,5.4679,12.3971,11.4665,13.8125
2019/6/5 18:09,108.2930,121.5740,137.4110,75.4710,71.7120,80.6590,108.9060,18.9017,7.2720,5.4692,12.3968,11.4662,13.8125
2019/6/5 18:10,108.2580,121.5410,137.3760,75.4480,71.6920,80.6320,108.8860,18.8950,7.2700,5.4724,12.3927,11.4624,13.8081
2019/6/5 18:11,108.2290,121.5250,137.3440,75.4280,71.6740,80.6040,108.8760,18.8898,7.2690,5.4691,12.3913,11.4611,13.8044
2019/6/5 18:12,108.2440,121.5390,137.3600,75.4390,71.6810,80.6160,108.8900,18.8904,7.2690,5.4702,12.3929,11.4625,13.8063
2019/6/5 18:13,108.2610,121.5600,137.3840,75.4610,71.6890,80.6280,108.9050,18.8848,7.2700,5.4774,12.3952,11.4679,13.8084
2019/6/5 18:14,108.2650,121.5580,137.3870,75.4660,71.6960,80.6350,108.9100,18.8820,7.2710,5.4816,12.3951,11.4680,13.8090
2019/6/5 18:15,108.2690,121.5580,137.3960,75.4610,71.6960,80.6400,108.9110,18.8825,7.2730,5.4816,12.3950,11.4678,13.8095
2019/6/5 18:16,108.2810,121.5700,137.4110,75.4700,71.6920,80.6500,108.9140,18.8865,7.2740,5.4831,12.3963,11.4697,13.8104
2019/6/5 18:17,108.2900,121.5770,137.4230,75.4740,71.6980,80.6580,108.9240,18.9040,7.2740,5.4825,12.3970,11.4704,13.8121
2019/6/5 18:18,108.2820,121.5690,137.4130,75.4660,71.6930,80.6530,108.9170,18.8987,7.2730,5.4820,12.3961,11.4709,13.8111
2019/6/5 18:19,108.2790,121.5600,137.4000,75.4640,71.6910,80.6520,108.9130,18.8982,7.2730,5.4803,12.3951,11.4684,13.8107
2019/6/5 18:20,108.2700,121.5500,137.3910,75.4580,71.6870,80.6460,108.9120,18.8966,7.2730,5.4808,12.3940,11.4685,13.8096
2019/6/5 18:21,108.2440,121.5240,137.3620,75.4410,71.6720,80.6260,108.8990,18.8921,7.2720,5.4698,12.3916,11.4657,13.8058
2019/6/5 18:22,108.2390,121.5190,137.3540,75.4370,71.6680,80.6230,108.8950,18.8912,7.2720,5.4695,12.3909,11.4659,13.8051
2019/6/5 18:23,108.2340,121.5030,137.3510,75.4340,71.6750,80.6170,108.8950,18.8903,7.2720,5.4682,12.3889,11.4642,13.8045
2019/6/5 18:24,108.2510,121.5220,137.3610,75.4460,71.6920,80.6290,108.9050,18.8933,7.2730,5.4664,12.3912,11.4651,13.8067
2019/6/5 18:25,108.2540,121.5230,137.3670,75.4490,71.6940,80.6300,108.9040,18.8938,7.2720,5.4664,12.3910,11.4658,13.8070
2019/6/5 18:26,108.2620,121.5330,137.3770,75.4530,71.6980,80.6310,108.9110,18.8951,7.2730,5.4630,12.3923,11.4665,13.8085
2019/6/5 18:27,108.2600,121.5380,137.3780,75.4510,71.7000,80.6290,108.9150,18.8945,7.2720,5.4622,12.3924,11.4673,13.8083
2019/6/5 18:28,108.2440,121.5210,137.3570,75.4410,71.6890,80.6120,108.8990,18.8916,7.2720,5.4613,12.3848,11.4655,13.8062
2019/6/5 18:29,108.2360,121.5120,137.3470,75.4370,71.6850,80.5990,108.8950,18.8903,7.2720,5.4610,12.3812,11.4645,13.8052
2019/6/5 18:30,108.2380,121.5150,137.3560,75.4340,71.6860,80.5990,108.8950,18.8906,7.2710,5.4612,12.3846,11.4646,13.8055
2019/6/5 18:31,108.2390,121.5160,137.3490,75.4240,71.6860,80.6040,108.8970,18.8907,7.2720,5.4611,12.3878,11.4653,13.8051
2019/6/5 18:32,108.2120,121.4890,137.3170,75.3830,71.6630,80.5830,108.8660,18.8860,7.2690,5.4582,12.3780,11.4629,13.8016
2019/6/5 18:33,108.2120,121.5020,137.3140,75.3980,71.6640,80.5840,108.8720,18.8858,7.2690,5.4595,12.3798,11.4637,13.8021
2019/6/5 18:34,108.2080,121.5180,137.3180,75.4090,71.6710,80.5840,108.8740,18.8854,7.2690,5.4650,12.3860,11.4637,13.8016
2019/6/5 18:35,108.2060,121.5150,137.3190,75.4120,71.6780,80.5930,108.8750,18.8856,7.2690,5.4608,12.3855,11.4622,13.8009
2019/6/5 18:36,108.2110,121.5210,137.3250,75.4150,71.6910,80.6000,108.8770,18.8865,7.2700,5.4607,12.3859,11.4633,13.8020
2019/6/5 18:37,108.1910,121.4970,137.2990,75.4000,71.6820,80.5820,108.8590,18.8830,7.2670,5.4598,12.3835,11.4614,13.7995
2019/6/5 18:38,108.1890,121.5010,137.3000,75.3960,71.6760,80.5820,108.8580,18.8827,7.2690,5.4600,12.3839,11.4613,13.7992
2019/6/5 18:39,108.1870,121.4960,137.2950,75.3900,71.6750,80.5820,108.8540,18.8823,7.2690,5.4598,12.3835,11.4606,13.7990
2019/6/5 18:40,108.2010,121.5080,137.3180,75.3950,71.6840,80.5910,108.8660,18.9097,7.2700,5.4608,12.3851,11.4618,13.8008
2019/6/5 18:41,108.2000,121.5000,137.3150,75.3960,71.6750,80.5920,108.8670,18.9104,7.2690,5.4608,12.3838,11.4585,13.8007
2019/6/5 18:42,108.2250,121.5240,137.3470,75.4110,71.6880,80.6190,108.8810,18.9149,7.2710,5.4741,12.3866,11.4617,13.8033
2019/6/5 18:43,108.2580,121.5470,137.3820,75.4440,71.7110,80.6560,108.9040,18.9208,7.2780,5.4860,12.3889,11.4638,13.8081
2019/6/5 18:44,108.2710,121.5670,137.3990,75.4520,71.7200,80.6640,108.9150,18.9230,7.2820,5.4893,12.3908,11.4661,13.8092
2019/6/5 18:45,108.3010,121.5840,137.4150,75.4720,71.7400,80.6870,108.9450,18.9283,7.2860,5.4906,12.3944,11.4676,13.8131
2019/6/5 18:46,108.2810,121.5610,137.3870,75.4490,71.7150,80.6640,108.9080,18.9248,7.2830,5.4844,12.3922,11.4655,13.8105
2019/6/5 18:47,108.2580,121.5430,137.3620,75.4330,71.7020,80.6490,108.8900,18.9208,7.2830,5.4816,12.3904,11.4639,13.8081
2019/6/5 18:48,108.2460,121.5440,137.3590,75.4270,71.7000,80.6410,108.8880,18.9187,7.2830,5.4810,12.3902,11.4639,13.8065
2019/6/5 18:49,108.2360,121.5320,137.3470,75.4190,71.6960,80.6330,108.8880,18.9141,7.2830,5.4750,12.3889,11.4629,13.8053
2019/6/5 18:50,108.2560,121.5550,137.3730,75.4310,71.7090,80.6480,108.8920,18.9175,7.2840,5.4797,12.3912,11.4650,13.8078
2019/6/5 18:51,108.2570,121.5530,137.3740,75.4310,71.7090,80.6480,108.8910,18.9156,7.2850,5.4798,12.3914,11.4652,13.8074
2019/6/5 18:52,108.2560,121.5520,137.3720,75.4320,71.7090,80.6480,108.8920,18.9155,7.2850,5.4798,12.3908,11.4664,13.8073
2019/6/5 18:53,108.2550,121.5540,137.3790,75.4320,71.7280,80.6470,108.8890,18.9158,7.2860,5.4806,12.3916,11.4670,13.8077
2019/6/5 18:54,108.2600,121.5570,137.3770,75.4390,71.7160,80.6510,108.8950,18.9164,7.2880,5.4828,12.3917,11.4672,13.8083
2019/6/5 18:55,108.2650,121.5670,137.3850,75.4520,71.7240,80.6550,108.9000,18.9173,7.2880,5.4852,12.3928,11.4710,13.8089
2019/6/5 18:56,108.2770,121.5790,137.4020,75.4600,71.7310,80.6650,108.9120,18.9191,7.2910,5.4869,12.3942,11.4722,13.8105
2019/6/5 18:57,108.2750,121.5770,137.3980,75.4670,71.7330,80.6740,108.9070,18.9195,7.2850,5.4872,12.3948,11.4720,13.8098
2019/6/5 18:58,108.2670,121.5660,137.3870,75.4590,71.7240,80.6660,108.8970,18.9192,7.2810,5.4868,12.3941,11.4719,13.8088
2019/6/5 18:59,108.2660,121.5660,137.3870,75.4530,71.7260,80.6620,108.8990,18.9197,7.2810,5.4863,12.3943,11.4716,13.8092
2019/6/5 19:00,108.2720,121.5670,137.3940,75.4440,71.7180,80.6580,108.9050,18.9259,7.2830,5.4845,12.3945,11.4716,13.8100
2019/6/5 19:01,108.2910,121.5900,137.4180,75.4550,71.7280,80.6720,108.9160,18.9292,7.2850,5.4852,12.3966,11.4736,13.8124
2019/6/5 19:02,108.2310,121.5240,137.3520,75.4170,71.6920,80.6260,108.8720,18.9186,7.2800,5.4821,12.3898,11.4675,13.8048
2019/6/5 19:03,108.2530,121.5480,137.3780,75.4410,71.7180,80.6430,108.8910,18.9224,7.2830,5.4849,12.3922,11.4701,13.8076
2019/6/5 19:04,108.2370,121.5350,137.3600,75.4320,71.7080,80.6340,108.8820,18.9196,7.2820,5.4842,12.3910,11.4685,13.8055
2019/6/5 19:05,108.2050,121.5150,137.3310,75.4200,71.7070,80.6130,108.8600,18.9120,7.2790,5.4841,12.3891,11.4667,13.8010
2019/6/5 19:06,108.2210,121.5280,137.3490,75.4300,71.7170,80.6280,108.8760,18.9062,7.2800,5.4865,12.3899,11.4673,13.8029
2019/6/5 19:07,108.2370,121.5500,137.3700,75.4500,71.7330,80.6450,108.8920,18.9091,7.2820,5.4875,12.3929,11.4699,13.8055
2019/6/5 19:08,108.2410,121.5560,137.3750,75.4550,71.7320,80.6510,108.8960,18.9098,7.2830,5.4879,12.3931,11.4702,13.8060
2019/6/5 19:09,108.2410,121.5570,137.3760,75.4560,71.7310,80.6480,108.8970,18.9098,7.2830,5.4878,12.3942,11.4704,13.8060
2019/6/5 19:10,108.2350,121.5520,137.3670,75.4500,71.7290,80.6450,108.8900,18.9087,7.2810,5.4864,12.3930,11.4697,13.8053
2019/6/5 19:11,108.2370,121.5590,137.3690,75.4470,71.7300,80.6460,108.8930,18.9091,7.2820,5.4862,12.3911,11.4692,13.8055
2019/6/5 19:12,108.2450,121.5650,137.3790,75.4470,71.7340,80.6520,108.9020,18.9106,7.2830,5.4864,12.3940,11.4698,13.8065
2019/6/5 19:13,108.2420,121.5620,137.3770,75.4480,71.7310,80.6500,108.9090,18.9100,7.2820,5.4864,12.3939,11.4696,13.8062
2019/6/5 19:14,108.2450,121.5680,137.3800,75.4460,71.7320,80.6570,108.9130,18.9105,7.2830,5.4856,12.3942,11.4701,13.8061
2019/6/5 19:15,108.2420,121.5580,137.3640,75.4410,71.7200,80.6490,108.9060,18.9100,7.2820,5.4834,12.3934,11.4695,13.8057
2019/6/5 19:16,108.2410,121.5600,137.3610,75.4440,71.7220,80.6490,108.9090,18.9098,7.2830,5.4834,12.3934,11.4693,13.8056
2019/6/5 19:17,108.2400,121.5660,137.3640,75.4460,71.7220,80.6470,108.9080,18.9096,7.2840,5.4834,12.3941,11.4693,13.8054
2019/6/5 19:18,108.2370,121.5600,137.3580,75.4450,71.7200,80.6440,108.9030,18.9091,7.2830,5.4822,12.3940,11.4691,13.8051
2019/6/5 19:19,108.2380,121.5630,137.3590,75.4420,71.7110,80.6450,108.9050,18.9093,7.2830,5.4821,12.3943,11.4690,13.8051
2019/6/5 19:20,108.2410,121.5610,137.3620,75.4470,71.7130,80.6430,108.9070,18.9098,7.2840,5.4812,12.3944,11.4690,13.8055
2019/6/5 19:21,108.2390,121.5600,137.3600,75.4460,71.7140,80.6420,108.9050,18.9095,7.2830,5.4815,12.3942,11.4691,13.8053
2019/6/5 19:22,108.2370,121.5560,137.3580,75.4450,71.7110,80.6400,108.9030,18.9092,7.2840,5.4814,12.3937,11.4687,13.8050
2019/6/5 19:23,108.2340,121.5540,137.3560,75.4410,71.7100,80.6390,108.9020,18.9085,7.2840,5.4813,12.3938,11.4687,13.8046
2019/6/5 19:24,108.2370,121.5560,137.3590,75.4430,71.7210,80.6400,108.9050,18.9113,7.2840,5.4808,12.3945,11.4688,13.8050
2019/6/5 19:25,108.2310,121.5510,137.3480,75.4410,71.7170,80.6350,108.8970,18.9105,7.2830,5.4812,12.3938,11.4679,13.8042
2019/6/5 19:26,108.2340,121.5540,137.3540,75.4430,71.7210,80.6400,108.9010,18.9109,7.2840,5.4811,12.3941,11.4683,13.8046
2019/6/5 19:27,108.2310,121.5520,137.3470,75.4410,71.7190,80.6350,108.8960,18.9104,7.2840,5.4805,12.3937,11.4678,13.8042
2019/6/5 19:28,108.2330,121.5580,137.3520,75.4500,71.7320,80.6420,108.8960,18.9108,7.2840,5.4806,12.3944,11.4680,13.8045
2019/6/5 19:29,108.2230,121.5480,137.3380,75.4430,71.7260,80.6370,108.8940,18.9091,7.2860,5.4793,12.3933,11.4670,13.8032
2019/6/5 19:30,108.2220,121.5410,137.3260,75.4450,71.7250,80.6360,108.8950,18.9089,7.2860,5.4792,12.3935,11.4675,13.8031
2019/6/5 19:31,108.2400,121.5560,137.3470,75.4570,71.7310,80.6490,108.8960,18.9120,7.2870,5.4802,12.3951,11.4692,13.8054
2019/6/5 19:32,108.2360,121.5580,137.3440,75.4570,71.7330,80.6450,108.8980,18.9114,7.2860,5.4800,12.3953,11.4690,13.8049
2019/6/5 19:33,108.2410,121.5590,137.3420,75.4540,71.7310,80.6490,108.8940,18.9122,7.2860,5.4802,12.3955,11.4692,13.8055
2019/6/5 19:34,108.2420,121.5580,137.3390,75.4540,71.7320,80.6490,108.8870,18.9125,7.2870,5.4803,12.3956,11.4693,13.8057
2019/6/5 19:35,108.2720,121.5880,137.3790,75.4770,71.7530,80.6760,108.9060,18.9241,7.2900,5.4818,12.3988,11.4720,13.8095
2019/6/5 19:36,108.2720,121.5890,137.3780,75.4800,71.7430,80.6760,108.9060,18.9239,7.2890,5.4809,12.3990,11.4722,13.8095
2019/6/5 19:37,108.2790,121.5930,137.3860,75.4860,71.7500,80.6830,108.9130,18.9252,7.2900,5.4813,12.3997,11.4728,13.8108
2019/6/5 19:38,108.2790,121.5920,137.3860,75.4840,71.7500,80.6810,108.9130,18.9249,7.2900,5.4813,12.3997,11.4726,13.8108
2019/6/5 19:39,108.2790,121.5930,137.3880,75.4910,71.7600,80.6800,108.9130,18.9255,7.2900,5.4813,12.3999,11.4729,13.8108
2019/6/5 19:40,108.2900,121.6040,137.4000,75.5000,71.7650,80.6900,108.9230,18.9273,7.2910,5.4814,12.4021,11.4741,13.8122
2019/6/5 19:41,108.3010,121.6280,137.4160,75.5110,71.7760,80.7030,108.9370,18.9308,7.2920,5.4821,12.4044,11.4760,13.8136
2019/6/5 19:42,108.3150,121.6420,137.4330,75.5200,71.7850,80.7080,108.9470,18.9324,7.2930,5.4863,12.4057,11.4775,13.8154
2019/6/5 19:43,108.3090,121.6260,137.4250,75.5140,71.7800,80.7030,108.9420,18.9308,7.2930,5.4850,12.4038,11.4758,13.8147
2019/6/5 19:44,108.2960,121.6150,137.4120,75.5040,71.7700,80.6930,108.9290,18.9288,7.2920,5.4845,12.4028,11.4749,13.8130
2019/6/5 19:45,108.2930,121.6080,137.4060,75.4970,71.7680,80.6920,108.9240,18.9302,7.2920,5.4843,12.4020,11.4739,13.8126
2019/6/5 19:46,108.3000,121.6160,137.4160,75.5080,71.7740,80.6970,108.9330,18.9313,7.2930,5.4847,12.4027,11.4747,13.8135
2019/6/5 19:47,108.2940,121.6130,137.4080,75.5020,71.7710,80.6930,108.9280,18.9318,7.2920,5.4843,12.4022,11.4745,13.8127
2019/6/5 19:48,108.3030,121.6180,137.4170,75.5070,71.7750,80.6980,108.9370,18.9316,7.2930,5.4848,12.4023,11.4754,13.8139
2019/6/5 19:49,108.3030,121.6210,137.4180,75.5080,71.7740,80.7000,108.9360,18.9316,7.2920,5.4838,12.4022,11.4753,13.8139
2019/6/5 19:50,108.3010,121.6140,137.4150,75.5010,71.7730,80.6940,108.9340,18.9314,7.2930,5.4837,12.4016,11.4746,13.8136
2019/6/5 19:51,108.2940,121.6080,137.4040,75.5010,71.7680,80.6860,108.9250,18.9304,7.2890,5.4813,12.4011,11.4740,13.8127
2019/6/5 19:52,108.2960,121.6120,137.4040,75.5030,71.7700,80.6870,108.9280,18.9307,7.2890,5.4798,12.4015,11.4741,13.8129
2019/6/5 19:53,108.3100,121.6210,137.4130,75.5020,71.7770,80.6920,108.9390,18.9334,7.2890,5.4791,12.4025,11.4752,13.8148
2019/6/5 19:54,108.3020,121.6080,137.4100,75.4920,71.7730,80.6820,108.9330,18.9319,7.2880,5.4779,12.4009,11.4736,13.8138
2019/6/5 19:55,108.3120,121.6230,137.4200,75.4980,71.7790,80.6940,108.9380,18.9336,7.2890,5.4786,12.4027,11.4752,13.8151
2019/6/5 19:56,108.3140,121.6240,137.4210,75.4940,71.7790,80.6900,108.9440,18.9340,7.2900,5.4811,12.4027,11.4755,13.8153
2019/6/5 19:57,108.3210,121.6290,137.4320,75.5000,71.7830,80.6970,108.9470,18.9394,7.2900,5.4836,12.4033,11.4756,13.8164
2019/6/5 19:58,108.3250,121.6340,137.4390,75.5020,71.7800,80.7040,108.9470,18.9405,7.2910,5.4845,12.4037,11.4765,13.8168
2019/6/5 19:59,108.3220,121.6300,137.4310,75.4930,71.7760,80.7030,108.9450,18.9390,7.2910,5.4853,12.4034,11.4766,13.8164
2019/6/5 20:00,108.3450,121.6360,137.4410,75.5140,71.7770,80.7190,108.9480,18.9413,7.2920,5.4895,12.4041,11.4774,13.8193
2019/6/5 20:01,108.3430,121.6420,137.4510,75.5080,71.7790,80.7130,108.9450,18.9417,7.2930,5.4894,12.4045,11.4776,13.8190
2019/6/5 20:02,108.3350,121.6390,137.4420,75.5090,71.7840,80.7080,108.9460,18.9423,7.2920,5.4883,12.4042,11.4776,13.8180
2019/6/5 20:03,108.3500,121.6590,137.4670,75.5130,71.7840,80.7180,108.9610,18.9453,7.2940,5.4895,12.4064,11.4797,13.8199
2019/6/5 20:04,108.3450,121.6610,137.4650,75.5100,71.7780,80.7210,108.9620,18.9447,7.2930,5.4893,12.4048,11.4797,13.8193
2019/6/5 20:05,108.3640,121.6910,137.4960,75.5350,71.8050,80.7450,108.9870,18.9480,7.2950,5.4904,12.4076,11.4823,13.8217
2019/6/5 20:06,108.3720,121.6850,137.4990,75.5390,71.8070,80.7520,108.9740,18.9489,7.2950,5.4908,12.4071,11.4803,13.8228
2019/6/5 20:07,108.3780,121.6980,137.5160,75.5550,71.8150,80.7560,108.9790,18.9500,7.2940,5.4922,12.4084,11.4817,13.8235
2019/6/5 20:08,108.3800,121.6980,137.5190,75.5640,71.8150,80.7630,108.9810,18.9489,7.2950,5.4924,12.4094,11.4814,13.8238
2019/6/5 20:09,108.3840,121.7030,137.5210,75.5560,71.8030,80.7650,108.9840,18.9498,7.2950,5.4926,12.4111,11.4821,13.8243
2019/6/5 20:10,108.3800,121.7040,137.5170,75.5530,71.7990,80.7590,108.9910,18.9490,7.2950,5.4920,12.4169,11.4820,13.8239
2019/6/5 20:11,108.3850,121.7100,137.5220,75.5540,71.8050,80.7650,108.9930,18.9499,7.2950,5.4922,12.4158,11.4829,13.8245
2019/6/5 20:12,108.3680,121.6970,137.5060,75.5420,71.8130,80.7540,108.9800,18.9468,7.2940,5.4918,12.4114,11.4813,13.8224
2019/6/5 20:13,108.3880,121.7220,137.5360,75.5590,71.8280,80.7700,108.9990,18.9500,7.2950,5.4940,12.4163,11.4837,13.8249
2019/6/5 20:14,108.3640,121.6940,137.5040,75.5440,71.8160,80.7570,108.9820,18.9456,7.2950,5.4929,12.4135,11.4800,13.8219
2019/6/5 20:15,108.3760,121.6990,137.5160,75.5520,71.8240,80.7630,108.9880,18.9475,7.2940,5.4935,12.4128,11.4805,13.8234
2019/6/5 20:16,108.3710,121.7000,137.5140,75.5460,71.8230,80.7670,108.9850,18.9469,7.2950,5.4932,12.4118,11.4811,13.8217
2019/6/5 20:17,108.3750,121.7060,137.5190,75.5480,71.8300,80.7720,108.9900,18.9476,7.2950,5.4945,12.4142,11.4827,13.8224
2019/6/5 20:18,108.3820,121.7220,137.5330,75.5610,71.8400,80.7890,108.9980,18.9492,7.2960,5.4950,12.4157,11.4837,13.8233
2019/6/5 20:19,108.3640,121.6970,137.5100,75.5440,71.8330,80.7670,108.9830,18.9461,7.2940,5.4941,12.4128,11.4815,13.8210
2019/6/5 20:20,108.3730,121.7110,137.5290,75.5550,71.8400,80.7740,108.9900,18.9476,7.2960,5.4944,12.4129,11.4827,13.8222
2019/6/5 20:21,108.3580,121.6910,137.5100,75.5370,71.8300,80.7580,108.9740,18.9448,7.2950,5.4936,12.4152,11.4827,13.8203
2019/6/5 20:22,108.3550,121.6810,137.4970,75.5290,71.8240,80.7500,108.9710,18.9442,7.2930,5.4932,12.4118,11.4816,13.8199
2019/6/5 20:23,108.3600,121.6840,137.5060,75.5310,71.8230,80.7480,108.9750,18.9452,7.2940,5.4932,12.4124,11.4821,13.8202
2019/6/5 20:24,108.3610,121.6850,137.5060,75.5290,71.8240,80.7500,108.9730,18.9453,7.2950,5.4932,12.4149,11.4822,13.8201
2019/6/5 20:25,108.3690,121.6950,137.5160,75.5320,71.8280,80.7500,108.9800,18.9467,7.2950,5.4936,12.4123,11.4831,13.8217
2019/6/5 20:26,108.3760,121.7020,137.5240,75.5380,71.8350,80.7550,108.9880,18.9480,7.2940,5.4935,12.4168,11.4838,13.8226
2019/6/5 20:27,108.3840,121.7010,137.5250,75.5440,71.8340,80.7610,108.9860,18.9493,7.2950,5.4938,12.4121,11.4836,13.8236
2019/6/5 20:28,108.3850,121.7060,137.5290,75.5470,71.8300,80.7620,108.9900,18.9495,7.2940,5.4941,12.4132,11.4840,13.8238
2019/6/5 20:29,108.3920,121.7140,137.5350,75.5530,71.8430,80.7720,108.9960,18.9515,7.2940,5.4946,12.4143,11.4848,13.8246
2019/6/5 20:30,108.4060,121.7290,137.5520,75.5690,71.8510,80.7830,109.0000,18.9541,7.2950,5.4956,12.4177,11.4864,13.8262
2019/6/5 20:31,108.3990,121.7190,137.5440,75.5560,71.8450,80.7730,108.9810,18.9523,7.2950,5.4947,12.4165,11.4856,13.8253
2019/6/5 20:32,108.3980,121.7210,137.5420,75.5570,71.8340,80.7720,108.9910,18.9523,7.2940,5.4947,12.4176,11.4856,13.8252
2019/6/5 20:33,108.3860,121.7080,137.5270,75.5480,71.8270,80.7570,108.9790,18.9501,7.2940,5.4939,12.4147,11.4843,13.8237
2019/6/5 20:34,108.3870,121.7080,137.5270,75.5500,71.8270,80.7570,108.9810,18.9502,7.2940,5.4927,12.4161,11.4844,13.8238
2019/6/5 20:35,108.3930,121.7200,137.5400,75.5560,71.8300,80.7610,108.9940,18.9513,7.2950,5.4930,12.4167,11.4855,13.8246
2019/6/5 20:36,108.3920,121.7190,137.5390,75.5560,71.8310,80.7610,108.9950,18.9511,7.2940,5.4929,12.4159,11.4857,13.8243
2019/6/5 20:37,108.3830,121.7150,137.5360,75.5500,71.8250,80.7550,108.9900,18.9502,7.2930,5.4925,12.4148,11.4852,13.8233
2019/6/5 20:38,108.3690,121.7050,137.5190,75.5390,71.8160,80.7450,108.9930,18.9475,7.2930,5.4918,12.4137,11.4837,13.8214
2019/6/5 20:39,108.3770,121.7120,137.5250,75.5420,71.8200,80.7500,108.9990,18.9482,7.2930,5.4919,12.4150,11.4845,13.8224
2019/6/5 20:40,108.3670,121.7010,137.5120,75.5380,71.8140,80.7420,108.9910,18.9461,7.2910,5.4906,12.4137,11.4845,13.8211
2019/6/5 20:41,108.3600,121.6940,137.5030,75.5280,71.8090,80.7370,108.9810,18.9448,7.2910,5.4899,12.4113,11.4835,13.8202
2019/6/5 20:42,108.3680,121.7030,137.5100,75.5360,71.8150,80.7440,108.9890,18.9468,7.2920,5.4902,12.4132,11.4847,13.8212
2019/6/5 20:43,108.3640,121.7000,137.5010,75.5360,71.8100,80.7410,108.9870,18.9458,7.2910,5.4902,12.4118,11.4844,13.8208
2019/6/5 20:44,108.3620,121.7030,137.5030,75.5350,71.8110,80.7390,108.9880,18.9458,7.2920,5.4897,12.4086,11.4846,13.8203
2019/6/5 20:45,108.3600,121.7010,137.5000,75.5400,71.7990,80.7420,108.9940,18.9452,7.2920,5.4897,12.4107,11.4848,13.8199
2019/6/5 20:46,108.3510,121.6920,137.4930,75.5350,71.8040,80.7410,108.9980,18.9439,7.2910,5.4894,12.4100,11.4837,13.8188
2019/6/5 20:47,108.3450,121.6870,137.4830,75.5290,71.7970,80.7370,108.9940,18.9438,7.2900,5.4894,12.4088,11.4834,13.8180
2019/6/5 20:48,108.3410,121.6860,137.4780,75.5250,71.7880,80.7350,108.9890,18.9435,7.2900,5.4860,12.4087,11.4832,13.8176
2019/6/5 20:49,108.3300,121.6790,137.4630,75.5130,71.7790,80.7210,108.9800,18.9448,7.2910,5.4854,12.4070,11.4824,13.8163
2019/6/5 20:50,108.3540,121.7010,137.4920,75.5270,71.7950,80.7390,108.9930,18.9492,7.2920,5.4864,12.4093,11.4837,13.8193
2019/6/5 20:51,108.3540,121.7010,137.4920,75.5280,71.7930,80.7380,108.9930,18.9490,7.2910,5.4866,12.4094,11.4839,13.8193
2019/6/5 20:52,108.3460,121.6850,137.4640,75.5090,71.7740,80.7270,108.9600,18.9474,7.2910,5.4858,12.4079,11.4824,13.8183
2019/6/5 20:53,108.3450,121.6770,137.4610,75.5070,71.7770,80.7240,108.9580,18.9471,7.2910,5.4858,12.4071,11.4782,13.8182
2019/6/5 20:54,108.3640,121.6700,137.4520,75.5140,71.7860,80.7360,108.9650,18.9499,7.2920,5.4859,12.4057,11.4783,13.8205
2019/6/5 20:55,108.3590,121.6690,137.4460,75.5110,71.7850,80.7320,108.9600,18.9481,7.2900,5.4854,12.4062,11.4802,13.8199
2019/6/5 20:56,108.3500,121.6590,137.4410,75.4950,71.7670,80.7250,108.9520,18.9466,7.2950,5.4836,12.4051,11.4789,13.8188
2019/6/5 20:57,108.3470,121.6440,137.4310,75.4760,71.7550,80.7170,108.9450,18.9455,7.2880,5.4825,12.4033,11.4770,13.8184
2019/6/5 20:58,108.3430,121.6420,137.4220,75.4730,71.7380,80.7140,108.9430,18.9447,7.2880,5.4823,12.4037,11.4770,13.8179
2019/6/5 20:59,108.3430,121.6350,137.4250,75.4760,71.7420,80.7080,108.9420,18.9446,7.2880,5.4823,12.4032,11.4769,13.8179
2019/6/5 21:00,108.3410,121.6160,137.4140,75.4730,71.7310,80.6900,108.9410,18.9447,7.2880,5.4813,12.4013,11.4752,13.8176
2019/6/5 21:01,108.3420,121.6080,137.4160,75.4710,71.7320,80.6900,108.9340,18.9419,7.2880,5.4811,12.4004,11.4739,13.8177
2019/6/5 21:02,108.3370,121.6060,137.4180,75.4700,71.7320,80.6780,108.9400,18.9404,7.2870,5.4808,12.4003,11.4737,13.8170
2019/6/5 21:03,108.3410,121.6090,137.4120,75.4710,71.7340,80.6790,108.9410,18.9419,7.2870,5.4810,12.3998,11.4736,13.8176
2019/6/5 21:04,108.3390,121.6030,137.4080,75.4620,71.7340,80.6730,108.9400,18.9416,7.2870,5.4810,12.3991,11.4730,13.8173
2019/6/5 21:05,108.3370,121.6030,137.3980,75.4590,71.7310,80.6690,108.9360,18.9413,7.2870,5.4809,12.3991,11.4733,13.8171
2019/6/5 21:06,108.3410,121.6120,137.4150,75.4720,71.7380,80.6770,108.9430,18.9421,7.2870,5.4811,12.4005,11.4742,13.8175
2019/6/5 21:07,108.3470,121.6230,137.4230,75.4730,71.7460,80.6850,108.9470,18.9456,7.2870,5.4814,12.4016,11.4753,13.8184
2019/6/5 21:08,108.3570,121.6360,137.4330,75.4810,71.7560,80.6930,108.9590,18.9471,7.2890,5.4819,12.4030,11.4766,13.8197
2019/6/5 21:09,108.3560,121.6340,137.4320,75.4810,71.7570,80.6940,108.9490,18.9479,7.2880,5.4818,12.4025,11.4760,13.8196
2019/6/5 21:10,108.3550,121.6280,137.4270,75.4660,71.7490,80.6910,108.9350,18.9474,7.2870,5.4815,12.4021,11.4757,13.8195
2019/6/5 21:11,108.3360,121.5990,137.3980,75.4460,71.7290,80.6780,108.9160,18.9435,7.2870,5.4806,12.3991,11.4728,13.8170
2019/6/5 21:12,108.3300,121.5960,137.3880,75.4470,71.7240,80.6740,108.9070,18.9415,7.2860,5.4797,12.3987,11.4725,13.8163
2019/6/5 21:13,108.3420,121.6060,137.4020,75.4550,71.7340,80.6820,108.9190,18.9439,7.2870,5.4812,12.4000,11.4738,13.8178
2019/6/5 21:14,108.3320,121.6010,137.3920,75.4540,71.7290,80.6740,108.9120,18.9413,7.2870,5.4808,12.3999,11.4733,13.8166
2019/6/5 21:15,108.3440,121.6140,137.4090,75.4640,71.7370,80.6860,108.9230,18.9438,7.2880,5.4833,12.4011,11.4745,13.8180
2019/6/5 21:16,108.3470,121.6080,137.3990,75.4570,71.7340,80.6870,108.9140,18.9468,7.2920,5.4848,12.4003,11.4739,13.8185
2019/6/5 21:17,108.3420,121.6070,137.4060,75.4520,71.7260,80.6860,108.9130,18.9470,7.2920,5.4845,12.4004,11.4739,13.8177
2019/6/5 21:18,108.3290,121.6060,137.4020,75.4460,71.7260,80.6770,108.9180,18.9445,7.2910,5.4829,12.4000,11.4732,13.8157
2019/6/5 21:19,108.3330,121.6150,137.4060,75.4580,71.7350,80.6840,108.9240,18.9627,7.2910,5.4841,12.4011,11.4742,13.8160
2019/6/5 21:20,108.3340,121.6160,137.4160,75.4700,71.7410,80.6960,108.9240,18.9541,7.2920,5.4850,12.4013,11.4744,13.8161
2019/6/5 21:21,108.3290,121.6170,137.4180,75.4660,71.7420,80.6940,108.9290,18.9539,7.2910,5.4845,12.4006,11.4745,13.8151
2019/6/5 21:22,108.3280,121.6200,137.4150,75.4730,71.7450,80.6920,108.9300,18.9504,7.2920,5.4842,12.4008,11.4748,13.8150
2019/6/5 21:23,108.3210,121.6080,137.4000,75.4610,71.7360,80.6830,108.9220,18.9542,7.2910,5.4830,12.3994,11.4736,13.8143
2019/6/5 21:24,108.3010,121.5850,137.3790,75.4520,71.7240,80.6680,108.9030,18.9506,7.2890,5.4821,12.3971,11.4714,13.8116
2019/6/5 21:25,108.2950,121.5780,137.3710,75.4440,71.7180,80.6570,108.8960,18.9496,7.2880,5.4827,12.3963,11.4706,13.8109
2019/6/5 21:26,108.2970,121.5810,137.3740,75.4490,71.7250,80.6690,108.9010,18.9466,7.2890,5.4829,12.3970,11.4709,13.8112
2019/6/5 21:27,108.2950,121.5780,137.3710,75.4370,71.7180,80.6690,108.8970,18.9462,7.2890,5.4807,12.3968,11.4708,13.8108
2019/6/5 21:28,108.2920,121.5780,137.3680,75.4330,71.7210,80.6730,108.9010,18.9457,7.2880,5.4803,12.3969,11.4711,13.8106
2019/6/5 21:29,108.2880,121.5800,137.3670,75.4350,71.7270,80.6780,108.8990,18.9450,7.2880,5.4803,12.3933,11.4709,13.8099
2019/6/5 21:30,108.2840,121.5750,137.3630,75.4430,71.7300,80.6830,108.8960,18.9443,7.2880,5.4798,12.3924,11.4706,13.8094
2019/6/5 21:31,108.2950,121.5890,137.3770,75.4390,71.7380,80.6860,108.9070,18.9462,7.2890,5.4793,12.3935,11.4718,13.8110
2019/6/5 21:32,108.2840,121.5760,137.3620,75.4170,71.7200,80.6770,108.8950,18.9443,7.2870,5.4786,12.3919,11.4704,13.8096
2019/6/5 21:33,108.3010,121.5830,137.3740,75.4220,71.7290,80.6850,108.9020,18.9473,7.2890,5.4796,12.3937,11.4715,13.8117
2019/6/5 21:34,108.3020,121.5900,137.3700,75.4200,71.7300,80.6850,108.9050,18.9474,7.2880,5.4799,12.3940,11.4722,13.8118
2019/6/5 21:35,108.3000,121.5970,137.3690,75.4190,71.7290,80.6830,108.9120,18.9471,7.2890,5.4797,12.3942,11.4722,13.8116
2019/6/5 21:36,108.3070,121.6040,137.3790,75.4270,71.7340,80.6870,108.9180,18.9483,7.2890,5.4803,12.3946,11.4728,13.8124
2019/6/5 21:37,108.3060,121.6010,137.3710,75.4410,71.7410,80.6860,108.9170,18.9481,7.2890,5.4800,12.3943,11.4723,13.8123
2019/6/5 21:38,108.3040,121.5990,137.3680,75.4280,71.7380,80.6840,108.9160,18.9478,7.2890,5.4800,12.3949,11.4721,13.8120
2019/6/5 21:39,108.2970,121.5920,137.3610,75.4310,71.7330,80.6780,108.9080,18.9466,7.2890,5.4799,12.3934,11.4718,13.8109
2019/6/5 21:40,108.2920,121.5890,137.3530,75.4260,71.7350,80.6750,108.9040,18.9457,7.2870,5.4795,12.3939,11.4711,13.8104
2019/6/5 21:41,108.2950,121.5890,137.3540,75.4260,71.7350,80.6790,108.9050,18.9462,7.2890,5.4794,12.3936,11.4712,13.8110
2019/6/5 21:42,108.2890,121.5780,137.3460,75.4180,71.7280,80.6690,108.8900,18.9452,7.2880,5.4792,12.3922,11.4705,13.8105
2019/6/5 21:43,108.2880,121.5810,137.3510,75.4070,71.7290,80.6690,108.8920,18.9470,7.2880,5.4791,12.3924,11.4707,13.8105
2019/6/5 21:44,108.2890,121.5820,137.3510,75.4180,71.7420,80.6750,108.8930,18.9481,7.2880,5.4794,12.3932,11.4708,13.8108
2019/6/5 21:45,108.2780,121.5730,137.3460,75.4080,71.7260,80.6660,108.8890,18.9433,7.2870,5.4787,12.3913,11.4694,13.8095
2019/6/5 21:46,108.2800,121.5720,137.3460,75.4160,71.7300,80.6720,108.8900,18.9506,7.2870,5.4788,12.3922,11.4693,13.8100
2019/6/5 21:47,108.2790,121.5670,137.3540,75.4180,71.7350,80.6710,108.8890,18.9434,7.2870,5.4787,12.3902,11.4689,13.8099
2019/6/5 21:48,108.2890,121.5820,137.3690,75.4380,71.7530,80.6850,108.8910,18.9519,7.2880,5.4801,12.3918,11.4701,13.8110
2019/6/5 21:49,108.2760,121.5660,137.3420,75.4230,71.7470,80.6750,108.8820,18.9472,7.2870,5.4796,12.3904,11.4678,13.8093
2019/6/5 21:50,108.2710,121.5580,137.3350,75.4210,71.7420,80.6710,108.8790,18.9500,7.2860,5.4784,12.3907,11.4672,13.8088
2019/6/5 21:51,108.2690,121.5640,137.3340,75.4310,71.7500,80.6710,108.8780,18.9417,7.2870,5.4784,12.3885,11.4676,13.8086
2019/6/5 21:52,108.2570,121.5560,137.3290,75.4200,71.7470,80.6600,108.8770,18.9450,7.2850,5.4781,12.3949,11.4671,13.8070
2019/6/5 21:53,108.2550,121.5570,137.3260,75.4200,71.7430,80.6620,108.8730,18.9417,7.2850,5.4776,12.3887,11.4671,13.8068
2019/6/5 21:54,108.2450,121.5450,137.3140,75.3910,71.7330,80.6530,108.8660,18.9225,7.2850,5.4771,12.3883,11.4656,13.8055
2019/6/5 21:55,108.2530,121.5520,137.3260,75.4030,71.7390,80.6590,108.8720,18.9400,7.2850,5.4775,12.3888,11.4665,13.8064
2019/6/5 21:56,108.2530,121.5520,137.3240,75.3970,71.7380,80.6580,108.8720,18.9375,7.2860,5.4774,12.3941,11.4665,13.8064
2019/6/5 21:57,108.2520,121.5400,137.3120,75.3970,71.7370,80.6570,108.8620,18.9390,7.2860,5.4774,12.3899,11.4654,13.8069
2019/6/5 21:58,108.2590,121.5330,137.3200,75.4060,71.7340,80.6630,108.8560,18.9389,7.2850,5.4776,12.3885,11.4646,13.8088
2019/6/5 21:59,108.2570,121.5190,137.3070,75.4010,71.7200,80.6610,108.8490,18.9218,7.2850,5.4770,12.3872,11.4633,13.8081
2019/6/5 22:00,108.2560,121.5330,137.3150,75.4030,71.7170,80.6600,108.8640,18.9196,7.2850,5.4774,12.3892,11.4646,13.8084
2019/6/5 22:01,108.2630,121.5420,137.3270,75.4090,71.7230,80.6710,108.8680,18.9165,7.2860,5.4777,12.3907,11.4652,13.8091
2019/6/5 22:02,108.2620,121.5380,137.3240,75.3990,71.7120,80.6670,108.8630,18.9166,7.2860,5.4773,12.3895,11.4648,13.8087
2019/6/5 22:03,108.2670,121.5380,137.3220,75.4080,71.7140,80.6730,108.8670,18.9178,7.2860,5.4779,12.3885,11.4649,13.8091
2019/6/5 22:04,108.2680,121.5320,137.3130,75.3970,71.7150,80.6700,108.8640,18.9196,7.2860,5.4780,12.3887,11.4642,13.8091
2019/6/5 22:05,108.2710,121.5330,137.3270,75.3990,71.7170,80.6710,108.8650,18.9179,7.2860,5.4782,12.3895,11.4643,13.8096
2019/6/5 22:06,108.2810,121.5490,137.3410,75.4100,71.7270,80.6800,108.8730,18.9216,7.2870,5.4788,12.3905,11.4656,13.8108
2019/6/5 22:07,108.2870,121.5570,137.3490,75.4150,71.7350,80.6850,108.8790,18.9277,7.2880,5.4795,12.3925,11.4663,13.8116
2019/6/5 22:08,108.3010,121.5720,137.3760,75.4320,71.7470,80.7000,108.8910,18.9314,7.2880,5.4803,12.3908,11.4678,13.8133
2019/6/5 22:09,108.3010,121.5750,137.3760,75.4250,71.7390,80.7000,108.8890,18.9312,7.2890,5.4803,12.3926,11.4678,13.8133
2019/6/5 22:10,108.3120,121.5850,137.3770,75.4390,71.7460,80.7080,108.8910,18.9332,7.2890,5.4821,12.3970,11.4690,13.8147
2019/6/5 22:11,108.3130,121.5880,137.3810,75.4400,71.7450,80.7080,108.8920,18.9331,7.2900,5.4821,12.3933,11.4692,13.8148
2019/6/5 22:12,108.3180,121.5920,137.3850,75.4450,71.7470,80.7120,108.8960,18.9344,7.2890,5.4828,12.3948,11.4697,13.8152
2019/6/5 22:13,108.3190,121.5950,137.3850,75.4450,71.7480,80.7130,108.8990,18.9340,7.2900,5.4829,12.3959,11.4699,13.8153
2019/6/5 22:14,108.3050,121.5790,137.3720,75.4460,71.7490,80.7050,108.8850,18.9315,7.2890,5.4822,12.3938,11.4683,13.8135
2019/6/5 22:15,108.3050,121.5760,137.3670,75.4380,71.7400,80.7020,108.8830,18.9314,7.2890,5.4822,12.3911,11.4683,13.8134
2019/6/5 22:16,108.3040,121.5760,137.3690,75.4370,71.7410,80.7020,108.8820,18.9312,7.2890,5.4821,12.3894,11.4683,13.8135
2019/6/5 22:17,108.3040,121.5790,137.3690,75.4370,71.7400,80.7020,108.8820,18.9311,7.2890,5.4822,12.3897,11.4685,13.8135
2019/6/5 22:18,108.2920,121.5660,137.3540,75.4250,71.7330,80.6930,108.8710,18.9290,7.2880,5.4816,12.3889,11.4674,13.8121
2019/6/5 22:19,108.2910,121.5630,137.3490,75.4270,71.7400,80.6920,108.8700,18.9291,7.2880,5.4815,12.3916,11.4671,13.8118
2019/6/5 22:20,108.2800,121.5460,137.3360,75.4230,71.7360,80.6830,108.8590,18.9270,7.2860,5.4804,12.3894,11.4661,13.8104
2019/6/5 22:21,108.2830,121.5450,137.3410,75.4140,71.7180,80.6870,108.8500,18.9272,7.2870,5.4805,12.3885,11.4658,13.8107
2019/6/5 22:22,108.2820,121.5450,137.3360,75.4120,71.7170,80.6850,108.8500,18.9267,7.2870,5.4804,12.3874,11.4659,13.8105
2019/6/5 22:23,108.2740,121.5340,137.3270,75.4110,71.7200,80.6790,108.8410,18.9248,7.2870,5.4800,12.3866,11.4650,13.8096
2019/6/5 22:24,108.2620,121.5170,137.3140,75.4010,71.7120,80.6610,108.8290,18.9227,7.2860,5.4794,12.3858,11.4634,13.8080
2019/6/5 22:25,108.2680,121.5240,137.3210,75.4090,71.7180,80.6650,108.8250,18.9237,7.2860,5.4797,12.3866,11.4641,13.8090
2019/6/5 22:26,108.2690,121.5220,137.3220,75.4240,71.7210,80.6710,108.8260,18.9238,7.2870,5.4803,12.3875,11.4635,13.8091
2019/6/5 22:27,108.2820,121.5420,137.3360,75.4310,71.7280,80.6880,108.8380,18.9263,7.2870,5.4810,12.3880,11.4653,13.8108
2019/6/5 22:28,108.2710,121.5280,137.3230,75.4240,71.7310,80.6800,108.8280,18.9242,7.2860,5.4802,12.3872,11.4641,13.8093
2019/6/5 22:29,108.2740,121.5390,137.3290,75.4280,71.7310,80.6850,108.8320,18.9247,7.2870,5.4800,12.3875,11.4651,13.8098
2019/6/5 22:30,108.2730,121.5410,137.3290,75.4450,71.7440,80.6940,108.8350,18.9237,7.2870,5.4806,12.3944,11.4654,13.8097
2019/6/5 22:31,108.2750,121.5460,137.3330,75.4380,71.7540,80.6970,108.8320,18.9244,7.2860,5.4807,12.3947,11.4657,13.8100
2019/6/5 22:32,108.2790,121.5540,137.3470,75.4640,71.7700,80.7040,108.8350,18.9241,7.2870,5.4809,12.3951,11.4667,13.8104
2019/6/5 22:33,108.2910,121.5620,137.3630,75.4730,71.7790,80.7180,108.8440,18.9262,7.2870,5.4818,12.3921,11.4673,13.8119
2019/6/5 22:34,108.2920,121.5640,137.3620,75.4710,71.7790,80.7170,108.8460,18.9263,7.2880,5.4802,12.3917,11.4680,13.8120
2019/6/5 22:35,108.2940,121.5710,137.3660,75.4720,71.7800,80.7190,108.8490,18.9267,7.2880,5.4797,12.3932,11.4688,13.8123
2019/6/5 22:36,108.2930,121.5660,137.3640,75.4750,71.7800,80.7220,108.8490,18.9264,7.2870,5.4796,12.3919,11.4682,13.8120
2019/6/5 22:37,108.2990,121.5730,137.3720,75.4910,71.7940,80.7300,108.8540,18.9276,7.2880,5.4803,12.3907,11.4688,13.8128
2019/6/5 22:38,108.2940,121.5650,137.3650,75.4750,71.7860,80.7290,108.8510,18.9297,7.2880,5.4801,12.3954,11.4680,13.8123
2019/6/5 22:39,108.2920,121.5530,137.3540,75.4710,71.7780,80.7230,108.8460,18.9213,7.2870,5.4795,12.3937,11.4669,13.8120
2019/6/5 22:40,108.2910,121.5550,137.3510,75.4750,71.7730,80.7230,108.8450,18.9254,7.2880,5.4795,12.3943,11.4676,13.8119
2019/6/5 22:41,108.2920,121.5550,137.3520,75.4830,71.7760,80.7250,108.8460,18.9243,7.2870,5.4796,12.3946,11.4671,13.8119
2019/6/5 22:42,108.2780,121.5380,137.3350,75.4700,71.7660,80.7090,108.8320,18.9206,7.2870,5.4791,12.3922,11.4651,13.8102
2019/6/5 22:43,108.2760,121.5330,137.3320,75.4580,71.7590,80.7080,108.8320,18.9222,7.2860,5.4787,12.3919,11.4652,13.8100
2019/6/5 22:44,108.2740,121.5380,137.3320,75.4620,71.7580,80.7080,108.8290,18.9194,7.2870,5.4788,12.3917,11.4653,13.8098
2019/6/5 22:45,108.2700,121.5290,137.3270,75.4530,71.7520,80.7040,108.8280,18.9186,7.2870,5.4786,12.3910,11.4648,13.8096
2019/6/5 22:46,108.2760,121.5370,137.3310,75.4570,71.7560,80.7080,108.8310,18.9196,7.2870,5.4788,12.3920,11.4657,13.8105
2019/6/5 22:47,108.2750,121.5370,137.3320,75.4550,71.7540,80.7070,108.8300,18.9193,7.2860,5.4787,12.3919,11.4655,13.8102
2019/6/5 22:48,108.2720,121.5330,137.3300,75.4510,71.7540,80.7040,108.8280,18.9188,7.2870,5.4779,12.3928,11.4652,13.8098
2019/6/5 22:49,108.2710,121.5400,137.3350,75.4550,71.7550,80.7090,108.8370,18.9186,7.2870,5.4779,12.3935,11.4657,13.8094
2019/6/5 22:50,108.2750,121.5510,137.3420,75.4620,71.7630,80.7120,108.8430,18.9193,7.2860,5.4781,12.3982,11.4665,13.8100
2019/6/5 22:51,108.2650,121.5440,137.3310,75.4540,71.7510,80.7040,108.8410,18.9150,7.2860,5.4776,12.3904,11.4660,13.8088
2019/6/5 22:52,108.2710,121.5510,137.3460,75.4650,71.7620,80.7080,108.8450,18.9160,7.2860,5.4779,12.3917,11.4668,13.8096
2019/6/5 22:53,108.2600,121.5430,137.3350,75.4640,71.7790,80.7060,108.8410,18.9138,7.2860,5.4777,12.3903,11.4661,13.8082
2019/6/5 22:54,108.2600,121.5430,137.3380,75.4610,71.7850,80.7020,108.8450,18.9138,7.2860,5.4777,12.3940,11.4661,13.8082
2019/6/5 22:55,108.2660,121.5450,137.3340,75.4650,71.7880,80.7060,108.8460,18.9284,7.2860,5.4776,12.3917,11.4663,13.8088
2019/6/5 22:56,108.2640,121.5390,137.3350,75.4600,71.7830,80.7040,108.8420,18.9223,7.2870,5.4775,12.3945,11.4659,13.8086
2019/6/5 22:57,108.2590,121.5350,137.3300,75.4560,71.7790,80.7000,108.8370,18.9227,7.2860,5.4773,12.3935,11.4653,13.8078
2019/6/5 22:58,108.2580,121.5390,137.3410,75.4620,71.7820,80.7010,108.8360,18.9251,7.2860,5.4772,12.3946,11.4655,13.8077
2019/6/5 22:59,108.2640,121.5480,137.3600,75.4690,71.7890,80.7090,108.8450,18.9273,7.2860,5.4775,12.3943,11.4664,13.8081
2019/6/5 23:00,108.2580,121.5410,137.3540,75.4470,71.7770,80.7000,108.8450,18.9260,7.2850,5.4772,12.3932,11.4661,13.8074
2019/6/5 23:01,108.2580,121.5480,137.3490,75.4560,71.7830,80.7110,108.8470,18.9262,7.2860,5.4804,12.3943,11.4666,13.8074
2019/6/5 23:02,108.2740,121.5550,137.3610,75.4610,71.7870,80.7250,108.8560,18.9290,7.2870,5.4811,12.3949,11.4672,13.8092
2019/6/5 23:03,108.2800,121.5610,137.3380,75.4760,71.7920,80.7220,108.8570,18.9305,7.2870,5.4824,12.3931,11.4677,13.8101
2019/6/5 23:04,108.2760,121.5640,137.3550,75.4820,71.7980,80.7240,108.8620,18.9291,7.2860,5.4823,12.3924,11.4678,13.8096
2019/6/5 23:05,108.2820,121.5760,137.3660,75.4830,71.8010,80.7230,108.8710,18.9300,7.2860,5.4820,12.3984,11.4690,13.8104
2019/6/5 23:06,108.2810,121.5730,137.3620,75.4720,71.7950,80.7280,108.8690,18.9295,7.2890,5.4815,12.3936,11.4691,13.8102
2019/6/5 23:07,108.2810,121.5750,137.3610,75.4720,71.8010,80.7280,108.8710,18.9296,7.2850,5.4816,12.3934,11.4692,13.8100
2019/6/5 23:08,108.2770,121.5700,137.3570,75.4690,71.8000,80.7260,108.8670,18.9289,7.2850,5.4815,12.3927,11.4687,13.8095
2019/6/5 23:09,108.2750,121.5690,137.3610,75.4600,71.7840,80.7230,108.8640,18.9285,7.2840,5.4800,12.3978,11.4685,13.8093
2019/6/5 23:10,108.2680,121.5640,137.3560,75.4630,71.7800,80.7180,108.8600,18.9293,7.2850,5.4795,12.3976,11.4685,13.8084
2019/6/5 23:11,108.2570,121.5570,137.3510,75.4590,71.7740,80.7100,108.8570,18.9376,7.2840,5.4791,12.3968,11.4678,13.8070
2019/6/5 23:12,108.2450,121.5500,137.3380,75.4560,71.7750,80.7070,108.8450,18.9363,7.2830,5.4788,12.3934,11.4669,13.8054
2019/6/5 23:13,108.2320,121.5530,137.3310,75.4510,71.7680,80.7040,108.8440,18.9371,7.2840,5.4787,12.3919,11.4669,13.8038
2019/6/5 23:14,108.2220,121.5350,137.3190,75.4460,71.7610,80.6970,108.8320,18.9355,7.2820,5.4782,12.3899,11.4650,13.8026
2019/6/5 23:15,108.2270,121.5420,137.3230,75.4480,71.7620,80.6990,108.8370,18.9273,7.2820,5.4782,12.3905,11.4659,13.8033
2019/6/5 23:16,108.2300,121.5430,137.3270,75.4470,71.7590,80.7020,108.8420,18.9329,7.2820,5.4783,12.3955,11.4658,13.8039
2019/6/5 23:17,108.2410,121.5560,137.3440,75.4530,71.7650,80.7160,108.8510,18.9341,7.2830,5.4789,12.3981,11.4669,13.8053
2019/6/5 23:18,108.2390,121.5550,137.3400,75.4490,71.7650,80.7140,108.8480,18.9339,7.2840,5.4782,12.3972,11.4666,13.8050
2019/6/5 23:19,108.2390,121.5580,137.3400,75.4520,71.7670,80.7150,108.8500,18.9366,7.2840,5.4798,12.3933,11.4670,13.8050
2019/6/5 23:20,108.2380,121.5530,137.3400,75.4470,71.7640,80.7140,108.8490,18.9367,7.2850,5.4797,12.3940,11.4666,13.8049
2019/6/5 23:21,108.2370,121.5500,137.3380,75.4510,71.7670,80.7120,108.8470,18.9371,7.2850,5.4799,12.3991,11.4664,13.8048
2019/6/5 23:22,108.2350,121.5430,137.3240,75.4450,71.7620,80.7070,108.8420,18.9332,7.2850,5.4796,12.3989,11.4657,13.8048
2019/6/5 23:23,108.2330,121.5420,137.3220,75.4420,71.7560,80.7050,108.8360,18.9369,7.2840,5.4800,12.3942,11.4655,13.8045
2019/6/5 23:24,108.2390,121.5480,137.3290,75.4600,71.7620,80.7150,108.8400,18.9378,7.2840,5.4801,12.3970,11.4663,13.8053
2019/6/5 23:25,108.2360,121.5480,137.3140,75.4510,71.7580,80.7110,108.8450,18.9376,7.2840,5.4801,12.3976,11.4665,13.8049
2019/6/5 23:26,108.2370,121.5510,137.3290,75.4590,71.7590,80.7140,108.8450,18.9377,7.2850,5.4801,12.3915,11.4660,13.8050
2019/6/5 23:27,108.2390,121.5580,137.3320,75.4570,71.7610,80.7140,108.8760,18.9383,7.2850,5.4803,12.3920,11.4674,13.8053
2019/6/5 23:28,108.2330,121.5480,137.3320,75.4450,71.7570,80.7110,108.8590,18.9369,7.2850,5.4799,12.3941,11.4661,13.8045
2019/6/5 23:29,108.2350,121.5550,137.3430,75.4550,71.7600,80.7160,108.8480,18.9372,7.2850,5.4801,12.3979,11.4669,13.8048
2019/6/5 23:30,108.2150,121.5310,137.3080,75.4370,71.7460,80.6950,108.8300,18.9337,7.2830,5.4789,12.3949,11.4647,13.8022
2019/6/5 23:31,108.2260,121.5430,137.3030,75.4400,71.7490,80.7030,108.8420,18.9357,7.2840,5.4795,12.3961,11.4657,13.8037
2019/6/5 23:32,108.2230,121.5400,137.3080,75.4440,71.7520,80.7020,108.8480,18.9353,7.2830,5.4793,12.3950,11.4654,13.8033
2019/6/5 23:33,108.2160,121.5300,137.2880,75.4340,71.7480,80.6970,108.8400,18.9341,7.2820,5.4789,12.3962,11.4648,13.8024
2019/6/5 23:34,108.2220,121.5390,137.2920,75.4370,71.7480,80.7000,108.8420,18.9350,7.2820,5.4794,12.3911,11.4656,13.8031
2019/6/5 23:35,108.2210,121.5360,137.3230,75.4360,71.7500,80.7010,108.8330,18.9349,7.2830,5.4791,12.3925,11.4649,13.8030
2019/6/5 23:36,108.2170,121.5320,137.3140,75.4240,71.7470,80.6980,108.8270,18.9343,7.2830,5.4789,12.3924,11.4649,13.8025
2019/6/5 23:37,108.2200,121.5300,137.3170,75.4250,71.7480,80.7000,108.8260,18.9267,7.2830,5.4791,12.3896,11.4644,13.8029
2019/6/5 23:38,108.2230,121.5330,137.3310,75.4270,71.7520,80.6980,108.8360,18.9334,7.2810,5.4795,12.3892,11.4645,13.8033
2019/6/5 23:39,108.2230,121.5360,137.3210,75.4250,71.7510,80.6960,108.8420,18.9312,7.2810,5.4795,12.3954,11.4654,13.8034
2019/6/5 23:40,108.2230,121.5410,137.3240,75.4270,71.7500,80.7030,108.8410,18.9320,7.2810,5.4793,12.3862,11.4652,13.8034
2019/6/5 23:41,108.2220,121.5330,137.3230,75.4240,71.7460,80.7000,108.8250,18.9318,7.2820,5.4769,12.3943,11.4647,13.8033
2019/6/5 23:42,108.2220,121.5380,137.3260,75.4220,71.7450,80.6960,108.8270,18.9315,7.2810,5.4769,12.3952,11.4652,13.8034
2019/6/5 23:43,108.2210,121.5310,137.3230,75.4200,71.7450,80.6940,108.8250,18.9276,7.2800,5.4768,12.3943,11.4654,13.8033
2019/6/5 23:44,108.2170,121.5330,137.3230,75.4170,71.7430,80.6910,108.8230,18.9270,7.2790,5.4767,12.3938,11.4648,13.8028
2019/6/5 23:45,108.2120,121.5230,137.3180,75.4140,71.7380,80.6880,108.8170,18.9263,7.2780,5.4760,12.3883,11.4643,13.8024
2019/6/5 23:46,108.2120,121.5290,137.3200,75.4200,71.7430,80.6900,108.8130,18.9259,7.2790,5.4761,12.3907,11.4642,13.8025
2019/6/5 23:47,108.2200,121.5370,137.3060,75.4230,71.7480,80.6980,108.8190,18.9281,7.2810,5.4765,12.3901,11.4649,13.8035
2019/6/5 23:48,108.2170,121.5350,137.3120,75.4200,71.7440,80.6960,108.8140,18.9287,7.2810,5.4759,12.3951,11.4654,13.8032
2019/6/5 23:49,108.2170,121.5310,137.3010,75.4180,71.7340,80.6910,108.8060,18.9273,7.2810,5.4758,12.3889,11.4654,13.8032
2019/6/5 23:50,108.2170,121.5290,137.3020,75.4240,71.7360,80.6920,108.8020,18.9272,7.2810,5.4745,12.3881,11.4653,13.8031
2019/6/5 23:51,108.2220,121.5370,137.3060,75.4320,71.7410,80.6960,108.8090,18.9279,7.2800,5.4748,12.3921,11.4660,13.8038
2019/6/5 23:52,108.2230,121.5360,137.3090,75.4330,71.7380,80.6970,108.8020,18.9288,7.2820,5.4748,12.3932,11.4663,13.8040
2019/6/5 23:53,108.2250,121.5410,137.3110,75.4270,71.7400,80.6960,108.8020,18.9269,7.2810,5.4747,12.3924,11.4665,13.8042
2019/6/5 23:54,108.2310,121.5440,137.3110,75.4280,71.7360,80.6960,108.7970,18.9316,7.2810,5.4749,12.3940,11.4667,13.8050
2019/6/5 23:55,108.2290,121.5360,137.3040,75.4190,71.7330,80.6950,108.7970,18.9285,7.2800,5.4745,12.3937,11.4660,13.8048
2019/6/5 23:56,108.2300,121.5460,137.3140,75.4200,71.7230,80.6970,108.7970,18.9278,7.2800,5.4747,12.3926,11.4668,13.8049
2019/6/5 23:57,108.2310,121.5480,137.3190,75.4270,71.7250,80.6990,108.8000,18.9292,7.2820,5.4749,12.3953,11.4666,13.8050
2019/6/5 23:58,108.2400,121.5530,137.3220,75.4330,71.7320,80.7090,108.8080,18.9293,7.2810,5.4755,12.3955,11.4664,13.8069
2019/6/5 23:59,108.2420,121.5590,137.3290,75.4380,71.7320,80.7140,108.8100,18.9301,7.2810,5.4756,12.3964,11.4669,13.8071
2019/6/6 0:00,108.2400,121.5540,137.3190,75.4360,71.7300,80.7150,108.8110,18.9304,7.2810,5.4755,12.3925,11.4660,13.8069
2019/6/6 0:01,108.2390,121.5560,137.3180,75.4290,71.7290,80.7140,108.8170,18.9315,7.2820,5.4754,12.3914,11.4665,13.8068
2019/6/6 0:02,108.2360,121.5500,137.3140,75.4260,71.7180,80.7050,108.8170,18.9300,7.2820,5.4752,12.3933,11.4663,13.8064
2019/6/6 0:03,108.2410,121.5560,137.3090,75.4370,71.7260,80.7090,108.8180,18.9309,7.2800,5.4754,12.3942,11.4665,13.8070
2019/6/6 0:04,108.2400,121.5580,137.3060,75.4380,71.7310,80.7090,108.8200,18.9308,7.2800,5.4754,12.3947,11.4674,13.8069
2019/6/6 0:05,108.2460,121.5650,137.3250,75.4400,71.7340,80.7160,108.8260,18.9318,7.2810,5.4757,12.3928,11.4671,13.8076
2019/6/6 0:06,108.2400,121.5580,137.3160,75.4330,71.7300,80.7140,108.8200,18.9316,7.2810,5.4754,12.3895,11.4664,13.8069
2019/6/6 0:07,108.2360,121.5570,137.3170,75.4400,71.7300,80.7110,108.8170,18.9314,7.2800,5.4772,12.3940,11.4663,13.8064
2019/6/6 0:08,108.2280,121.5500,137.3040,75.4300,71.7220,80.7050,108.8090,18.9289,7.2800,5.4771,12.3883,11.4669,13.8054
2019/6/6 0:09,108.2260,121.5430,137.2900,75.4300,71.7210,80.7030,108.8050,18.9302,7.2800,5.4771,12.3906,11.4646,13.8052
2019/6/6 0:10,108.2250,121.5470,137.3060,75.4270,71.7220,80.7000,108.8050,18.9277,7.2790,5.4772,12.3895,11.4664,13.8051
2019/6/6 0:11,108.2220,121.5440,137.3010,75.4250,71.7200,80.6950,108.8120,18.9269,7.2790,5.4769,12.3920,11.4658,13.8047
2019/6/6 0:12,108.2260,121.5470,137.2980,75.4230,71.7230,80.6970,108.8150,18.9289,7.2800,5.4772,12.3886,11.4668,13.8052
2019/6/6 0:13,108.2220,121.5370,137.2840,75.4220,71.7160,80.6900,108.8120,18.9283,7.2810,5.4765,12.3875,11.4657,13.8047
2019/6/6 0:14,108.2120,121.5260,137.2800,75.4140,71.7110,80.6860,108.8040,18.9272,7.2790,5.4760,12.3877,11.4646,13.8034
2019/6/6 0:15,108.2240,121.5400,137.2980,75.4290,71.7180,80.6970,108.8130,18.9293,7.2800,5.4764,12.3890,11.4655,13.8049
2019/6/6 0:16,108.2180,121.5340,137.2910,75.4180,71.7140,80.6910,108.8090,18.9288,7.2790,5.4741,12.3902,11.4649,13.8042
2019/6/6 0:17,108.2180,121.5360,137.2900,75.4170,71.7160,80.6890,108.8110,18.9290,7.2790,5.4741,12.3897,11.4655,13.8042
2019/6/6 0:18,108.2170,121.5340,137.2800,75.4150,71.7150,80.6890,108.8090,18.9289,7.2790,5.4740,12.3894,11.4657,13.8041
2019/6/6 0:19,108.2130,121.5310,137.2750,75.4080,71.7120,80.6830,108.8050,18.9284,7.2790,5.4736,12.3911,11.4649,13.8036
2019/6/6 0:20,108.2120,121.5300,137.2840,75.4090,71.7030,80.6830,108.8070,18.9287,7.2790,5.4723,12.3893,11.4653,13.8034
2019/6/6 0:21,108.2110,121.5270,137.2810,75.4070,71.7010,80.6820,108.8070,18.9293,7.2790,5.4719,12.3894,11.4650,13.8033
2019/6/6 0:22,108.2050,121.5230,137.2730,75.4040,71.6970,80.6820,108.8060,18.9282,7.2780,5.4716,12.3891,11.4646,13.8025
2019/6/6 0:23,108.2170,121.5380,137.2910,75.4180,71.7120,80.6920,108.8150,18.9301,7.2790,5.4723,12.3955,11.4662,13.8041
2019/6/6 0:24,108.2120,121.5310,137.2950,75.4070,71.7080,80.6890,108.8140,18.9295,7.2780,5.4721,12.3870,11.4653,13.8034
2019/6/6 0:25,108.2110,121.5270,137.2790,75.4050,71.7020,80.6920,108.8050,18.9287,7.2780,5.4719,12.3907,11.4646,13.8033
2019/6/6 0:26,108.2120,121.5280,137.2720,75.4090,71.7020,80.6940,108.8050,18.9297,7.2790,5.4726,12.3907,11.4646,13.8034
2019/6/6 0:27,108.2100,121.5260,137.2690,75.4060,71.7000,80.6910,108.8070,18.9299,7.2800,5.4744,12.3905,11.4643,13.8032
2019/6/6 0:28,108.2110,121.5310,137.2700,75.4140,71.7020,80.6920,108.8060,18.9301,7.2790,5.4733,12.3900,11.4648,13.8033
2019/6/6 0:29,108.2150,121.5320,137.2880,75.4140,71.7020,80.6950,108.8100,18.9326,7.2790,5.4734,12.3929,11.4655,13.8038
2019/6/6 0:30,108.2120,121.5260,137.2830,75.4120,71.6990,80.6920,108.8070,18.9317,7.2780,5.4733,12.3915,11.4651,13.8034
2019/6/6 0:31,108.2160,121.5280,137.2890,75.4160,71.7030,80.6960,108.8090,18.9320,7.2780,5.4758,12.3931,11.4650,13.8039
2019/6/6 0:32,108.2120,121.5240,137.2860,75.4090,71.6990,80.6930,108.8070,18.9323,7.2790,5.4754,12.3914,11.4644,13.8034
2019/6/6 0:33,108.2170,121.5280,137.2890,75.4160,71.7030,80.6970,108.8100,18.9287,7.2780,5.4757,12.3940,11.4652,13.8041
2019/6/6 0:34,108.2130,121.5240,137.2860,75.4180,71.7020,80.6950,108.8080,18.9265,7.2790,5.4754,12.3946,11.4647,13.8036
2019/6/6 0:35,108.2130,121.5240,137.2860,75.4160,71.7030,80.6940,108.8080,18.9279,7.2790,5.4762,12.3892,11.4641,13.8035
2019/6/6 0:36,108.2120,121.5220,137.2840,75.4140,71.7010,80.6930,108.8060,18.9281,7.2780,5.4761,12.3894,11.4643,13.8034
2019/6/6 0:37,108.2110,121.5230,137.2830,75.4120,71.7000,80.6920,108.8050,18.9279,7.2790,5.4770,12.3929,11.4646,13.8033
2019/6/6 0:38,108.2110,121.5230,137.2820,75.4150,71.6990,80.6930,108.8050,18.9293,7.2790,5.4775,12.3942,11.4655,13.8031
2019/6/6 0:39,108.2040,121.5260,137.2790,75.4280,71.7080,80.6870,108.8050,18.9281,7.2790,5.4780,12.3918,11.4657,13.8023
2019/6/6 0:40,108.2160,121.5430,137.3000,75.4410,71.7170,80.6960,108.8170,18.9313,7.2800,5.4785,12.3967,11.4677,13.8038
2019/6/6 0:41,108.2160,121.5410,137.2980,75.4380,71.7120,80.6960,108.8180,18.9312,7.2780,5.4789,12.3936,11.4669,13.8038
2019/6/6 0:42,108.2160,121.5410,137.2990,75.4370,71.7150,80.6960,108.8180,18.9312,7.2790,5.4787,12.3927,11.4669,13.8037
2019/6/6 0:43,108.2230,121.5490,137.3080,75.4430,71.7190,80.7000,108.8250,18.9311,7.2790,5.4790,12.3940,11.4678,13.8046
2019/6/6 0:44,108.2180,121.5430,137.3000,75.4380,71.7150,80.6960,108.8190,18.9316,7.2790,5.4787,12.3934,11.4673,13.8041
2019/6/6 0:45,108.2170,121.5430,137.2990,75.4400,71.7150,80.6960,108.8180,18.9313,7.2790,5.4780,12.3930,11.4673,13.8038
2019/6/6 0:46,108.2180,121.5440,137.3010,75.4380,71.7160,80.6960,108.8200,18.9317,7.2780,5.4781,12.3938,11.4672,13.8040
2019/6/6 0:47,108.2160,121.5420,137.3000,75.4380,71.7160,80.6970,108.8210,18.9311,7.2780,5.4779,12.3929,11.4674,13.8037
2019/6/6 0:48,108.2180,121.5460,137.3040,75.4390,71.7160,80.6980,108.8240,18.9314,7.2790,5.4783,12.3935,11.4679,13.8040
2019/6/6 0:49,108.2170,121.5430,137.2990,75.4370,71.7100,80.6960,108.8210,18.9316,7.2800,5.4782,12.3932,11.4675,13.8038
2019/6/6 0:50,108.2060,121.5340,137.2860,75.4310,71.7100,80.6880,108.8110,18.9297,7.2780,5.4782,12.3924,11.4668,13.8024
2019/6/6 0:51,108.2120,121.5380,137.2950,75.4350,71.7140,80.6930,108.8200,18.9315,7.2790,5.4779,12.3925,11.4672,13.8032
2019/6/6 0:52,108.2130,121.5380,137.2950,75.4390,71.7140,80.6940,108.8180,18.9320,7.2790,5.4782,12.3939,11.4677,13.8033
2019/6/6 0:53,108.2130,121.5400,137.2940,75.4380,71.7140,80.6930,108.8180,18.9304,7.2800,5.4784,12.3913,11.4673,13.8033
2019/6/6 0:54,108.2130,121.5370,137.2950,75.4360,71.7160,80.6930,108.8180,18.9317,7.2800,5.4782,12.3922,11.4676,13.8033
2019/6/6 0:55,108.2060,121.5300,137.2860,75.4320,71.7090,80.6880,108.8130,18.9305,7.2800,5.4781,12.3922,11.4670,13.8024
2019/6/6 0:56,108.2060,121.5380,137.2870,75.4300,71.7070,80.6880,108.8130,18.9307,7.2800,5.4790,12.3931,11.4678,13.8024
2019/6/6 0:57,108.2000,121.5360,137.2820,75.4400,71.7160,80.6890,108.8130,18.9296,7.2780,5.4787,12.3949,11.4680,13.8017
2019/6/6 0:58,108.2030,121.5360,137.2830,75.4530,71.7170,80.6900,108.8150,18.9301,7.2790,5.4788,12.3909,11.4675,13.8022
2019/6/6 0:59,108.1990,121.5370,137.2810,75.4480,71.7130,80.6880,108.8140,18.9294,7.2780,5.4786,12.3872,11.4673,13.8016
2019/6/6 1:00,108.2070,121.5400,137.3020,75.4550,71.7170,80.6940,108.8120,18.9307,7.2800,5.4781,12.3930,11.4683,13.8027
2019/6/6 1:01,108.1990,121.5320,137.2970,75.4530,71.7130,80.6880,108.8130,18.9293,7.2780,5.4751,12.3921,11.4673,13.8015
2019/6/6 1:02,108.2160,121.5440,137.3090,75.4560,71.7260,80.7020,108.8200,18.9309,7.2790,5.4758,12.3932,11.4684,13.8036
2019/6/6 1:03,108.2120,121.5380,137.3000,75.4500,71.7220,80.7030,108.8170,18.9317,7.2790,5.4755,12.3923,11.4678,13.8030
2019/6/6 1:04,108.2230,121.5430,137.3090,75.4480,71.7190,80.7010,108.8240,18.9341,7.2800,5.4761,12.3930,11.4683,13.8045
2019/6/6 1:05,108.2270,121.5480,137.3140,75.4490,71.7170,80.7040,108.8270,18.9344,7.2810,5.4766,12.3932,11.4686,13.8050
2019/6/6 1:06,108.2300,121.5510,137.3170,75.4530,71.7220,80.7070,108.8220,18.9347,7.2820,5.4768,12.3937,11.4689,13.8054
2019/6/6 1:07,108.2270,121.5450,137.3120,75.4500,71.7190,80.7050,108.8200,18.9343,7.2810,5.4767,12.3977,11.4689,13.8051
2019/6/6 1:08,108.2280,121.5440,137.3060,75.4410,71.7120,80.7060,108.8200,18.9349,7.2800,5.4765,12.3923,11.4684,13.8052
2019/6/6 1:09,108.2180,121.5350,137.2930,75.4330,71.7040,80.6980,108.8110,18.9348,7.2810,5.4744,12.3914,11.4674,13.8039
2019/6/6 1:10,108.2150,121.5320,137.3000,75.4450,71.7130,80.6980,108.8240,18.9326,7.2800,5.4736,12.3911,11.4672,13.8035
2019/6/6 1:11,108.2130,121.5270,137.2950,75.4390,71.7110,80.6950,108.8230,18.9323,7.2800,5.4738,12.3916,11.4672,13.8031
2019/6/6 1:12,108.2150,121.5470,137.3090,75.4490,71.7190,80.7030,108.8300,18.9326,7.2790,5.4746,12.3930,11.4691,13.8034
2019/6/6 1:13,108.1920,121.5180,137.2810,75.4230,71.6960,80.6850,108.8130,18.9296,7.2780,5.4733,12.3911,11.4661,13.8004
2019/6/6 1:14,108.1940,121.5230,137.2830,75.4290,71.6990,80.6840,108.8160,18.9302,7.2780,5.4728,12.3900,11.4665,13.8007
2019/6/6 1:15,108.1960,121.5250,137.2820,75.4240,71.6990,80.6860,108.8160,18.9282,7.2780,5.4730,12.3921,11.4669,13.8009
2019/6/6 1:16,108.1880,121.5180,137.2740,75.4240,71.7190,80.6810,108.8090,18.9266,7.2770,5.4730,12.3909,11.4661,13.7998
2019/6/6 1:17,108.1880,121.5230,137.2760,75.4350,71.7190,80.6840,108.7980,18.9270,7.2780,5.4729,12.3961,11.4671,13.7996
2019/6/6 1:18,108.1920,121.5250,137.2890,75.4380,71.7240,80.6880,108.8040,18.9280,7.2780,5.4731,12.3947,11.4674,13.8002
2019/6/6 1:19,108.1950,121.5330,137.2950,75.4410,71.7270,80.6910,108.8080,18.9279,7.2780,5.4733,12.3979,11.4679,13.8006
2019/6/6 1:20,108.2010,121.5360,137.2990,75.4450,71.7270,80.6980,108.8050,18.9299,7.2790,5.4739,12.3986,11.4684,13.8011
2019/6/6 1:21,108.2020,121.5370,137.3020,75.4460,71.7280,80.7010,108.8100,18.9301,7.2790,5.4737,12.3972,11.4686,13.8014
2019/6/6 1:22,108.2060,121.5360,137.3050,75.4470,71.7310,80.7040,108.8110,18.9306,7.2790,5.4741,12.3964,11.4684,13.8018
2019/6/6 1:23,108.2160,121.5480,137.3180,75.4560,71.7370,80.7070,108.8160,18.9321,7.2790,5.4748,12.3975,11.4695,13.8031
2019/6/6 1:24,108.2130,121.5440,137.3160,75.4530,71.7330,80.7040,108.8150,18.9319,7.2790,5.4747,12.3978,11.4690,13.8026
2019/6/6 1:25,108.2160,121.5470,137.3170,75.4540,71.7340,80.7050,108.8160,18.9323,7.2780,5.4749,12.3977,11.4693,13.8031
2019/6/6 1:26,108.2120,121.5410,137.3040,75.4420,71.7260,80.6990,108.8130,18.9309,7.2790,5.4745,12.3984,11.4685,13.8026
2019/6/6 1:27,108.2120,121.5390,137.2950,75.4380,71.7200,80.6980,108.8160,18.9318,7.2800,5.4749,12.3963,11.4682,13.8025
2019/6/6 1:28,108.2130,121.5400,137.2970,75.4430,71.7220,80.7000,108.8150,18.9320,7.2800,5.4750,12.3975,11.4683,13.8026
2019/6/6 1:29,108.2130,121.5410,137.2990,75.4500,71.7250,80.7060,108.8230,18.9319,7.2800,5.4763,12.3977,11.4685,13.8026
2019/6/6 1:30,108.2130,121.5440,137.2970,75.4480,71.7210,80.7040,108.8230,18.9318,7.2780,5.4757,12.3981,11.4683,13.8026
2019/6/6 1:31,108.2110,121.5460,137.2970,75.4490,71.7210,80.7030,108.8230,18.9308,7.2790,5.4758,12.3980,11.4680,13.8024
2019/6/6 1:32,108.2160,121.5510,137.3030,75.4540,71.7240,80.7070,108.8270,18.9324,7.2780,5.4761,12.3978,11.4684,13.8030
2019/6/6 1:33,108.2210,121.5510,137.3050,75.4520,71.7270,80.7100,108.8320,18.9332,7.2800,5.4763,12.3982,11.4690,13.8036
2019/6/6 1:34,108.2170,121.5490,137.3090,75.4440,71.7180,80.7070,108.8280,18.9326,7.2760,5.4761,12.3996,11.4686,13.8031
2019/6/6 1:35,108.2180,121.5520,137.3130,75.4430,71.7150,80.7020,108.8300,18.9328,7.2780,5.4762,12.3994,11.4692,13.8033
2019/6/6 1:36,108.2130,121.5540,137.3050,75.4410,71.7120,80.7010,108.8340,18.9319,7.2770,5.4761,12.3987,11.4695,13.8026
2019/6/6 1:37,108.2110,121.5510,137.3010,75.4450,71.7100,80.7030,108.8330,18.9306,7.2780,5.4776,12.3992,11.4691,13.8024
2019/6/6 1:38,108.2100,121.5510,137.3030,75.4450,71.7080,80.7010,108.8300,18.9310,7.2770,5.4774,12.3982,11.4690,13.8023
2019/6/6 1:39,108.1930,121.5350,137.2790,75.4270,71.6990,80.6840,108.8180,18.9284,7.2710,5.4759,12.3964,11.4675,13.8001
2019/6/6 1:40,108.2020,121.5480,137.2930,75.4410,71.7070,80.6930,108.8280,18.9299,7.2700,5.4747,12.3984,11.4686,13.8013
2019/6/6 1:41,108.2010,121.5400,137.2870,75.4420,71.7080,80.6900,108.8210,18.9296,7.2670,5.4736,12.3986,11.4683,13.8011
2019/6/6 1:42,108.1900,121.5250,137.2750,75.4250,71.6970,80.6770,108.8180,18.9303,7.2680,5.4732,12.3974,11.4667,13.7997
2019/6/6 1:43,108.1900,121.5220,137.2810,75.4280,71.7010,80.6810,108.8210,18.9309,7.2660,5.4732,12.3974,11.4663,13.7996
2019/6/6 1:44,108.1900,121.5270,137.2760,75.4290,71.7080,80.6820,108.8240,18.9308,7.2670,5.4733,12.3967,11.4657,13.7997
2019/6/6 1:45,108.1570,121.4930,137.2350,75.4000,71.6870,80.6520,108.8020,18.9248,7.2640,5.4697,12.3934,11.4624,13.7953
2019/6/6 1:46,108.1610,121.4980,137.2410,75.4140,71.7020,80.6560,108.8080,18.9254,7.2680,5.4698,12.3926,11.4630,13.7959
2019/6/6 1:47,108.1530,121.4880,137.2310,75.4090,71.7050,80.6500,108.8070,18.9241,7.2700,5.4685,12.3909,11.4619,13.7949
2019/6/6 1:48,108.1400,121.4750,137.2150,75.3990,71.6960,80.6420,108.7970,18.9212,7.2690,5.4678,12.3898,11.4609,13.7932
2019/6/6 1:49,108.1490,121.4890,137.2220,75.4160,71.7090,80.6460,108.8050,18.9227,7.2700,5.4687,12.3918,11.4620,13.7944
2019/6/6 1:50,108.1470,121.4870,137.2300,75.4210,71.7120,80.6540,108.8050,18.9223,7.2690,5.4694,12.3938,11.4623,13.7941
2019/6/6 1:51,108.1520,121.4970,137.2380,75.4320,71.7320,80.6580,108.8210,18.9227,7.2700,5.4696,12.3932,11.4633,13.7948
2019/6/6 1:52,108.1520,121.4980,137.2360,75.4330,71.7270,80.6580,108.8230,18.9216,7.2700,5.4696,12.3939,11.4633,13.7947
2019/6/6 1:53,108.1530,121.4960,137.2320,75.4220,71.7200,80.6610,108.8240,18.9215,7.2700,5.4698,12.3927,11.4638,13.7949
2019/6/6 1:54,108.1610,121.5050,137.2360,75.4270,71.7220,80.6640,108.8310,18.9247,7.2720,5.4702,12.3948,11.4648,13.7959
2019/6/6 1:55,108.1540,121.4980,137.2300,75.4230,71.7150,80.6590,108.8240,18.9232,7.2720,5.4696,12.3936,11.4640,13.7946
2019/6/6 1:56,108.1410,121.4810,137.2150,75.4120,71.7120,80.6500,108.8200,18.9213,7.2700,5.4681,12.3921,11.4624,13.7926
2019/6/6 1:57,108.1460,121.4880,137.2250,75.4180,71.7150,80.6540,108.8230,18.9217,7.2700,5.4692,12.3951,11.4632,13.7932
2019/6/6 1:58,108.1340,121.4730,137.2060,75.4070,71.7070,80.6400,108.8140,18.9192,7.2710,5.4695,12.3953,11.4616,13.7920
2019/6/6 1:59,108.1380,121.4790,137.1700,75.4090,71.7090,80.6420,108.8180,18.9208,7.2700,5.4698,12.3956,11.4625,13.7925
2019/6/6 2:00,108.1410,121.4790,137.1580,75.4090,71.7120,80.6440,108.8120,18.9200,7.2720,5.4713,12.3939,11.4619,13.7928
2019/6/6 2:01,108.1510,121.4970,137.1750,75.4210,71.7130,80.6520,108.8080,18.9235,7.2730,5.4741,12.3945,11.4633,13.7941
2019/6/6 2:02,108.1510,121.4940,137.1900,75.4300,71.7270,80.6480,108.7950,18.9243,7.2710,5.4740,12.3902,11.4625,13.7939
2019/6/6 2:03,108.1440,121.4890,137.1860,75.4180,71.7230,80.6370,108.7860,18.9108,7.2700,5.4725,12.3887,11.4612,13.7930
2019/6/6 2:04,108.1330,121.4810,137.1440,75.4160,71.7150,80.6320,108.7760,18.9079,7.2710,5.4729,12.3863,11.4577,13.7917
2019/6/6 2:05,108.0930,121.4480,137.0950,75.3810,71.6980,80.5930,108.7690,18.9010,7.2680,5.4693,12.3834,11.4546,13.7867
2019/6/6 2:06,108.0840,121.4120,137.0460,75.3420,71.6620,80.5750,108.7380,18.8968,7.2640,5.4664,12.3779,11.4493,13.7855
2019/6/6 2:07,108.0880,121.3910,137.0340,75.3410,71.6600,80.5760,108.7340,18.8843,7.2640,5.4673,12.3857,11.4478,13.7860
2019/6/6 2:08,108.1030,121.4080,137.0280,75.3490,71.6700,80.5890,108.7460,18.8790,7.2610,5.4679,12.3919,11.4515,13.7879
2019/6/6 2:09,108.1100,121.4130,137.0440,75.3420,71.6650,80.5850,108.7690,18.8697,7.2540,5.4670,12.3891,11.4517,13.7892
2019/6/6 2:10,108.1020,121.4040,137.0360,75.3260,71.6610,80.5820,108.7730,18.8671,7.2550,5.4671,12.3885,11.4513,13.7882
2019/6/6 2:11,108.1060,121.4060,137.0290,75.3280,71.6580,80.5790,108.7820,18.8801,7.2480,5.4657,12.3915,11.4509,13.7887
2019/6/6 2:12,108.0930,121.3950,137.0140,75.3200,71.6530,80.5740,108.7730,18.8681,7.2400,5.4652,12.3893,11.4499,13.7867
2019/6/6 2:13,108.1000,121.4030,137.0330,75.3300,71.6570,80.5780,108.7780,18.8438,7.2430,5.4659,12.3894,11.4506,13.7876
2019/6/6 2:14,108.1010,121.3980,137.0230,75.3240,71.6500,80.5750,108.7770,18.8369,7.2380,5.4654,12.3872,11.4505,13.7877
2019/6/6 2:15,108.0910,121.4010,137.0460,75.3280,71.6500,80.5710,108.7720,18.8334,7.2380,5.4647,12.3879,11.4508,13.7866
2019/6/6 2:16,108.1000,121.4110,137.0780,75.3350,71.6580,80.5780,108.7750,18.8312,7.2370,5.4661,12.3884,11.4518,13.7876
2019/6/6 2:17,108.1310,121.4400,137.1020,75.3560,71.6740,80.6010,108.7890,18.8374,7.2400,5.4686,12.3923,11.4580,13.7917
2019/6/6 2:18,108.1240,121.4280,137.1010,75.3530,71.6700,80.5960,108.7920,18.8417,7.2380,5.4686,12.3915,11.4568,13.7909
2019/6/6 2:19,108.1280,121.4330,137.1090,75.3600,71.6770,80.6000,108.7870,18.8635,7.2410,5.4690,12.3920,11.4575,13.7913
2019/6/6 2:20,108.1180,121.4210,137.0960,75.3490,71.6660,80.5910,108.7870,18.8748,7.2450,5.4687,12.3902,11.4535,13.7900
2019/6/6 2:21,108.1100,121.4110,137.0870,75.3420,71.6550,80.5850,108.7770,18.8346,7.2420,5.4683,12.3893,11.4525,13.7890
2019/6/6 2:22,108.1160,121.4190,137.0850,75.3400,71.6580,80.5890,108.7810,18.8354,7.2440,5.4679,12.3894,11.4531,13.7897
2019/6/6 2:23,108.1190,121.4220,137.0930,75.3370,71.6520,80.5910,108.7850,18.8177,7.2410,5.4676,12.3895,11.4540,13.7901
2019/6/6 2:24,108.1230,121.4200,137.0960,75.3400,71.6460,80.5950,108.7800,18.8139,7.2400,5.4681,12.3898,11.4534,13.7907
2019/6/6 2:25,108.1220,121.4160,137.0950,75.3400,71.6420,80.5890,108.7750,18.8083,7.2390,5.4685,12.3890,11.4528,13.7905
2019/6/6 2:26,108.1060,121.3920,137.0820,75.3280,71.6280,80.5760,108.7600,18.7921,7.2380,5.4673,12.3871,11.4509,13.7885
2019/6/6 2:27,108.1190,121.3960,137.0680,75.3300,71.6300,80.5800,108.7640,18.7930,7.2370,5.4678,12.3867,11.4505,13.7901
2019/6/6 2:28,108.1190,121.4050,137.0670,75.3290,71.6270,80.5800,108.7640,18.7895,7.2360,5.4674,12.3874,11.4515,13.7901
2019/6/6 2:29,108.1110,121.3940,137.0630,75.3210,71.6220,80.5700,108.7880,18.7829,7.2300,5.4667,12.3852,11.4506,13.7891
2019/6/6 2:30,108.0760,121.3370,137.0080,75.2920,71.5990,80.5310,108.7340,18.8133,7.2320,5.4657,12.3791,11.4449,13.7846
2019/6/6 2:31,108.0780,121.2960,136.9950,75.2790,71.5870,80.5270,108.7250,18.7996,7.2300,5.4639,12.3741,11.4407,13.7849
2019/6/6 2:32,108.0840,121.3070,137.0240,75.2970,71.5980,80.5380,108.7390,18.7826,7.2320,5.4639,12.3760,11.4432,13.7856
2019/6/6 2:33,108.0830,121.3170,137.0030,75.2950,71.6000,80.5320,108.7300,18.7650,7.2340,5.4624,12.3762,11.4440,13.7855
2019/6/6 2:34,108.0930,121.3300,137.0100,75.3100,71.6110,80.5450,108.7400,18.7664,7.2360,5.4654,12.3783,11.4448,13.7868
2019/6/6 2:35,108.0900,121.3270,136.9900,75.3020,71.6120,80.5420,108.7310,18.7638,7.2310,5.4629,12.3756,11.4439,13.7867
2019/6/6 2:36,108.0990,121.3510,137.0170,75.3130,71.6280,80.5550,108.7230,18.7649,7.2320,5.4635,12.3779,11.4445,13.7882
2019/6/6 2:37,108.1060,121.3560,137.0290,75.3180,71.6290,80.5570,108.7190,18.7676,7.2290,5.4630,12.3787,11.4479,13.7891
2019/6/6 2:38,108.0950,121.3550,137.0210,75.3130,71.6240,80.5510,108.7180,18.7634,7.2290,5.4628,12.3789,11.4471,13.7876
2019/6/6 2:39,108.1050,121.3580,137.0260,75.3170,71.6280,80.5540,108.7180,18.7626,7.2310,5.4619,12.3793,11.4469,13.7889
2019/6/6 2:40,108.1070,121.3590,137.0250,75.3180,71.6300,80.5550,108.7210,18.7675,7.2290,5.4607,12.3796,11.4457,13.7891
2019/6/6 2:41,108.1350,121.3980,137.0440,75.3480,71.6490,80.5820,108.7300,18.7700,7.2370,5.4634,12.3849,11.4506,13.7927
2019/6/6 2:42,108.1610,121.4340,137.0750,75.3840,71.6700,80.6210,108.7410,18.7833,7.2440,5.4690,12.3903,11.4545,13.7960
2019/6/6 2:43,108.1600,121.4390,137.0780,75.4020,71.6850,80.6290,108.7410,18.8075,7.2490,5.4717,12.3918,11.4559,13.7959
2019/6/6 2:44,108.1540,121.4400,137.0710,75.3980,71.6870,80.6190,108.7530,18.8080,7.2450,5.4709,12.3917,11.4555,13.7951
2019/6/6 2:45,108.1610,121.4500,137.0920,75.3950,71.6790,80.6200,108.7590,18.8087,7.2450,5.4699,12.3931,11.4554,13.7960
2019/6/6 2:46,108.1620,121.4490,137.1110,75.3940,71.6810,80.6170,108.7550,18.8167,7.2460,5.4696,12.3928,11.4556,13.7961
2019/6/6 2:47,108.1650,121.4600,137.1140,75.3990,71.6830,80.6190,108.7480,18.8159,7.2460,5.4715,12.3987,11.4578,13.7965
2019/6/6 2:48,108.1710,121.4600,137.1030,75.4060,71.6860,80.6290,108.7720,18.8183,7.2470,5.4723,12.4003,11.4585,13.7971
2019/6/6 2:49,108.1630,121.4570,137.0910,75.4010,71.6860,80.6240,108.7660,18.8190,7.2480,5.4721,12.4003,11.4579,13.7962
2019/6/6 2:50,108.1700,121.4540,137.0760,75.3960,71.6890,80.6170,108.7600,18.8178,7.2420,5.4719,12.3972,11.4578,13.7971
2019/6/6 2:51,108.1690,121.4320,137.0870,75.3880,71.6790,80.6170,108.7420,18.8025,7.2440,5.4709,12.3986,11.4573,13.7969
2019/6/6 2:52,108.1730,121.4510,137.0950,75.4010,71.6880,80.6290,108.7500,18.8004,7.2430,5.4720,12.4010,11.4593,13.7975
2019/6/6 2:53,108.1410,121.4320,137.0760,75.3890,71.6750,80.6020,108.7460,18.7796,7.2410,5.4701,12.3987,11.4579,13.7934
2019/6/6 2:54,108.1550,121.4490,137.0920,75.3990,71.6810,80.6160,108.7600,18.7801,7.2410,5.4706,12.4002,11.4592,13.7952
2019/6/6 2:55,108.1760,121.4680,137.1150,75.4050,71.6880,80.6270,108.7760,18.7827,7.2430,5.4716,12.4027,11.4613,13.7980
2019/6/6 2:56,108.1780,121.4780,137.1510,75.4220,71.6980,80.6360,108.7740,18.7896,7.2470,5.4782,12.4042,11.4626,13.7982
2019/6/6 2:57,108.1830,121.4890,137.1550,75.4180,71.6970,80.6420,108.7640,18.7880,7.2420,5.4758,12.4046,11.4647,13.7988
2019/6/6 2:58,108.1830,121.4790,137.1320,75.4060,71.6860,80.6370,108.7660,18.8003,7.2400,5.4774,12.4033,11.4651,13.7988
2019/6/6 2:59,108.1720,121.4590,137.0980,75.3870,71.6670,80.6270,108.7590,18.8111,7.2450,5.4783,12.4011,11.4645,13.7974
2019/6/6 3:00,108.1700,121.4200,137.0650,75.3620,71.6550,80.6190,108.7400,18.7724,7.2400,5.4760,12.3972,11.4607,13.7971
2019/6/6 3:01,108.1340,121.3910,137.0270,75.3380,71.6280,80.5860,108.7360,18.7695,7.2370,5.4743,12.3939,11.4576,13.7927
2019/6/6 3:02,108.1150,121.3670,137.0170,75.3370,71.6260,80.5750,108.7050,18.7655,7.2360,5.4729,12.3927,11.4558,13.7905
2019/6/6 3:03,108.1300,121.3870,137.0230,75.3460,71.6380,80.5880,108.7360,18.7490,7.2330,5.4736,12.3933,11.4570,13.7924
2019/6/6 3:04,108.1360,121.3960,137.0200,75.3460,71.6390,80.5920,108.7380,18.7315,7.2350,5.4747,12.3944,11.4570,13.7933
2019/6/6 3:05,108.1520,121.3960,137.0280,75.3610,71.6500,80.6050,108.7330,18.7348,7.2320,5.4760,12.3942,11.4593,13.7951
2019/6/6 3:06,108.1410,121.3730,137.0110,75.3420,71.6380,80.5910,108.7150,18.7341,7.2270,5.4741,12.3893,11.4553,13.7938
2019/6/6 3:07,108.1590,121.4190,137.0340,75.3680,71.6560,80.6100,108.7440,18.7413,7.2280,5.4760,12.3946,11.4596,13.7962
2019/6/6 3:08,108.1700,121.4460,137.0690,75.3900,71.6720,80.6180,108.7720,18.7401,7.2310,5.4775,12.3972,11.4646,13.7976
2019/6/6 3:09,108.1830,121.4470,137.0650,75.3990,71.6810,80.6280,108.7740,18.7470,7.2290,5.4778,12.3994,11.4657,13.7993
2019/6/6 3:10,108.1870,121.4590,137.0850,75.4010,71.6850,80.6310,108.7910,18.7916,7.2350,5.4810,12.4015,11.4665,13.7998
2019/6/6 3:11,108.1980,121.4690,137.1020,75.4100,71.6900,80.6500,108.7930,18.8063,7.2350,5.4813,12.4024,11.4651,13.8012
2019/6/6 3:12,108.1810,121.4550,137.0930,75.4040,71.6870,80.6360,108.7860,18.7687,7.2370,5.4804,12.4006,11.4632,13.7990
2019/6/6 3:13,108.1820,121.4470,137.0740,75.3920,71.6770,80.6330,108.7940,18.7749,7.2380,5.4798,12.3997,11.4636,13.7991
2019/6/6 3:14,108.1900,121.4560,137.0730,75.3940,71.6810,80.6390,108.7940,18.7789,7.2360,5.4805,12.3996,11.4625,13.8001
2019/6/6 3:15,108.1910,121.4500,137.0630,75.3890,71.6750,80.6270,108.7930,18.7795,7.2360,5.4811,12.3962,11.4620,13.8002
2019/6/6 3:16,108.1910,121.4500,137.0910,75.3940,71.6790,80.6290,108.8140,18.8042,7.2370,5.4812,12.3971,11.4620,13.8003
2019/6/6 3:17,108.2000,121.4430,137.0780,75.4010,71.6810,80.6360,108.7820,18.7990,7.2430,5.4815,12.3959,11.4612,13.8014
2019/6/6 3:18,108.2190,121.4570,137.1430,75.4220,71.6900,80.6490,108.7910,18.7807,7.2430,5.4834,12.3969,11.4623,13.8038
2019/6/6 3:19,108.2180,121.4560,137.1520,75.4270,71.6950,80.6480,108.7910,18.7807,7.2430,5.4834,12.3965,11.4619,13.8037
2019/6/6 3:20,108.2150,121.4660,137.1560,75.4400,71.7070,80.6610,108.7970,18.7848,7.2480,5.4831,12.3980,11.4635,13.8033
2019/6/6 3:21,108.2100,121.4670,137.1660,75.4370,71.7090,80.6580,108.7970,18.7749,7.2490,5.4817,12.3942,11.4634,13.8027
2019/6/6 3:22,108.2130,121.4750,137.1900,75.4400,71.7130,80.6660,108.8040,18.7702,7.2470,5.4831,12.3954,11.4640,13.8030
2019/6/6 3:23,108.2090,121.4860,137.1960,75.4400,71.7140,80.6630,108.8110,18.7714,7.2470,5.4828,12.3961,11.4651,13.8025
2019/6/6 3:24,108.2070,121.4850,137.2000,75.4340,71.7080,80.6570,108.8090,18.7729,7.2470,5.4826,12.3960,11.4649,13.8026
2019/6/6 3:25,108.2000,121.4720,137.1910,75.4290,71.7040,80.6520,108.7920,18.7604,7.2470,5.4851,12.3942,11.4636,13.8017
2019/6/6 3:26,108.1940,121.4730,137.1840,75.4240,71.7010,80.6290,108.8010,18.7594,7.2480,5.4850,12.3927,11.4638,13.8009
2019/6/6 3:27,108.1950,121.4740,137.1840,75.4280,71.7000,80.6360,108.8020,18.7593,7.2520,5.4852,12.3928,11.4639,13.8010
2019/6/6 3:28,108.2010,121.4740,137.1940,75.4390,71.7150,80.6410,108.8110,18.7613,7.2590,5.4870,12.3942,11.4640,13.8019
2019/6/6 3:29,108.2190,121.4940,137.2170,75.4570,71.7240,80.6610,108.8190,18.7708,7.2560,5.4882,12.3966,11.4658,13.8042
2019/6/6 3:30,108.2320,121.5060,137.2350,75.4660,71.7350,80.6730,108.8250,18.7743,7.2580,5.4895,12.3987,11.4663,13.8059
2019/6/6 3:31,108.2370,121.5150,137.2430,75.4690,71.7400,80.6730,108.8290,18.7802,7.2590,5.4892,12.3998,11.4672,13.8065
2019/6/6 3:32,108.2210,121.5060,137.2330,75.4650,71.7390,80.6630,108.8230,18.7781,7.2580,5.4887,12.3974,11.4657,13.8044
2019/6/6 3:33,108.2130,121.5040,137.2070,75.4660,71.7320,80.6620,108.8070,18.7773,7.2570,5.4882,12.3977,11.4659,13.8034
2019/6/6 3:34,108.2080,121.5130,137.1970,75.4650,71.7290,80.6570,108.8190,18.7766,7.2560,5.4878,12.3979,11.4666,13.8028
2019/6/6 3:35,108.2000,121.5090,137.1830,75.4560,71.7140,80.6510,108.8070,18.7752,7.2530,5.4870,12.3969,11.4658,13.8017
2019/6/6 3:36,108.2070,121.5230,137.2180,75.4680,71.7190,80.6570,108.8090,18.7766,7.2560,5.4880,12.3984,11.4673,13.8026
2019/6/6 3:37,108.1960,121.5150,137.2280,75.4640,71.7110,80.6480,108.8000,18.7749,7.2520,5.4861,12.3974,11.4663,13.8012
2019/6/6 3:38,108.1930,121.5240,137.2110,75.4620,71.7080,80.6460,108.8160,18.7792,7.2500,5.4871,12.3982,11.4677,13.8008
2019/6/6 3:39,108.1850,121.5130,137.2010,75.4570,71.7040,80.6400,108.8090,18.7773,7.2510,5.4868,12.3947,11.4665,13.7998
2019/6/6 3:40,108.1840,121.5180,137.1910,75.4570,71.7030,80.6420,108.8070,18.7778,7.2490,5.4854,12.3954,11.4669,13.7997
2019/6/6 3:41,108.1960,121.5220,137.1910,75.4640,71.7110,80.6540,108.8080,18.7811,7.2530,5.4874,12.3961,11.4672,13.8013
2019/6/6 3:42,108.2040,121.5280,137.2030,75.4630,71.7090,80.6610,108.8160,18.7846,7.2580,5.4879,12.3980,11.4682,13.8027
2019/6/6 3:43,108.1990,121.5370,137.2070,75.4620,71.7070,80.6570,108.8240,18.7827,7.2580,5.4874,12.3992,11.4690,13.8022
2019/6/6 3:44,108.2060,121.5480,137.2210,75.4750,71.7180,80.6660,108.8350,18.7851,7.2590,5.4880,12.4018,11.4720,13.8031
2019/6/6 3:45,108.2110,121.5490,137.2280,75.4730,71.7190,80.6710,108.8450,18.7878,7.2630,5.4875,12.4039,11.4731,13.8038
2019/6/6 3:46,108.2150,121.5640,137.2430,75.4810,71.7230,80.6740,108.8540,18.7927,7.2660,5.4877,12.4067,11.4760,13.8046
2019/6/6 3:47,108.2060,121.5590,137.2240,75.4700,71.7250,80.6710,108.8510,18.7891,7.2670,5.4901,12.4086,11.4781,13.8031
2019/6/6 3:48,108.2050,121.5590,137.2290,75.4740,71.7200,80.6680,108.8390,18.7890,7.2640,5.4909,12.4092,11.4785,13.8024
2019/6/6 3:49,108.2130,121.5670,137.2200,75.4810,71.7220,80.6720,108.8300,18.7902,7.2650,5.4912,12.4080,11.4777,13.8036
2019/6/6 3:50,108.2070,121.5580,137.2200,75.4730,71.7180,80.6630,108.8310,18.7836,7.2620,5.4902,12.4029,11.4752,13.8028
2019/6/6 3:51,108.2260,121.5870,137.2480,75.4860,71.7290,80.6830,108.8500,18.7883,7.2630,5.4921,12.4054,11.4777,13.8051
2019/6/6 3:52,108.2250,121.5840,137.2480,75.5000,71.7400,80.6830,108.8370,18.7875,7.2650,5.4914,12.4064,11.4778,13.8050
2019/6/6 3:53,108.2260,121.5740,137.2400,75.4990,71.7340,80.6840,108.8380,18.7874,7.2650,5.4913,12.4082,11.4784,13.8051
2019/6/6 3:54,108.2310,121.5750,137.2440,75.4990,71.7370,80.6860,108.8450,18.7868,7.2660,5.4917,12.4081,11.4774,13.8058
2019/6/6 3:55,108.2160,121.5470,137.2190,75.4760,71.7160,80.6690,108.8200,18.7839,7.2620,5.4915,12.4016,11.4739,13.8038
2019/6/6 3:56,108.2140,121.5430,137.2180,75.4850,71.7220,80.6730,108.8080,18.7856,7.2630,5.4924,12.4017,11.4737,13.8036
2019/6/6 3:57,108.2210,121.5670,137.2480,75.4940,71.7270,80.6780,108.8110,18.7879,7.2630,5.4939,12.4041,11.4758,13.8044
2019/6/6 3:58,108.2250,121.5660,137.2550,75.4980,71.7290,80.6810,108.8130,18.7949,7.2660,5.4940,12.4045,11.4769,13.8049
2019/6/6 3:59,108.2340,121.5720,137.2780,75.5050,71.7360,80.7040,108.8190,18.7975,7.2670,5.4950,12.4047,11.4785,13.8058
2019/6/6 4:00,108.2500,121.6010,137.3110,75.5180,71.7460,80.7320,108.8310,18.8011,7.2700,5.4959,12.4102,11.4818,13.8078
2019/6/6 4:01,108.2590,121.6130,137.3320,75.5260,71.7520,80.7400,108.8450,18.8015,7.2700,5.4958,12.4114,11.4831,13.8091
2019/6/6 4:02,108.2520,121.6290,137.3530,75.5350,71.7570,80.7440,108.8390,18.8002,7.2720,5.4955,12.4143,11.4847,13.8081
2019/6/6 4:03,108.2500,121.6290,137.3550,75.5340,71.7570,80.7440,108.8510,18.8014,7.2750,5.4973,12.4140,11.4847,13.8078
2019/6/6 4:04,108.2490,121.6340,137.3510,75.5320,71.7560,80.7440,108.8440,18.8058,7.2770,5.4987,12.4127,11.4848,13.8077
2019/6/6 4:05,108.2400,121.6530,137.3510,75.5280,71.7510,80.7370,108.8640,18.8041,7.2770,5.4980,12.4135,11.4868,13.8065
2019/6/6 4:06,108.2310,121.6690,137.3690,75.5270,71.7550,80.7290,108.8780,18.8019,7.2750,5.4983,12.4148,11.4883,13.8054
2019/6/6 4:07,108.2290,121.6630,137.3490,75.5220,71.7470,80.7240,108.8750,18.8014,7.2740,5.4990,12.4144,11.4874,13.8052
2019/6/6 4:08,108.2260,121.6620,137.3440,75.5290,71.7460,80.7250,108.8610,18.8011,7.2750,5.4990,12.4137,11.4852,13.8048
2019/6/6 4:09,108.2250,121.6670,137.3760,75.5280,71.7480,80.7130,108.8670,18.8002,7.2730,5.4977,12.4114,11.4844,13.8046
2019/6/6 4:10,108.2370,121.6720,137.3640,75.5320,71.7490,80.7220,108.8910,18.7994,7.2750,5.4976,12.4118,11.4839,13.8061
2019/6/6 4:11,108.2350,121.6770,137.3570,75.5340,71.7480,80.7210,108.8990,18.7977,7.2750,5.4968,12.4124,11.4837,13.8059
2019/6/6 4:12,108.2290,121.6750,137.3560,75.5310,71.7440,80.7220,108.8950,18.7963,7.2730,5.4964,12.4143,11.4840,13.8052
2019/6/6 4:13,108.2360,121.6760,137.3660,75.5350,71.7480,80.7270,108.9060,18.7970,7.2760,5.4984,12.4138,11.4837,13.8061
2019/6/6 4:14,108.2380,121.6670,137.3590,75.5340,71.7500,80.7180,108.9030,18.7953,7.2720,5.4977,12.4123,11.4824,13.8063
2019/6/6 4:15,108.2350,121.6670,137.3630,75.5310,71.7480,80.7210,108.9080,18.7970,7.2760,5.4985,12.4121,11.4821,13.8059
2019/6/6 4:16,108.2340,121.6570,137.3420,75.5200,71.7370,80.7150,108.9010,18.7957,7.2770,5.4988,12.4098,11.4800,13.8058
2019/6/6 4:17,108.2350,121.6480,137.3360,75.5110,71.7360,80.7150,108.8940,18.7961,7.2770,5.4979,12.4087,11.4797,13.8059
2019/6/6 4:18,108.2340,121.6540,137.3330,75.5130,71.7360,80.7150,108.8880,18.7969,7.2770,5.4977,12.4089,11.4795,13.8057
2019/6/6 4:19,108.2240,121.6280,137.2980,75.4900,71.7100,80.7020,108.8700,18.7945,7.2720,5.4967,12.4037,11.4770,13.8045
2019/6/6 4:20,108.2160,121.6350,137.2780,75.4990,71.7140,80.6900,108.8740,18.7898,7.2680,5.4946,12.4081,11.4768,13.8036
2019/6/6 4:21,108.2140,121.6360,137.2750,75.4970,71.7130,80.6880,108.8730,18.7858,7.2680,5.4935,12.4087,11.4769,13.8029
2019/6/6 4:22,108.2130,121.6240,137.2850,75.4980,71.7130,80.6880,108.8600,18.7802,7.2640,5.4931,12.4106,11.4760,13.8026
2019/6/6 4:23,108.2100,121.6250,137.2780,75.4960,71.7190,80.6750,108.8540,18.7761,7.2640,5.4919,12.4106,11.4768,13.8022
2019/6/6 4:24,108.2130,121.6190,137.2850,75.4970,71.7230,80.6890,108.8450,18.7825,7.2660,5.4921,12.4099,11.4747,13.8026
2019/6/6 4:25,108.2130,121.6140,137.2860,75.4970,71.7230,80.6900,108.8410,18.7779,7.2670,5.4916,12.4095,11.4758,13.8026
2019/6/6 4:26,108.2120,121.6140,137.2820,75.4970,71.7230,80.6880,108.8410,18.7758,7.2660,5.4917,12.4096,11.4757,13.8025
2019/6/6 4:27,108.2070,121.6110,137.3090,75.5050,71.7290,80.6880,108.8380,18.7691,7.2670,5.4911,12.4103,11.4756,13.8019
2019/6/6 4:28,108.2110,121.6160,137.3290,75.5180,71.7350,80.6960,108.8430,18.7663,7.2680,5.4920,12.4109,11.4756,13.8024
2019/6/6 4:29,108.2130,121.6260,137.3560,75.5210,71.7370,80.7000,108.8240,18.7693,7.2670,5.4931,12.4124,11.4764,13.8027
2019/6/6 4:30,108.2170,121.6140,137.3460,75.5090,71.7260,80.7040,108.8120,18.7645,7.2640,5.4910,12.4139,11.4782,13.8031
2019/6/6 4:31,108.2270,121.6280,137.3650,75.5160,71.7310,80.7140,108.8160,18.7659,7.2680,5.4924,12.4154,11.4798,13.8044
2019/6/6 4:32,108.2190,121.6090,137.3450,75.5010,71.7260,80.6980,108.8080,18.7595,7.2660,5.4908,12.4116,11.4786,13.8032
2019/6/6 4:33,108.2220,121.6130,137.3500,75.4970,71.7160,80.7070,108.8100,18.7487,7.2650,5.4897,12.4120,11.4779,13.8036
2019/6/6 4:34,108.2190,121.6090,137.3330,75.4860,71.7070,80.7010,108.8060,18.7460,7.2630,5.4876,12.4101,11.4779,13.8033
2019/6/6 4:35,108.2170,121.6260,137.3450,75.5050,71.7170,80.7070,108.8280,18.7586,7.2640,5.4895,12.4121,11.4790,13.8022
2019/6/6 4:36,108.2130,121.6130,137.3410,75.5000,71.7130,80.7040,108.8150,18.7543,7.2630,5.4886,12.4107,11.4776,13.8018
2019/6/6 4:37,108.2050,121.6050,137.3250,75.4990,71.7080,80.6980,108.8090,18.7477,7.2610,5.4856,12.4098,11.4756,13.8009
2019/6/6 4:38,108.1980,121.6030,137.3230,75.4930,71.7050,80.6980,108.8080,18.7463,7.2630,5.4856,12.4147,11.4773,13.8004
2019/6/6 4:39,108.1930,121.6080,137.3340,75.4970,71.7140,80.6950,108.8090,18.7448,7.2580,5.4875,12.4154,11.4766,13.8000
2019/6/6 4:40,108.1990,121.6140,137.3430,75.5000,71.7150,80.7010,108.8160,18.7460,7.2630,5.4886,12.4159,11.4764,13.8006
2019/6/6 4:41,108.2100,121.6220,137.3560,75.5070,71.7270,80.7180,108.8220,18.7489,7.2630,5.4905,12.4202,11.4759,13.8018
2019/6/6 4:42,108.2150,121.6290,137.3640,75.5140,71.7300,80.7220,108.8300,18.7493,7.2630,5.4909,12.4216,11.4764,13.8026
2019/6/6 4:43,108.2050,121.6210,137.3610,75.5080,71.7250,80.7100,108.8340,18.7496,7.2650,5.4892,12.4202,11.4747,13.8013
2019/6/6 4:44,108.2000,121.6220,137.3650,75.5030,71.7170,80.7000,108.8270,18.7464,7.2600,5.4877,12.4176,11.4744,13.8007
2019/6/6 4:45,108.1950,121.6210,137.3590,75.5020,71.7170,80.6960,108.8260,18.7439,7.2590,5.4877,12.4198,11.4759,13.8000
2019/6/6 4:46,108.1980,121.6270,137.3270,75.5030,71.7140,80.6990,108.8260,18.7275,7.2600,5.4874,12.4189,11.4755,13.8004
2019/6/6 4:47,108.2010,121.6180,137.3280,75.5050,71.7150,80.7010,108.8200,18.7320,7.2600,5.4878,12.4182,11.4737,13.8007
2019/6/6 4:48,108.1880,121.6020,137.2850,75.4940,71.7010,80.6890,108.8040,18.7298,7.2600,5.4863,12.4157,11.4712,13.7991
2019/6/6 4:49,108.1650,121.5760,137.2450,75.4830,71.6980,80.6650,108.8000,18.7344,7.2560,5.4855,12.4127,11.4683,13.7962
2019/6/6 4:50,108.1640,121.5470,137.2160,75.4810,71.6930,80.6680,108.7660,18.7259,7.2540,5.4859,12.4136,11.4660,13.7961
2019/6/6 4:51,108.1650,121.5330,137.1580,75.4700,71.6870,80.6640,108.7600,18.7105,7.2540,5.4858,12.4110,11.4648,13.7959
2019/6/6 4:52,108.1720,121.5460,137.1680,75.4780,71.6980,80.6760,108.7710,18.7266,7.2580,5.4875,12.4123,11.4651,13.7961
2019/6/6 4:53,108.1660,121.5380,137.1620,75.4740,71.6880,80.6700,108.7760,18.7134,7.2550,5.4872,12.4077,11.4630,13.7951
2019/6/6 4:54,108.1640,121.5290,137.0920,75.4620,71.6740,80.6640,108.7640,18.7124,7.2550,5.4850,12.4081,11.4632,13.7949
2019/6/6 4:55,108.1750,121.5630,137.1570,75.4800,71.6900,80.6820,108.7860,18.7081,7.2590,5.4864,12.4128,11.4675,13.7963
2019/6/6 4:56,108.1610,121.5700,137.1460,75.4820,71.6900,80.6770,108.7830,18.7050,7.2580,5.4856,12.4155,11.4686,13.7949
2019/6/6 4:57,108.1650,121.5800,137.1340,75.4900,71.6950,80.6810,108.7880,18.7054,7.2590,5.4856,12.4172,11.4688,13.7951
2019/6/6 4:58,108.1570,121.5740,137.1570,75.4860,71.6930,80.6790,108.7780,18.7011,7.2540,5.4856,12.4171,11.4689,13.7938
2019/6/6 4:59,108.1660,121.5730,137.1710,75.4950,71.6940,80.6880,108.7470,18.6994,7.2520,5.4849,12.4171,11.4693,13.7949
2019/6/6 5:00,108.1900,121.5680,137.1900,75.5030,71.7040,80.7050,108.7580,18.7043,7.2600,5.4871,12.4162,11.4716,13.7976
2019/6/6 5:01,108.1600,121.5310,137.1600,75.4790,71.6820,80.6770,108.7170,18.7047,7.2580,5.4860,12.4137,11.4668,13.7936
2019/6/6 5:02,108.1610,121.5300,137.1760,75.4820,71.6900,80.6830,108.7180,18.7054,7.2630,5.4861,12.4177,11.4686,13.7937
2019/6/6 5:03,108.1610,121.5190,137.1890,75.4820,71.6910,80.6770,108.7180,18.7069,7.2640,5.4892,12.4149,11.4646,13.7935
2019/6/6 5:04,108.1600,121.5230,137.1580,75.4700,71.6840,80.6770,108.7290,18.7200,7.2630,5.4894,12.4150,11.4649,13.7935
2019/6/6 5:05,108.1580,121.5280,137.1510,75.4700,71.6840,80.6750,108.7140,18.7196,7.2640,5.4893,12.4153,11.4660,13.7932
2019/6/6 5:06,108.1570,121.5170,137.1160,75.4680,71.6790,80.6740,108.7140,18.7067,7.2590,5.4872,12.4145,11.4652,13.7931
2019/6/6 5:07,108.1710,121.5270,137.1370,75.4780,71.6890,80.6800,108.7180,18.7124,7.2610,5.4882,12.4159,11.4666,13.7949
2019/6/6 5:08,108.1500,121.4900,137.1170,75.4630,71.6720,80.6640,108.7010,18.7066,7.2610,5.4869,12.4121,11.4636,13.7923
2019/6/6 5:09,108.1650,121.5060,137.1440,75.4700,71.6780,80.6750,108.7110,18.7142,7.2640,5.4882,12.4138,11.4637,13.7942
2019/6/6 5:10,108.1710,121.5240,137.1670,75.4830,71.6890,80.6790,108.7180,18.7131,7.2700,5.4898,12.4156,11.4669,13.7949
2019/6/6 5:11,108.1630,121.5540,137.1810,75.4900,71.7030,80.6890,108.7360,18.7113,7.2740,5.4906,12.4183,11.4726,13.7940
2019/6/6 5:12,108.1630,121.5330,137.1740,75.4790,71.6860,80.6840,108.7320,18.7106,7.2700,5.4904,12.4170,11.4676,13.7940
2019/6/6 5:13,108.1520,121.5180,137.1650,75.4700,71.6740,80.6720,108.7440,18.7088,7.2690,5.4890,12.4151,11.4661,13.7921
2019/6/6 5:14,108.1520,121.5080,137.1750,75.4730,71.6750,80.6740,108.7240,18.7087,7.2700,5.4903,12.4146,11.4639,13.7922
2019/6/6 5:15,108.1520,121.5080,137.1880,75.4820,71.6780,80.6770,108.7300,18.7094,7.2730,5.4912,12.4144,11.4634,13.7922
2019/6/6 5:16,108.1550,121.5190,137.2140,75.4830,71.6790,80.6780,108.7350,18.7093,7.2740,5.4919,12.4140,11.4640,13.7924
2019/6/6 5:17,108.1510,121.5290,137.2060,75.4870,71.6850,80.6790,108.7520,18.7250,7.2740,5.4938,12.4163,11.4672,13.7920
2019/6/6 5:18,108.1410,121.5130,137.1970,75.4860,71.6780,80.6730,108.7250,18.7254,7.2740,5.4930,12.4168,11.4665,13.7910
2019/6/6 5:19,108.1340,121.5040,137.1970,75.4850,71.6730,80.6680,108.7160,18.7248,7.2720,5.4934,12.4170,11.4660,13.7900
2019/6/6 5:20,108.1400,121.5240,137.2120,75.4970,71.6840,80.6780,108.7410,18.7286,7.2730,5.4938,12.4194,11.4686,13.7909
2019/6/6 5:21,108.1330,121.5150,137.1900,75.4950,71.6800,80.6650,108.7280,18.7459,7.2750,5.4931,12.4178,11.4674,13.7900
2019/6/6 5:22,108.1330,121.5200,137.2280,75.5020,71.6880,80.6610,108.7250,18.7612,7.2750,5.4936,12.4181,11.4680,13.7900
2019/6/6 5:23,108.1350,121.5230,137.2280,75.4930,71.6860,80.6660,108.7280,18.7689,7.2760,5.4938,12.4186,11.4679,13.7902
2019/6/6 5:24,108.1340,121.5210,137.2370,75.4880,71.6840,80.6620,108.7280,18.7625,7.2730,5.4936,12.4185,11.4674,13.7901
2019/6/6 5:25,108.1540,121.5440,137.2630,75.4950,71.6880,80.6770,108.7460,18.7574,7.2750,5.4943,12.4215,11.4699,13.7927
2019/6/6 5:26,108.1570,121.5510,137.2690,75.5000,71.6960,80.6790,108.7430,18.7683,7.2740,5.4938,12.4219,11.4705,13.7931
2019/6/6 5:27,108.1640,121.5530,137.2810,75.5090,71.7040,80.6910,108.7330,18.7606,7.2800,5.4943,12.4219,11.4706,13.7958
2019/6/6 5:28,108.1670,121.5540,137.2950,75.5130,71.7050,80.7030,108.7340,18.7613,7.2820,5.4945,12.4244,11.4707,13.7965
2019/6/6 5:29,108.1750,121.5670,137.3040,75.5130,71.7090,80.7090,108.7450,18.7785,7.2810,5.4958,12.4246,11.4716,13.7970
2019/6/6 5:30,108.1750,121.5440,137.2890,75.5020,71.7000,80.6980,108.7320,18.7668,7.2760,5.4924,12.4196,11.4693,13.7972
2019/6/6 5:31,108.1810,121.5400,137.2840,75.5040,71.7030,80.7070,108.7310,18.7673,7.2780,5.4930,12.4179,11.4692,13.7969
2019/6/6 5:32,108.1890,121.5480,137.2890,75.5070,71.7030,80.7130,108.7390,18.7674,7.2800,5.4941,12.4186,11.4703,13.7982
2019/6/6 5:33,108.1910,121.5450,137.2780,75.5020,71.6990,80.7130,108.7260,18.7653,7.2780,5.4936,12.4178,11.4696,13.7984
2019/6/6 5:34,108.1930,121.5540,137.2790,75.5060,71.6990,80.7270,108.7340,18.7664,7.2800,5.4942,12.4185,11.4701,13.7985
2019/6/6 5:35,108.2110,121.5610,137.3330,75.5250,71.7130,80.7410,108.7380,18.7697,7.2820,5.4944,12.4204,11.4706,13.8009
2019/6/6 5:36,108.2070,121.5420,137.3340,75.5150,71.7090,80.7320,108.7290,18.7682,7.2810,5.4942,12.4179,11.4701,13.8004
2019/6/6 5:37,108.2160,121.5530,137.3180,75.5200,71.7140,80.7390,108.7270,18.7694,7.2810,5.4947,12.4185,11.4712,13.8012
2019/6/6 5:38,108.2140,121.5560,137.3060,75.5210,71.7160,80.7380,108.7290,18.7588,7.2830,5.4947,12.4176,11.4706,13.8010
2019/6/6 5:39,108.2040,121.5510,137.3050,75.5110,71.7060,80.7290,108.7400,18.7609,7.2820,5.4949,12.4174,11.4704,13.8003
2019/6/6 5:40,108.1930,121.5490,137.3040,75.5040,71.7010,80.7230,108.7410,18.7567,7.2830,5.4936,12.4171,11.4699,13.7992
2019/6/6 5:41,108.1970,121.5840,137.3180,75.5280,71.7160,80.7300,108.7740,18.7594,7.2790,5.4963,12.4188,11.4735,13.7997
2019/6/6 5:42,108.1930,121.5870,137.3430,75.5270,71.7150,80.7380,108.7710,18.7611,7.2760,5.4948,12.4199,11.4739,13.7994
2019/6/6 5:43,108.1800,121.5600,137.3370,75.5170,71.7080,80.7180,108.7680,18.7604,7.2780,5.4931,12.4167,11.4708,13.7977
2019/6/6 5:44,108.1750,121.5550,137.3080,75.5090,71.7030,80.7060,108.7750,18.7620,7.2780,5.4937,12.4156,11.4702,13.7970
2019/6/6 5:45,108.1740,121.5520,137.2890,75.5080,71.7020,80.7060,108.7730,18.7646,7.2740,5.4928,12.4148,11.4684,13.7969
2019/6/6 5:46,108.1750,121.5590,137.3460,75.5100,71.7010,80.7040,108.7680,18.7639,7.2710,5.4928,12.4157,11.4693,13.7971
2019/6/6 5:47,108.1840,121.5450,137.3340,75.5030,71.6940,80.7070,108.7550,18.7649,7.2670,5.4923,12.4121,11.4663,13.7982
2019/6/6 5:48,108.1890,121.5560,137.3500,75.4970,71.6960,80.7090,108.7600,18.7663,7.2660,5.4924,12.4127,11.4665,13.7989
2019/6/6 5:49,108.1750,121.5340,137.3290,75.4890,71.6870,80.7020,108.7560,18.7447,7.2620,5.4910,12.4106,11.4613,13.7957
2019/6/6 5:50,108.1820,121.5370,137.3050,75.4910,71.6850,80.7040,108.7640,18.7527,7.2620,5.4910,12.4111,11.4594,13.7968
2019/6/6 5:51,108.1820,121.5260,137.3100,75.4910,71.6830,80.7040,108.7620,18.7558,7.2610,5.4927,12.4096,11.4569,13.7966
2019/6/6 5:52,108.1920,121.5530,137.3510,75.5090,71.6980,80.7170,108.7680,18.7599,7.2650,5.4945,12.4124,11.4609,13.7979
2019/6/6 5:53,108.1730,121.5220,137.2870,75.4950,71.6880,80.7020,108.7570,18.7579,7.2650,5.4938,12.4095,11.4586,13.7956
2019/6/6 5:54,108.1760,121.5250,137.2970,75.4930,71.6870,80.7060,108.7540,18.7579,7.2650,5.4939,12.4096,11.4580,13.7961
2019/6/6 5:55,108.1750,121.5290,137.3110,75.4970,71.6880,80.7090,108.7590,18.7600,7.2660,5.4940,12.4111,11.4582,13.7960
2019/6/6 5:56,108.1810,121.5360,137.3280,75.5040,71.6960,80.7140,108.7560,18.7621,7.2660,5.4943,12.4131,11.4585,13.7968
2019/6/6 5:57,108.1770,121.5230,137.3140,75.4930,71.6870,80.7090,108.7540,18.7615,7.2660,5.4959,12.4109,11.4573,13.7963
2019/6/6 5:58,108.1770,121.5290,137.3340,75.4930,71.6890,80.7080,108.7450,18.7528,7.2670,5.4949,12.4103,11.4583,13.7960
2019/6/6 5:59,108.1780,121.5600,137.3350,75.5040,71.6970,80.7170,108.7540,18.7650,7.2710,5.4951,12.4128,11.4626,13.7957
2019/6/6 6:00,108.1870,121.5490,137.3280,75.5010,71.6950,80.7240,108.7540,18.7665,7.2700,5.4955,12.4106,11.4602,13.7976
2019/6/6 6:01,108.1840,121.5430,137.3320,75.5000,71.6950,80.7210,108.7450,18.7671,7.2700,5.4944,12.4110,11.4584,13.7966
2019/6/6 6:02,108.1880,121.5460,137.3390,75.5100,71.7010,80.7240,108.7450,18.7689,7.2700,5.4946,12.4108,11.4588,13.7972
2019/6/6 6:03,108.1870,121.5530,137.3560,75.5100,71.7060,80.7240,108.7410,18.7686,7.2700,5.4945,12.4114,11.4594,13.7971
2019/6/6 6:04,108.1820,121.5650,137.3590,75.5100,71.7030,80.7160,108.7510,18.7696,7.2710,5.4943,12.4126,11.4604,13.7964
2019/6/6 6:05,108.1830,121.5670,137.3530,75.5080,71.7020,80.7090,108.7440,18.7710,7.2730,5.4941,12.4118,11.4593,13.7966
2019/6/6 6:06,108.1860,121.5680,137.3350,75.5090,71.7040,80.7110,108.7500,18.7749,7.2730,5.4945,12.4105,11.4595,13.7966
2019/6/6 6:07,108.1810,121.5690,137.3290,75.5010,71.7010,80.7080,108.7440,18.7740,7.2730,5.4949,12.4104,11.4595,13.7959
2019/6/6 6:08,108.1810,121.5710,137.3280,75.5030,71.7010,80.7070,108.7560,18.7729,7.2730,5.4942,12.4092,11.4596,13.7968
2019/6/6 6:09,108.1790,121.5700,137.3260,75.5040,71.7000,80.7080,108.7520,18.7725,7.2730,5.4941,12.4086,11.4580,13.7961
2019/6/6 6:10,108.1800,121.5850,137.3290,75.5120,71.7030,80.7080,108.7580,18.7768,7.2730,5.4942,12.4096,11.4592,13.7962
2019/6/6 6:11,108.1810,121.5790,137.3270,75.5070,71.7040,80.7090,108.7510,18.7612,7.2720,5.4941,12.4089,11.4585,13.7963
2019/6/6 6:12,108.1760,121.5800,137.3250,75.5010,71.6980,80.7000,108.7530,18.7594,7.2690,5.4931,12.4071,11.4588,13.7957
2019/6/6 6:13,108.1680,121.5670,137.2990,75.4970,71.6930,80.6930,108.7430,18.7580,7.2700,5.4923,12.4063,11.4574,13.7947
2019/6/6 6:14,108.1690,121.5600,137.3260,75.5020,71.6940,80.6940,108.7400,18.7542,7.2720,5.4925,12.4043,11.4583,13.7948
2019/6/6 6:15,108.1670,121.5520,137.3140,75.5060,71.6950,80.6870,108.7350,18.7614,7.2700,5.4924,12.4040,11.4552,13.7945
2019/6/6 6:16,108.1800,121.5700,137.3290,75.5140,71.7000,80.6940,108.7440,18.7739,7.2710,5.4931,12.4063,11.4590,13.7960
2019/6/6 6:17,108.1740,121.5600,137.3290,75.5100,71.6980,80.6810,108.7320,18.7696,7.2720,5.4917,12.4087,11.4597,13.7953
2019/6/6 6:18,108.1710,121.5520,137.3240,75.5090,71.6960,80.6790,108.7290,18.7764,7.2710,5.4926,12.4089,11.4596,13.7945
2019/6/6 6:19,108.1890,121.5700,137.3400,75.5180,71.6970,80.6900,108.7460,18.7689,7.2690,5.4915,12.4107,11.4599,13.7968
2019/6/6 6:20,108.1740,121.5580,137.3360,75.5070,71.6880,80.6750,108.7400,18.7712,7.2690,5.4922,12.4084,11.4596,13.7950
2019/6/6 6:21,108.1790,121.5600,137.3380,75.5110,71.6870,80.6790,108.7360,18.7811,7.2700,5.4929,12.4094,11.4607,13.7956
2019/6/6 6:22,108.1840,121.5480,137.3420,75.5040,71.6860,80.6830,108.7290,18.7716,7.2680,5.4924,12.4080,11.4594,13.7964
2019/6/6 6:23,108.1930,121.5640,137.3550,75.5190,71.6970,80.6890,108.7310,18.7786,7.2660,5.4939,12.4106,11.4605,13.7976
2019/6/6 6:24,108.1890,121.5580,137.3410,75.5190,71.6960,80.6860,108.7180,18.7976,7.2670,5.4925,12.4109,11.4605,13.7971
2019/6/6 6:25,108.1940,121.5640,137.3470,75.5210,71.6990,80.6890,108.7160,18.7851,7.2670,5.4926,12.4114,11.4609,13.7977
2019/6/6 6:26,108.2000,121.5660,137.3510,75.5150,71.6970,80.6950,108.7230,18.7796,7.2670,5.4917,12.4102,11.4590,13.7985
2019/6/6 6:27,108.2060,121.5670,137.3540,75.5090,71.6900,80.6900,108.7300,18.7877,7.2640,5.4908,12.4102,11.4582,13.7993
2019/6/6 6:28,108.2040,121.5470,137.3470,75.5020,71.6830,80.6880,108.7270,18.7825,7.2590,5.4899,12.4071,11.4563,13.7998
2019/6/6 6:29,108.1990,121.5310,137.3230,75.4920,71.6720,80.6720,108.7140,18.7852,7.2580,5.4884,12.4058,11.4555,13.7992
2019/6/6 6:30,108.2100,121.5550,137.3370,75.5020,71.6830,80.6900,108.7120,18.7931,7.2630,5.4933,12.4087,11.4574,13.8006
2019/6/6 6:31,108.2170,121.5570,137.3420,75.5040,71.6820,80.6910,108.7100,18.7868,7.2630,5.4938,12.4082,11.4576,13.8014
2019/6/6 6:32,108.2180,121.5580,137.3440,75.5070,71.6840,80.6980,108.6930,18.7935,7.2650,5.4950,12.4107,11.4580,13.8016
2019/6/6 6:33,108.2050,121.5280,137.3100,75.4950,71.6730,80.6820,108.6840,18.7912,7.2630,5.4941,12.4077,11.4556,13.7999
2019/6/6 6:34,108.1930,121.5190,137.2920,75.4900,71.6760,80.6780,108.6750,18.7911,7.2630,5.4936,12.4070,11.4543,13.7984
2019/6/6 6:35,108.1850,121.5180,137.2840,75.4920,71.6720,80.6730,108.6650,18.7808,7.2620,5.4933,12.4078,11.4555,13.7974
2019/6/6 6:36,108.1870,121.5320,137.2990,75.4940,71.6730,80.6730,108.6640,18.7817,7.2580,5.4934,12.4090,11.4570,13.7976
2019/6/6 6:37,108.1830,121.5320,137.2840,75.4900,71.6710,80.6710,108.6720,18.7791,7.2590,5.4931,12.4078,11.4570,13.7971
2019/6/6 6:38,108.1690,121.5320,137.2750,75.4790,71.6690,80.6540,108.6730,18.7781,7.2560,5.4920,12.4065,11.4569,13.7953
2019/6/6 6:39,108.1730,121.5380,137.2910,75.4750,71.6660,80.6570,108.6740,18.7774,7.2560,5.4922,12.4075,11.4571,13.7958
2019/6/6 6:40,108.1720,121.5440,137.2970,75.4630,71.6620,80.6560,108.6750,18.7782,7.2570,5.4922,12.4107,11.4582,13.7957
2019/6/6 6:41,108.1690,121.5370,137.2940,75.4590,71.6590,80.6510,108.6660,18.7752,7.2570,5.4944,12.4101,11.4578,13.7953
2019/6/6 6:42,108.1730,121.5460,137.2840,75.4610,71.6650,80.6530,108.6760,18.7758,7.2570,5.4947,12.4112,11.4587,13.7958
2019/6/6 6:43,108.1900,121.5630,137.3200,75.4670,71.6740,80.6660,108.6820,18.7777,7.2560,5.4947,12.4130,11.4600,13.7979
2019/6/6 6:44,108.1910,121.5690,137.3210,75.4740,71.6740,80.6690,108.6810,18.7759,7.2560,5.4947,12.4162,11.4610,13.7981
2019/6/6 6:45,108.1880,121.5580,137.3110,75.4710,71.6710,80.6610,108.6780,18.7719,7.2570,5.4943,12.4154,11.4598,13.7976
2019/6/6 6:46,108.1860,121.5330,137.2930,75.4610,71.6620,80.6610,108.6660,18.7596,7.2540,5.4932,12.4121,11.4578,13.7975
2019/6/6 6:47,108.1910,121.5400,137.2850,75.4630,71.6630,80.6610,108.6630,18.7605,7.2530,5.4925,12.4139,11.4579,13.7980
2019/6/6 6:48,108.1840,121.5310,137.2810,75.4600,71.6650,80.6620,108.6560,18.7559,7.2510,5.4905,12.4146,11.4569,13.7972
2019/6/6 6:49,108.1910,121.5440,137.2990,75.4630,71.6630,80.6690,108.6600,18.7568,7.2530,5.4903,12.4140,11.4584,13.7990
2019/6/6 6:50,108.1970,121.5540,137.2990,75.4780,71.6790,80.6900,108.6800,18.7618,7.2560,5.4900,12.4167,11.4593,13.8001
2019/6/6 6:51,108.2000,121.5500,137.3090,75.4740,71.6760,80.6990,108.6840,18.7626,7.2570,5.4902,12.4151,11.4604,13.8003
2019/6/6 6:52,108.2000,121.5440,137.3000,75.4690,71.6710,80.6950,108.6680,18.7563,7.2540,5.4873,12.4142,11.4583,13.8003
2019/6/6 6:53,108.2080,121.5530,137.3100,75.4740,71.6770,80.7030,108.6740,18.7435,7.2540,5.4883,12.4143,11.4590,13.8013
2019/6/6 6:54,108.2050,121.5350,137.3110,75.4620,71.6710,80.7010,108.6660,18.7484,7.2530,5.4877,12.4128,11.4576,13.8010
2019/6/6 6:55,108.1990,121.5430,137.3050,75.4590,71.6690,80.7000,108.6880,18.7434,7.2490,5.4873,12.4129,11.4586,13.8001
2019/6/6 6:56,108.1960,121.5480,137.3110,75.4570,71.6660,80.6970,108.6780,18.7439,7.2480,5.4871,12.4132,11.4593,13.7998
2019/6/6 6:57,108.1950,121.5510,137.3040,75.4590,71.6620,80.7010,108.6810,18.7559,7.2510,5.4900,12.4146,11.4609,13.7994
2019/6/6 6:58,108.1890,121.5370,137.2700,75.4510,71.6580,80.6940,108.6700,18.7700,7.2520,5.4903,12.4145,11.4603,13.7979
2019/6/6 6:59,108.1880,121.5440,137.2800,75.4510,71.6560,80.6940,108.6810,18.7738,7.2530,5.4922,12.4160,11.4623,13.7978
2019/6/6 7:00,108.1870,121.5440,137.2970,75.4630,71.6700,80.7070,108.6830,18.7852,7.2510,5.4919,12.4185,11.4626,13.7976
2019/6/6 7:01,108.1830,121.5350,137.2920,75.4610,71.6660,80.6950,108.6800,18.7764,7.2470,5.4872,12.4157,11.4618,13.7973
2019/6/6 7:02,108.1780,121.5330,137.2970,75.4550,71.6600,80.6820,108.6780,18.7758,7.2490,5.4869,12.4144,11.4619,13.7964
2019/6/6 7:03,108.1790,121.5410,137.3170,75.4660,71.6710,80.6900,108.6810,18.7779,7.2490,5.4898,12.4153,11.4621,13.7966
2019/6/6 7:04,108.1770,121.5540,137.3160,75.4710,71.6810,80.6930,108.7010,18.7864,7.2470,5.4879,12.4154,11.4623,13.7963
2019/6/6 7:05,108.1720,121.5390,137.3210,75.4600,71.6760,80.6740,108.7060,18.7823,7.2450,5.4865,12.4144,11.4614,13.7961
2019/6/6 7:06,108.1720,121.5390,137.3240,75.4610,71.6760,80.6630,108.7060,18.7815,7.2460,5.4856,12.4143,11.4612,13.7961
2019/6/6 7:07,108.1780,121.5350,137.3180,75.4650,71.6800,80.6670,108.7040,18.7797,7.2460,5.4859,12.4141,11.4612,13.7968
2019/6/6 7:08,108.1790,121.5370,137.3110,75.4640,71.6820,80.6680,108.6930,18.7712,7.2440,5.4861,12.4142,11.4640,13.7970
2019/6/6 7:09,108.1780,121.5420,137.3230,75.4660,71.6830,80.6680,108.7030,18.7642,7.2450,5.4861,12.4163,11.4652,13.7968
2019/6/6 7:10,108.1780,121.5520,137.3320,75.4680,71.6880,80.6730,108.7130,18.7662,7.2460,5.4870,12.4165,11.4650,13.7969
2019/6/6 7:11,108.1820,121.5450,137.3250,75.4670,71.6840,80.6750,108.7180,18.7666,7.2450,5.4871,12.4148,11.4626,13.7974
2019/6/6 7:12,108.1850,121.5480,137.3600,75.4690,71.6850,80.6710,108.7300,18.7699,7.2470,5.4874,12.4162,11.4648,13.7977
2019/6/6 7:13,108.1830,121.5410,137.3350,75.4680,71.6860,80.6720,108.7190,18.7740,7.2460,5.4871,12.4159,11.4635,13.7975
2019/6/6 7:14,108.1950,121.5560,137.3630,75.4770,71.6970,80.6900,108.7310,18.7789,7.2540,5.4904,12.4185,11.4651,13.7990
2019/6/6 7:15,108.1920,121.5680,137.3660,75.4860,71.6970,80.7070,108.7320,18.7819,7.2550,5.4934,12.4198,11.4657,13.7986
2019/6/6 7:16,108.1940,121.5670,137.3610,75.4870,71.6990,80.7190,108.7230,18.7825,7.2550,5.4942,12.4201,11.4657,13.7989
2019/6/6 7:17,108.2120,121.5790,137.3790,75.4940,71.7020,80.7300,108.7290,18.7804,7.2570,5.4958,12.4218,11.4682,13.8012
2019/6/6 7:18,108.2170,121.5630,137.3910,75.4920,71.6960,80.7320,108.7180,18.7803,7.2590,5.4959,12.4222,11.4673,13.8021
2019/6/6 7:19,108.2060,121.5450,137.4290,75.4770,71.6900,80.7230,108.7140,18.7537,7.2570,5.4933,12.4202,11.4660,13.8007
2019/6/6 7:20,108.1980,121.5600,137.4650,75.4820,71.6960,80.7270,108.7220,18.7381,7.2580,5.4943,12.4191,11.4667,13.8000
2019/6/6 7:21,108.1930,121.5370,137.4940,75.4760,71.6920,80.7220,108.7140,18.7303,7.2570,5.4929,12.4168,11.4639,13.7993
2019/6/6 7:22,108.1990,121.5300,137.4240,75.4770,71.6900,80.7340,108.7130,18.7284,7.2580,5.4936,12.4158,11.4633,13.8000
2019/6/6 7:23,108.2100,121.5350,137.4270,75.4800,71.6950,80.7450,108.7060,18.7143,7.2560,5.4939,12.4173,11.4643,13.8014
2019/6/6 7:24,108.2060,121.5210,137.4080,75.4730,71.6890,80.7370,108.6960,18.7140,7.2570,5.4920,12.4148,11.4633,13.8009
2019/6/6 7:25,108.1960,121.5030,137.3920,75.4660,71.6760,80.7300,108.6870,18.7168,7.2570,5.4892,12.4139,11.4617,13.7996
2019/6/6 7:26,108.2080,121.5220,137.3930,75.4770,71.6900,80.7450,108.6940,18.7251,7.2580,5.4924,12.4144,11.4632,13.8010
2019/6/6 7:27,108.2210,121.5360,137.4120,75.4870,71.7000,80.7550,108.6820,18.7277,7.2610,5.4922,12.4150,11.4647,13.8027
2019/6/6 7:28,108.2180,121.5500,137.3850,75.4930,71.7050,80.7570,108.6830,18.7168,7.2590,5.4916,12.4161,11.4659,13.8023
2019/6/6 7:29,108.2220,121.5240,137.3900,75.4860,71.6960,80.7270,108.6790,18.7180,7.2580,5.4880,12.4131,11.4623,13.8028
2019/6/6 7:30,108.2240,121.5260,137.3730,75.4890,71.7080,80.7350,108.6860,18.7060,7.2620,5.4882,12.4134,11.4629,13.8033
2019/6/6 7:31,108.2270,121.5420,137.4010,75.4810,71.7010,80.7310,108.6880,18.7057,7.2640,5.4879,12.4146,11.4633,13.8037
2019/6/6 7:32,108.2260,121.5480,137.3960,75.4780,71.7010,80.7210,108.7110,18.7055,7.2630,5.4876,12.4135,11.4638,13.8035
2019/6/6 7:33,108.2350,121.5310,137.3960,75.4770,71.6970,80.7070,108.7080,18.7073,7.2640,5.4869,12.4120,11.4627,13.8047
2019/6/6 7:34,108.2370,121.5330,137.4120,75.4840,71.7060,80.7110,108.7110,18.7065,7.2660,5.4860,12.4122,11.4622,13.8049
2019/6/6 7:35,108.2310,121.5360,137.4310,75.4790,71.7000,80.6950,108.7160,18.7071,7.2660,5.4847,12.4090,11.4604,13.8042
2019/6/6 7:36,108.2310,121.5330,137.4210,75.4810,71.7030,80.6960,108.7160,18.7207,7.2670,5.4869,12.4089,11.4603,13.8042
2019/6/6 7:37,108.2350,121.5380,137.4200,75.4710,71.6940,80.6990,108.7100,18.7251,7.2670,5.4875,12.4075,11.4606,13.8047
2019/6/6 7:38,108.2320,121.5370,137.4120,75.4540,71.6830,80.6920,108.6970,18.7270,7.2640,5.4866,12.4046,11.4594,13.8044
2019/6/6 7:39,108.2280,121.5330,137.4160,75.4570,71.6890,80.6900,108.7260,18.7263,7.2640,5.4869,12.4031,11.4591,13.8039
2019/6/6 7:40,108.2300,121.5280,137.4250,75.4580,71.6850,80.6960,108.7160,18.7247,7.2630,5.4859,12.4002,11.4589,13.8041
2019/6/6 7:41,108.2300,121.5080,137.3670,75.4510,71.6820,80.6850,108.6900,18.7266,7.2640,5.4851,12.3979,11.4569,13.8041
2019/6/6 7:42,108.2290,121.5070,137.3600,75.4520,71.6810,80.6920,108.6910,18.7267,7.2640,5.4868,12.4005,11.4581,13.8040
2019/6/6 7:43,108.2280,121.5020,137.3560,75.4560,71.6790,80.6890,108.6910,18.7265,7.2620,5.4847,12.3999,11.4578,13.8039
2019/6/6 7:44,108.2310,121.4920,137.3480,75.4600,71.6900,80.6880,108.6910,18.7207,7.2610,5.4852,12.4042,11.4593,13.8044
2019/6/6 7:45,108.2060,121.5690,137.3620,75.4640,71.6970,80.6630,108.7710,18.7150,7.2610,5.4850,12.4091,11.4648,13.8010
2019/6/6 7:46,108.2130,121.6850,137.4300,75.4510,71.6890,80.6650,108.8200,18.7202,7.2620,5.4851,12.4110,11.4726,13.8021
2019/6/6 7:47,108.2100,121.7550,137.4950,75.4580,71.6970,80.6670,108.8760,18.7253,7.2650,5.4851,12.4128,11.4745,13.8017
2019/6/6 7:48,108.1980,121.7490,137.4710,75.4690,71.6930,80.6560,108.8750,18.7241,7.2620,5.4866,12.4083,11.4649,13.8001
2019/6/6 7:49,108.1940,121.7530,137.4790,75.4820,71.6960,80.6530,108.9010,18.7259,7.2630,5.4858,12.4080,11.4662,13.7996
2019/6/6 7:50,108.1900,121.7030,137.4840,75.4710,71.6850,80.6360,108.8720,18.7335,7.2620,5.4850,12.4095,11.4678,13.7991
2019/6/6 7:51,108.2170,121.6940,137.4940,75.4800,71.6910,80.6630,108.8590,18.7452,7.2650,5.4868,12.4137,11.4689,13.8026
2019/6/6 7:52,108.2060,121.7990,137.5710,75.5120,71.7370,80.6760,108.9680,18.7594,7.2700,5.4879,12.4204,11.4786,13.8009
2019/6/6 7:53,108.2050,121.8580,137.6200,75.5270,71.7490,80.6890,109.0420,18.7742,7.2760,5.4864,12.4232,11.4840,13.8008
2019/6/6 7:54,108.1880,121.8380,137.6490,75.5190,71.7320,80.6890,109.0090,18.7407,7.2700,5.4839,12.4224,11.4818,13.7987
2019/6/6 7:55,108.1870,121.8800,137.6360,75.5290,71.7240,80.6910,109.0220,18.7325,7.2700,5.4838,12.4334,11.4855,13.7986
2019/6/6 7:56,108.1830,121.9340,137.6640,75.5520,71.7410,80.7160,109.0570,18.7327,7.2780,5.4865,12.4366,11.4895,13.7980
2019/6/6 7:57,108.1820,121.9030,137.6580,75.5450,71.7330,80.7190,109.0280,18.7242,7.2730,5.4833,12.4397,11.4875,13.7978
2019/6/6 7:58,108.1870,121.8890,137.6640,75.5540,71.7440,80.7280,109.0150,18.7316,7.2780,5.4841,12.4398,11.4891,13.7983
2019/6/6 7:59,108.1910,121.8690,137.6540,75.5460,71.7410,80.7060,108.9870,18.7307,7.2770,5.4841,12.4373,11.4864,13.7987
2019/6/6 8:00,108.1820,121.8690,137.6770,75.5510,71.7410,80.7070,109.0090,18.7237,7.2780,5.4836,12.4370,11.4853,13.7975
2019/6/6 8:01,108.1780,121.8510,137.6300,75.5310,71.7260,80.6900,108.9640,18.7227,7.2740,5.4801,12.4355,11.4838,13.7972
2019/6/6 8:02,108.1860,121.8620,137.6400,75.5320,71.7320,80.6960,108.9650,18.7279,7.2730,5.4801,12.4334,11.4851,13.7983
2019/6/6 8:03,108.1830,121.8820,137.6300,75.5360,71.7260,80.7030,108.9730,18.7533,7.2750,5.4814,12.4367,11.4876,13.7979
2019/6/6 8:04,108.1600,121.8340,137.5950,75.5140,71.7120,80.6920,108.9520,18.7489,7.2730,5.4795,12.4327,11.4825,13.7950
2019/6/6 8:05,108.1580,121.8190,137.6050,75.4980,71.6960,80.6800,108.9490,18.7483,7.2710,5.4799,12.4272,11.4797,13.7947
2019/6/6 8:06,108.1580,121.8090,137.5900,75.4930,71.6940,80.6740,108.9510,18.7484,7.2720,5.4810,12.4244,11.4773,13.7948
2019/6/6 8:07,108.1480,121.8350,137.5820,75.5050,71.6990,80.6780,108.9760,18.7468,7.2720,5.4786,12.4274,11.4791,13.7935
2019/6/6 8:08,108.1330,121.8360,137.5610,75.5050,71.6980,80.6740,108.9910,18.7439,7.2710,5.4759,12.4273,11.4797,13.7916
2019/6/6 8:09,108.1280,121.8450,137.5830,75.5040,71.7050,80.6730,109.0010,18.7431,7.2700,5.4735,12.4269,11.4803,13.7910
2019/6/6 8:10,108.1280,121.8450,137.5920,75.5140,71.7220,80.6770,109.0000,18.7439,7.2700,5.4718,12.4263,11.4807,13.7910
2019/6/6 8:11,108.1170,121.8540,137.6150,75.5180,71.7250,80.6750,109.0100,18.7411,7.2710,5.4689,12.4260,11.4816,13.7896
2019/6/6 8:12,108.1230,121.8250,137.6120,75.5120,71.7290,80.6790,108.9970,18.7405,7.2700,5.4709,12.4222,11.4773,13.7903
2019/6/6 8:13,108.1200,121.8280,137.5700,75.5090,71.7290,80.6830,109.0140,18.7399,7.2690,5.4694,12.4220,11.4749,13.7900
2019/6/6 8:14,108.1290,121.8150,137.5550,75.5100,71.7270,80.6780,109.0110,18.7400,7.2700,5.4691,12.4213,11.4737,13.7911
2019/6/6 8:15,108.1310,121.8280,137.5750,75.5150,71.7310,80.6950,109.0240,18.7419,7.2700,5.4710,12.4230,11.4756,13.7914
2019/6/6 8:16,108.1370,121.8230,137.5690,75.5150,71.7320,80.6950,109.0230,18.7442,7.2710,5.4726,12.4237,11.4774,13.7921
2019/6/6 8:17,108.1370,121.8100,137.5740,75.5150,71.7280,80.6970,109.0160,18.7430,7.2740,5.4735,12.4222,11.4749,13.7921
2019/6/6 8:18,108.1430,121.8170,137.5720,75.5270,71.7390,80.7110,109.0070,18.7444,7.2750,5.4793,12.4243,11.4761,13.7929
2019/6/6 8:19,108.1450,121.7930,137.5400,75.5220,71.7360,80.7100,109.0000,18.7446,7.2750,5.4782,12.4230,11.4734,13.7931
2019/6/6 8:20,108.1330,121.7790,137.5110,75.5040,71.7290,80.6810,108.9890,18.7436,7.2740,5.4768,12.4199,11.4710,13.7916
2019/6/6 8:21,108.1440,121.8000,137.5330,75.5140,71.7390,80.6840,109.0060,18.7448,7.2740,5.4781,12.4217,11.4728,13.7930
2019/6/6 8:22,108.1250,121.8110,137.5320,75.5160,71.7420,80.6770,109.0190,18.7423,7.2740,5.4793,12.4217,11.4736,13.7905
2019/6/6 8:23,108.1390,121.8230,137.5510,75.5250,71.7470,80.6840,109.0230,18.7452,7.2760,5.4824,12.4235,11.4755,13.7923
2019/6/6 8:24,108.1440,121.8120,137.5570,75.5150,71.7390,80.6750,109.0270,18.7484,7.2740,5.4839,12.4218,11.4739,13.7925
2019/6/6 8:25,108.1400,121.7860,137.5390,75.5060,71.7380,80.6810,109.0220,18.7466,7.2760,5.4816,12.4174,11.4712,13.7921
2019/6/6 8:26,108.1280,121.7800,137.5430,75.4920,71.7220,80.6660,108.9930,18.7374,7.2740,5.4756,12.4163,11.4706,13.7905
2019/6/6 8:27,108.1230,121.7560,137.5180,75.4870,71.7180,80.6670,108.9840,18.7364,7.2730,5.4755,12.4154,11.4676,13.7900
2019/6/6 8:28,108.1250,121.7750,137.5260,75.5010,71.7190,80.6630,108.9990,18.7390,7.2760,5.4785,12.4191,11.4697,13.7902
2019/6/6 8:29,108.1290,121.7680,137.5310,75.4870,71.7120,80.6550,108.9950,18.7291,7.2730,5.4802,12.4157,11.4714,13.7905
2019/6/6 8:30,108.1110,121.7940,137.5330,75.5000,71.7300,80.6800,109.0050,18.7418,7.2740,5.4804,12.4194,11.4735,13.7879
2019/6/6 8:31,108.1100,121.8070,137.5660,75.5080,71.7340,80.6880,109.0120,18.7412,7.2710,5.4817,12.4208,11.4730,13.7878
2019/6/6 8:32,108.0950,121.8040,137.5220,75.5070,71.7400,80.6710,108.9950,18.7382,7.2730,5.4795,12.4202,11.4715,13.7858
2019/6/6 8:33,108.1040,121.7830,137.5090,75.4970,71.7330,80.6690,108.9740,18.7291,7.2720,5.4794,12.4166,11.4715,13.7870
2019/6/6 8:34,108.1020,121.8450,137.5200,75.5230,71.7490,80.6810,109.0160,18.7310,7.2740,5.4815,12.4231,11.4778,13.7867
2019/6/6 8:35,108.0760,121.7950,137.4760,75.4880,71.7290,80.6500,108.9980,18.7268,7.2710,5.4802,12.4173,11.4718,13.7835
2019/6/6 8:36,108.0710,121.9060,137.4870,75.5060,71.7570,80.6740,109.0390,18.7263,7.2760,5.4820,12.4274,11.4799,13.7828
2019/6/6 8:37,108.0820,121.9490,137.5400,75.5190,71.7610,80.6910,109.0610,18.7273,7.2770,5.4858,12.4303,11.4826,13.7842
2019/6/6 8:38,108.1090,121.9740,137.5730,75.5330,71.7960,80.7000,109.0680,18.7310,7.2760,5.4863,12.4333,11.4868,13.7875
2019/6/6 8:39,108.1160,122.0050,137.6190,75.5660,71.8180,80.7160,109.0860,18.7332,7.2790,5.4843,12.4366,11.4883,13.7884
2019/6/6 8:40,108.1060,122.0050,137.5920,75.5530,71.8040,80.7310,109.0660,18.7292,7.2740,5.4824,12.4371,11.4907,13.7872
2019/6/6 8:41,108.0880,122.0120,137.6040,75.5460,71.7880,80.7140,109.0670,18.7242,7.2730,5.4800,12.4393,11.4912,13.7854
2019/6/6 8:42,108.0570,122.0140,137.5690,75.5160,71.7630,80.6830,109.0670,18.7055,7.2670,5.4762,12.4364,11.4890,13.7810
2019/6/6 8:43,108.0400,121.9880,137.5730,75.5080,71.7600,80.6560,109.0240,18.7083,7.2670,5.4745,12.4315,11.4827,13.7783
2019/6/6 8:44,108.0470,121.9520,137.5700,75.4970,71.7370,80.6600,109.0160,18.7110,7.2670,5.4750,12.4253,11.4761,13.7792
2019/6/6 8:45,108.0470,122.0160,137.6040,75.5150,71.7520,80.6690,109.0570,18.7086,7.2690,5.4772,12.4280,11.4826,13.7791
2019/6/6 8:46,108.0370,121.9910,137.5930,75.5110,71.7480,80.6590,109.0500,18.7094,7.2670,5.4743,12.4266,11.4793,13.7779
2019/6/6 8:47,108.0540,121.9620,137.5800,75.5010,71.7370,80.6490,109.0480,18.7119,7.2670,5.4738,12.4242,11.4773,13.7801
2019/6/6 8:48,108.0760,121.9720,137.5930,75.5090,71.7270,80.6620,109.0520,18.7110,7.2660,5.4749,12.4241,11.4791,13.7830
2019/6/6 8:49,108.0420,122.0120,137.5930,75.5050,71.7270,80.6400,109.0600,18.7041,7.2650,5.4747,12.4226,11.4816,13.7786
2019/6/6 8:50,108.0470,122.0890,137.6330,75.5160,71.7420,80.6480,109.1040,18.7210,7.2660,5.4737,12.4273,11.4893,13.7793
2019/6/6 8:51,108.0440,122.1360,137.6440,75.5230,71.7480,80.6530,109.0980,18.7277,7.2670,5.4735,12.4272,11.4933,13.7789
2019/6/6 8:52,108.0540,122.1860,137.6760,75.5410,71.7450,80.6760,109.1210,18.7205,7.2690,5.4776,12.4312,11.4965,13.7802
2019/6/6 8:53,108.0730,122.0790,137.6390,75.5270,71.7310,80.6690,109.0900,18.7294,7.2670,5.4777,12.4246,11.4872,13.7828
2019/6/6 8:54,108.0900,121.9740,137.6090,75.5250,71.7240,80.6700,108.9910,18.7324,7.2640,5.4782,12.4157,11.4779,13.7849
2019/6/6 8:55,108.0520,122.0200,137.5990,75.5220,71.7340,80.6650,109.0200,18.7265,7.2670,5.4791,12.4194,11.4848,13.7800
2019/6/6 8:56,108.0640,122.1060,137.6000,75.5590,71.7600,80.7000,109.1160,18.7356,7.2720,5.4810,12.4328,11.4959,13.7816
2019/6/6 8:57,108.0750,122.0780,137.5850,75.5460,71.7440,80.6970,109.0910,18.7403,7.2710,5.4814,12.4269,11.4885,13.7831
2019/6/6 8:58,108.0910,122.0710,137.5650,75.5530,71.7430,80.7060,109.0940,18.7472,7.2690,5.4826,12.4293,11.4889,13.7852
2019/6/6 8:59,108.1090,122.0130,137.5080,75.5430,71.7300,80.6960,109.0520,18.7496,7.2680,5.4848,12.4250,11.4840,13.7874
2019/6/6 9:00,108.0900,121.9620,137.5090,75.5350,71.7160,80.6840,109.0160,18.7411,7.2660,5.4836,12.4204,11.4817,13.7850
2019/6/6 9:01,108.0780,122.0290,137.5290,75.5430,71.7210,80.6770,109.0480,18.7331,7.2640,5.4851,12.4280,11.4881,13.7835
2019/6/6 9:02,108.0670,122.0400,137.5470,75.5520,71.7300,80.6670,109.0470,18.7350,7.2640,5.4836,12.4259,11.4886,13.7820
2019/6/6 9:03,108.0670,122.0140,137.5400,75.5370,71.7190,80.6490,109.0560,18.7360,7.2590,5.4802,12.4209,11.4843,13.7821
2019/6/6 9:04,108.0780,121.9920,137.5010,75.5340,71.7130,80.6450,109.0350,18.7378,7.2570,5.4807,12.4178,11.4827,13.7836
2019/6/6 9:05,108.1140,122.0210,137.4970,75.5560,71.7280,80.6950,109.0590,18.7397,7.2540,5.4815,12.4236,11.4851,13.7882
2019/6/6 9:06,108.1070,121.9670,137.5120,75.5300,71.7070,80.6710,109.0510,18.7393,7.2490,5.4802,12.4189,11.4812,13.7873
2019/6/6 9:07,108.1430,121.9590,137.5360,75.5430,71.7130,80.6980,109.0580,18.7438,7.2500,5.4809,12.4189,11.4818,13.7919
2019/6/6 9:08,108.1470,121.9460,137.5050,75.5300,71.7080,80.6900,109.0260,18.7245,7.2520,5.4831,12.4187,11.4803,13.7923
2019/6/6 9:09,108.1610,121.8620,137.4460,75.5150,71.6800,80.6810,108.9790,18.7438,7.2490,5.4826,12.4103,11.4724,13.7934
2019/6/6 9:10,108.1760,121.8790,137.4650,75.5300,71.6860,80.6880,109.0100,18.7252,7.2510,5.4814,12.4134,11.4736,13.7953
2019/6/6 9:11,108.1480,121.9300,137.4890,75.5410,71.7100,80.6740,109.0580,18.7181,7.2520,5.4797,12.4164,11.4783,13.7917
2019/6/6 9:12,108.1690,121.9240,137.4970,75.5470,71.7120,80.6830,109.0590,18.7243,7.2510,5.4783,12.4163,11.4782,13.7945
2019/6/6 9:13,108.1690,121.9120,137.5340,75.5500,71.7170,80.6850,109.0640,18.7243,7.2500,5.4786,12.4176,11.4774,13.7946
2019/6/6 9:14,108.1820,121.9210,137.5360,75.5560,71.7220,80.7060,109.0710,18.7275,7.2520,5.4811,12.4194,11.4783,13.7962
2019/6/6 9:15,108.1700,121.9300,137.5200,75.5570,71.7260,80.7080,109.0710,18.7308,7.2510,5.4831,12.4213,11.4808,13.7948
2019/6/6 9:16,108.1830,121.9210,137.5330,75.5610,71.7260,80.7170,109.0790,18.7279,7.2500,5.4818,12.4225,11.4831,13.7964
2019/6/6 9:17,108.2090,121.9030,137.5240,75.5590,71.7220,80.7400,109.0450,18.7306,7.2490,5.4832,12.4169,11.4798,13.7997
2019/6/6 9:18,108.2090,121.9040,137.5190,75.5680,71.7290,80.7360,109.0460,18.7306,7.2480,5.4834,12.4185,11.4798,13.7999
2019/6/6 9:19,108.2050,121.9290,137.4910,75.5700,71.7300,80.7470,109.0540,18.7289,7.2470,5.4863,12.4193,11.4815,13.7992
2019/6/6 9:20,108.2160,121.9280,137.5090,75.5740,71.7360,80.7680,109.0560,18.7304,7.2450,5.4868,12.4213,11.4818,13.8007
2019/6/6 9:21,108.2210,121.9080,137.5220,75.5720,71.7350,80.7770,109.0380,18.7318,7.2420,5.4853,12.4185,11.4780,13.8013
2019/6/6 9:22,108.2240,121.9050,137.4970,75.5640,71.7350,80.7760,109.0370,18.7272,7.2430,5.4849,12.4184,11.4798,13.8017
2019/6/6 9:23,108.2280,121.9700,137.5270,75.5780,71.7460,80.7960,109.0840,18.7281,7.2470,5.4839,12.4264,11.4871,13.8021
2019/6/6 9:24,108.2310,121.9910,137.5330,75.5860,71.7580,80.8040,109.0930,18.7147,7.2470,5.4828,12.4296,11.4894,13.8025
2019/6/6 9:25,108.2130,121.9730,137.5180,75.5690,71.7480,80.7890,109.0670,18.7124,7.2480,5.4838,12.4302,11.4873,13.8001
2019/6/6 9:26,108.2090,121.9960,137.5380,75.5710,71.7460,80.7840,109.0880,18.7109,7.2480,5.4839,12.4289,11.4881,13.7997
2019/6/6 9:27,108.2070,121.9940,137.5270,75.5650,71.7460,80.7840,109.0880,18.7113,7.2480,5.4833,12.4277,11.4878,13.7995
2019/6/6 9:28,108.2090,121.9820,137.5250,75.5620,71.7400,80.7860,109.0760,18.7075,7.2470,5.4856,12.4259,11.4865,13.7999
2019/6/6 9:29,108.2240,121.9740,137.5240,75.5540,71.7310,80.7820,109.0780,18.7045,7.2490,5.4847,12.4251,11.4851,13.8018
2019/6/6 9:30,108.2110,121.9650,137.5120,75.5450,71.7200,80.7740,109.0830,18.7055,7.2450,5.4809,12.4230,11.4846,13.8001
2019/6/6 9:31,108.1980,122.0340,137.5640,75.5620,71.7310,80.7830,109.1180,18.7085,7.2460,5.4800,12.4307,11.4908,13.7984
2019/6/6 9:32,108.1790,122.0660,137.5670,75.5680,71.7420,80.7530,109.1400,18.7053,7.2440,5.4774,12.4286,11.4910,13.7961
2019/6/6 9:33,108.2060,122.0420,137.5440,75.5740,71.7480,80.7800,109.1190,18.7121,7.2520,5.4813,12.4290,11.4891,13.7995
2019/6/6 9:34,108.2220,122.0370,137.5550,75.5740,71.7430,80.7880,109.1220,18.7143,7.2540,5.4840,12.4286,11.4896,13.8015
2019/6/6 9:35,108.2470,122.0160,137.5450,75.5780,71.7440,80.8160,109.1050,18.7193,7.2530,5.4867,12.4261,11.4859,13.8047
2019/6/6 9:36,108.2610,121.9830,137.5350,75.5670,71.7310,80.8270,109.0770,18.7203,7.2480,5.4874,12.4252,11.4827,13.8065
2019/6/6 9:37,108.2860,121.9120,137.5050,75.5640,71.7260,80.8460,109.0170,18.7167,7.2470,5.4874,12.4224,11.4780,13.8097
2019/6/6 9:38,108.2950,121.9260,137.4720,75.5710,71.7330,80.8450,109.0180,18.7187,7.2450,5.4879,12.4258,11.4797,13.8108
2019/6/6 9:39,108.2880,121.9080,137.4840,75.5650,71.7260,80.8330,109.0310,18.6818,7.2410,5.4843,12.4218,11.4791,13.8099
2019/6/6 9:40,108.2840,121.8770,137.4550,75.5580,71.7260,80.8260,109.0320,18.6591,7.2360,5.4830,12.4174,11.4757,13.8095
2019/6/6 9:41,108.2950,121.8730,137.4680,75.5720,71.7470,80.8500,109.0380,18.6787,7.2390,5.4840,12.4183,11.4777,13.8109
2019/6/6 9:42,108.2820,121.8570,137.4640,75.5610,71.7360,80.8330,109.0310,18.6700,7.2410,5.4827,12.4140,11.4755,13.8093
2019/6/6 9:43,108.2790,121.8340,137.4580,75.5530,71.7320,80.8190,109.0220,18.6791,7.2410,5.4816,12.4122,11.4735,13.8091
2019/6/6 9:44,108.2930,121.8530,137.5020,75.5570,71.7370,80.8390,109.0340,18.6857,7.2440,5.4806,12.4146,11.4764,13.8109
2019/6/6 9:45,108.2650,121.8610,137.4750,75.5580,71.7470,80.8280,109.0350,18.7076,7.2430,5.4806,12.4152,11.4789,13.8075
2019/6/6 9:46,108.2930,121.8680,137.5370,75.5850,71.7710,80.8810,109.0390,18.7165,7.2450,5.4813,12.4186,11.4817,13.8109
2019/6/6 9:47,108.2740,121.8660,137.5270,75.5710,71.7650,80.8560,109.0620,18.7051,7.2440,5.4808,12.4149,11.4822,13.8086
2019/6/6 9:48,108.2880,121.8170,137.5060,75.5630,71.7630,80.8630,109.0350,18.7090,7.2440,5.4832,12.4098,11.4766,13.8103
2019/6/6 9:49,108.2890,121.7990,137.5200,75.5540,71.7450,80.8550,109.0350,18.7081,7.2430,5.4843,12.4082,11.4766,13.8105
2019/6/6 9:50,108.3070,121.8430,137.5250,75.5800,71.7690,80.8690,109.0670,18.7129,7.2490,5.4883,12.4160,11.4829,13.8127
2019/6/6 9:51,108.2940,121.8210,137.4890,75.5750,71.7650,80.8520,109.0610,18.7180,7.2470,5.4899,12.4139,11.4799,13.8111
2019/6/6 9:52,108.2820,121.8440,137.4940,75.5740,71.7740,80.8520,109.0610,18.7260,7.2460,5.4901,12.4185,11.4828,13.8096
2019/6/6 9:53,108.2690,121.8020,137.4670,75.5620,71.7610,80.8370,109.0500,18.7357,7.2450,5.4892,12.4134,11.4797,13.8079
2019/6/6 9:54,108.2580,121.8190,137.4800,75.5690,71.7680,80.8410,109.0700,18.7523,7.2470,5.4891,12.4138,11.4817,13.8064
2019/6/6 9:55,108.2650,121.8180,137.4860,75.5710,71.7710,80.8420,109.0720,18.7560,7.2470,5.4912,12.4140,11.4834,13.8073
2019/6/6 9:56,108.2430,121.8250,137.4810,75.5690,71.7750,80.8360,109.0800,18.7758,7.2470,5.4902,12.4134,11.4839,13.8045
2019/6/6 9:57,108.2600,121.8580,137.5080,75.5880,71.7910,80.8590,109.1060,18.7692,7.2490,5.4914,12.4170,11.4908,13.8066
2019/6/6 9:58,108.2460,121.8400,137.4890,75.5710,71.7780,80.8570,109.0910,18.7521,7.2500,5.4901,12.4161,11.4895,13.8049
2019/6/6 9:59,108.2350,121.8160,137.4580,75.5650,71.7730,80.8230,109.0900,18.7472,7.2490,5.4886,12.4141,11.4848,13.8035
2019/6/6 10:00,108.2290,121.8670,137.4890,75.5790,71.7920,80.8410,109.1220,18.7644,7.2480,5.4900,12.4198,11.4860,13.8026
2019/6/6 10:01,108.2390,121.8820,137.4980,75.5900,71.7990,80.8540,109.1260,18.7639,7.2510,5.4918,12.4221,11.4880,13.8039
2019/6/6 10:02,108.2210,121.8950,137.4810,75.5860,71.8000,80.8370,109.1350,18.7570,7.2500,5.4919,12.4214,11.4852,13.8018
2019/6/6 10:03,108.2040,121.8940,137.4680,75.5780,71.7930,80.8230,109.1240,18.7549,7.2510,5.4911,12.4227,11.4873,13.7996
2019/6/6 10:04,108.2140,121.8860,137.4740,75.5830,71.7950,80.8320,109.1230,18.7472,7.2480,5.4922,12.4211,11.4859,13.8009
2019/6/6 10:05,108.2420,121.8820,137.4740,75.5780,71.7950,80.8450,109.1350,18.7444,7.2490,5.4938,12.4235,11.4868,13.8045
2019/6/6 10:06,108.2470,121.8900,137.4580,75.5780,71.7940,80.8560,109.1340,18.7426,7.2500,5.4920,12.4251,11.4852,13.8051
2019/6/6 10:07,108.2480,121.9190,137.4790,75.5930,71.8070,80.8880,109.1420,18.7465,7.2490,5.4909,12.4294,11.4888,13.8052
2019/6/6 10:08,108.2360,121.9070,137.4730,75.5860,71.8010,80.8730,109.1420,18.7455,7.2490,5.4917,12.4268,11.4845,13.8037
2019/6/6 10:09,108.2420,121.9020,137.5130,75.5770,71.8000,80.8670,109.1500,18.7436,7.2430,5.4898,12.4257,11.4845,13.8045
2019/6/6 10:10,108.2290,121.8840,137.5800,75.5580,71.7920,80.8510,109.1330,18.7344,7.2400,5.4883,12.4235,11.4844,13.8029
2019/6/6 10:11,108.2130,121.8850,137.5980,75.5640,71.7980,80.8470,109.1400,18.7428,7.2380,5.4874,12.4237,11.4837,13.8008
2019/6/6 10:12,108.2130,121.8870,137.5970,75.5640,71.7970,80.8470,109.1380,18.7314,7.2370,5.4861,12.4224,11.4823,13.8007
2019/6/6 10:13,108.2230,121.9270,137.6390,75.5810,71.8130,80.8640,109.1580,18.7401,7.2430,5.4889,12.4279,11.4880,13.8019
2019/6/6 10:14,108.2110,121.9290,137.6640,75.5740,71.8050,80.8480,109.1640,18.7381,7.2440,5.4883,12.4258,11.4861,13.8004
2019/6/6 10:15,108.2180,121.9340,137.6780,75.5720,71.8020,80.8570,109.1790,18.7330,7.2410,5.4875,12.4247,11.4857,13.8013
2019/6/6 10:16,108.2110,121.9410,137.6650,75.5810,71.8060,80.8720,109.1880,18.7355,7.2430,5.4884,12.4267,11.4888,13.8004
2019/6/6 10:17,108.2260,121.9580,137.6800,75.5860,71.8130,80.8860,109.2010,18.7447,7.2470,5.4926,12.4274,11.4894,13.8023
2019/6/6 10:18,108.2270,121.9580,137.6610,75.5740,71.8050,80.8870,109.2030,18.7466,7.2460,5.4936,12.4242,11.4864,13.8026
2019/6/6 10:19,108.2180,121.9570,137.7280,75.5790,71.8090,80.9140,109.1980,18.7500,7.2470,5.4920,12.4268,11.4890,13.8013
2019/6/6 10:20,108.2180,121.9670,137.7290,75.5820,71.8130,80.9130,109.2100,18.7502,7.2470,5.4930,12.4277,11.4901,13.8013
2019/6/6 10:21,108.2220,121.9590,137.7200,75.5740,71.8070,80.9010,109.1960,18.7482,7.2440,5.4915,12.4245,11.4876,13.8018
2019/6/6 10:22,108.2150,121.9680,137.7090,75.5650,71.7970,80.8910,109.2030,18.7389,7.2440,5.4896,12.4247,11.4885,13.8009
2019/6/6 10:23,108.2190,121.9890,137.7260,75.5730,71.8000,80.8890,109.2060,18.7341,7.2430,5.4889,12.4238,11.4857,13.8014
2019/6/6 10:24,108.2010,121.9910,137.7030,75.5700,71.8040,80.8680,109.1980,18.7329,7.2420,5.4879,12.4216,11.4863,13.7991
2019/6/6 10:25,108.1810,121.9930,137.6880,75.5650,71.7950,80.8440,109.2190,18.7316,7.2420,5.4857,12.4220,11.4864,13.7966
2019/6/6 10:26,108.2000,121.9870,137.7140,75.5670,71.8010,80.8700,109.2170,18.7336,7.2400,5.4859,12.4202,11.4854,13.7990
2019/6/6 10:27,108.2010,121.9800,137.6570,75.5630,71.8000,80.8720,109.2380,18.7196,7.2380,5.4823,12.4182,11.4831,13.7992
2019/6/6 10:28,108.1900,121.9770,137.6730,75.5630,71.7950,80.8680,109.2380,18.7173,7.2390,5.4803,12.4179,11.4841,13.7977
2019/6/6 10:29,108.1790,121.9790,137.6740,75.5700,71.7980,80.8680,109.2380,18.7211,7.2390,5.4814,12.4184,11.4842,13.7962
2019/6/6 10:30,108.1630,121.9530,137.6300,75.5530,71.7810,80.8240,109.2390,18.7336,7.2380,5.4788,12.4147,11.4811,13.7942
2019/6/6 10:31,108.1510,121.9240,137.5930,75.5350,71.7710,80.8010,109.2220,18.7311,7.2360,5.4782,12.4126,11.4791,13.7928
2019/6/6 10:32,108.1760,121.9210,137.6250,75.5400,71.7730,80.8180,109.2330,18.7394,7.2350,5.4798,12.4117,11.4786,13.7958
2019/6/6 10:33,108.1700,121.9250,137.6100,75.5320,71.7690,80.8120,109.2280,18.7330,7.2360,5.4816,12.4121,11.4789,13.7952
2019/6/6 10:34,108.1810,121.9270,137.5880,75.5400,71.7760,80.8200,109.2320,18.7343,7.2390,5.4826,12.4124,11.4782,13.7965
2019/6/6 10:35,108.1900,121.9490,137.5880,75.5600,71.7830,80.8420,109.2440,18.7321,7.2420,5.4847,12.4151,11.4808,13.7976
2019/6/6 10:36,108.1930,121.9450,137.5820,75.5620,71.7860,80.8390,109.2630,18.7342,7.2410,5.4853,12.4145,11.4802,13.7980
2019/6/6 10:37,108.2090,121.9500,137.5920,75.5700,71.7940,80.8520,109.2740,18.7377,7.2420,5.4847,12.4169,11.4806,13.8002
2019/6/6 10:38,108.2120,121.9540,137.5850,75.5770,71.7960,80.8500,109.2710,18.7362,7.2400,5.4849,12.4191,11.4818,13.8006
2019/6/6 10:39,108.2160,121.9720,137.5980,75.5860,71.8070,80.8800,109.2940,18.7357,7.2370,5.4872,12.4232,11.4833,13.8009
2019/6/6 10:40,108.2180,121.9750,137.5840,75.5870,71.8020,80.8960,109.2960,18.7356,7.2360,5.4884,12.4255,11.4838,13.8013
2019/6/6 10:41,108.2390,122.0210,137.6450,75.6070,71.8130,80.9050,109.3210,18.7387,7.2380,5.4894,12.4320,11.4912,13.8040
2019/6/6 10:42,108.2630,122.0140,137.6340,75.5910,71.8050,80.9200,109.3030,18.7414,7.2350,5.4895,12.4297,11.4884,13.8069
2019/6/6 10:43,108.2960,122.0510,137.6710,75.6080,71.8180,80.9430,109.3170,18.7469,7.2380,5.4886,12.4322,11.4915,13.8113
2019/6/6 10:44,108.2820,122.0380,137.7100,75.6050,71.8110,80.9280,109.3140,18.7418,7.2350,5.4907,12.4296,11.4901,13.8093
2019/6/6 10:45,108.2840,122.0140,137.6840,75.5930,71.8110,80.9190,109.2980,18.7396,7.2310,5.4889,12.4264,11.4877,13.8097
2019/6/6 10:46,108.2770,122.0090,137.6870,75.5840,71.8050,80.9050,109.2990,18.7380,7.2270,5.4883,12.4257,11.4859,13.8090
2019/6/6 10:47,108.2750,122.0090,137.7040,75.5880,71.8040,80.9120,109.3020,18.7377,7.2300,5.4880,12.4237,11.4852,13.8087
2019/6/6 10:48,108.2740,122.0040,137.7070,75.5830,71.8070,80.8920,109.3260,18.7368,7.2290,5.4866,12.4222,11.4852,13.8086
2019/6/6 10:49,108.2840,122.0060,137.6440,75.5860,71.8130,80.9090,109.3110,18.7379,7.2240,5.4856,12.4239,11.4859,13.8098
2019/6/6 10:50,108.2900,122.0250,137.6190,75.5910,71.8170,80.9110,109.3340,18.7399,7.2240,5.4865,12.4249,11.4873,13.8106
2019/6/6 10:51,108.2900,122.0810,137.6400,75.6020,71.8240,80.9170,109.3840,18.7403,7.2220,5.4865,12.4302,11.4926,13.8106
2019/6/6 10:52,108.2920,122.0480,137.5990,75.5920,71.8160,80.9090,109.3670,18.7406,7.2220,5.4869,12.4262,11.4899,13.8109
2019/6/6 10:53,108.2450,122.0040,137.5530,75.5610,71.7890,80.8650,109.3410,18.7341,7.2190,5.4836,12.4215,11.4856,13.8059
2019/6/6 10:54,108.2330,122.0330,137.5600,75.5600,71.7870,80.8580,109.3480,18.7385,7.2170,5.4830,12.4258,11.4879,13.8044
2019/6/6 10:55,108.2210,122.0370,137.5370,75.5360,71.7710,80.8270,109.3390,18.7365,7.2160,5.4826,12.4239,11.4883,13.8029
2019/6/6 10:56,108.2130,122.0380,137.5480,75.5330,71.7670,80.8430,109.3510,18.7360,7.2140,5.4800,12.4244,11.4889,13.8018
2019/6/6 10:57,108.2160,122.0320,137.5070,75.5200,71.7560,80.8450,109.3330,18.7489,7.2100,5.4809,12.4234,11.4870,13.8026
2019/6/6 10:58,108.1810,122.0560,137.5180,75.5120,71.7550,80.8210,109.3600,18.7428,7.2120,5.4826,12.4264,11.4908,13.7985
2019/6/6 10:59,108.1920,122.0490,137.5570,75.5130,71.7550,80.8340,109.3500,18.7541,7.2150,5.4853,12.4265,11.4901,13.7998
2019/6/6 11:00,108.1860,122.0600,137.5420,75.5240,71.7680,80.8480,109.3460,18.7404,7.2200,5.4858,12.4304,11.4919,13.7991
2019/6/6 11:01,108.1750,122.0550,137.5300,75.5240,71.7630,80.8420,109.3530,18.7529,7.2190,5.4845,12.4276,11.4910,13.7981
2019/6/6 11:02,108.1910,122.0450,137.5430,75.5270,71.7660,80.8430,109.3340,18.7560,7.2220,5.4865,12.4293,11.4894,13.8001
2019/6/6 11:03,108.1950,122.0650,137.5630,75.5300,71.7720,80.8530,109.3460,18.7568,7.2220,5.4874,12.4304,11.4913,13.8006
2019/6/6 11:04,108.1810,122.0650,137.5500,75.5260,71.7670,80.8430,109.3400,18.7503,7.2250,5.4879,12.4295,11.4918,13.7989
2019/6/6 11:05,108.1860,122.0850,137.5470,75.5270,71.7690,80.8500,109.3440,18.7535,7.2260,5.4879,12.4312,11.4955,13.7993
2019/6/6 11:06,108.1890,122.0840,137.5380,75.5340,71.7760,80.8620,109.3500,18.7540,7.2290,5.4889,12.4326,11.4936,13.7997
2019/6/6 11:07,108.2140,122.0970,137.5450,75.5490,71.7880,80.8940,109.3420,18.7567,7.2290,5.4918,12.4368,11.4945,13.8029
2019/6/6 11:08,108.2180,122.1020,137.5530,75.5560,71.7920,80.9040,109.3410,18.7577,7.2280,5.4915,12.4384,11.4978,13.8035
2019/6/6 11:09,108.2160,122.1380,137.6080,75.5670,71.8050,80.9220,109.3660,18.7583,7.2310,5.4915,12.4422,11.5002,13.8033
2019/6/6 11:10,108.1980,122.1160,137.5830,75.5500,71.7980,80.9020,109.3670,18.7619,7.2300,5.4906,12.4384,11.4975,13.8009
2019/6/6 11:11,108.1960,122.1280,137.5730,75.5580,71.8070,80.8960,109.3670,18.7622,7.2300,5.4904,12.4397,11.4980,13.8007
2019/6/6 11:12,108.1850,122.1470,137.6220,75.5740,71.8230,80.9100,109.4040,18.7628,7.2320,5.4916,12.4419,11.5013,13.7992
2019/6/6 11:13,108.1960,122.1370,137.6510,75.5790,71.8260,80.9240,109.4040,18.7649,7.2320,5.4936,12.4427,11.5044,13.8007
2019/6/6 11:14,108.2020,122.1170,137.6390,75.5720,71.8170,80.9290,109.4180,18.7640,7.2320,5.4933,12.4416,11.5022,13.8015
2019/6/6 11:15,108.2030,122.1110,137.6170,75.5740,71.8210,80.9310,109.3920,18.7653,7.2350,5.4943,12.4389,11.5016,13.8015
2019/6/6 11:16,108.1950,122.1270,137.6080,75.5760,71.8230,80.9240,109.4130,18.7640,7.2340,5.4927,12.4396,11.5032,13.8005
2019/6/6 11:17,108.1810,122.1160,137.5770,75.5670,71.8170,80.9140,109.3870,18.7675,7.2340,5.4923,12.4370,11.5012,13.7987
2019/6/6 11:18,108.1880,122.1470,137.5780,75.5810,71.8290,80.9210,109.3950,18.7705,7.2340,5.4938,12.4421,11.5049,13.7996
2019/6/6 11:19,108.1870,122.1660,137.5880,75.5880,71.8370,80.9340,109.4070,18.7740,7.2330,5.4936,12.4440,11.5054,13.7995
2019/6/6 11:20,108.1750,122.1730,137.6010,75.5980,71.8470,80.9260,109.4320,18.7740,7.2360,5.4935,12.4456,11.5086,13.7979
2019/6/6 11:21,108.1710,122.1660,137.5750,75.5850,71.8380,80.9330,109.4080,18.7756,7.2360,5.4939,12.4441,11.5068,13.7974
2019/6/6 11:22,108.1940,122.1770,137.5970,75.5960,71.8520,80.9500,109.4120,18.7797,7.2370,5.4944,12.4455,11.5079,13.8003
2019/6/6 11:23,108.1820,122.1630,137.5790,75.5870,71.8450,80.9390,109.4110,18.7722,7.2310,5.4920,12.4416,11.5058,13.7988
2019/6/6 11:24,108.1880,122.1830,137.5870,75.5930,71.8430,80.9440,109.4070,18.7743,7.2330,5.4921,12.4440,11.5070,13.7996
2019/6/6 11:25,108.2110,122.1820,137.6070,75.5920,71.8470,80.9610,109.4160,18.7761,7.2340,5.4920,12.4443,11.5067,13.8026
2019/6/6 11:26,108.2170,122.1950,137.5630,75.6010,71.8490,80.9590,109.4130,18.7748,7.2360,5.4929,12.4453,11.5080,13.8034
2019/6/6 11:27,108.2210,122.1970,137.5650,75.5970,71.8440,80.9680,109.4110,18.7554,7.2340,5.4930,12.4457,11.5078,13.8039
2019/6/6 11:28,108.2220,122.2140,137.5500,75.6040,71.8490,80.9890,109.4080,18.7620,7.2340,5.4933,12.4480,11.5095,13.8040
2019/6/6 11:29,108.2230,122.2160,137.5540,75.6100,71.8510,80.9870,109.4020,18.7663,7.2320,5.4933,12.4490,11.5111,13.8042
2019/6/6 11:30,108.2150,122.2110,137.5360,75.6060,71.8550,80.9720,109.3870,18.7532,7.2320,5.4915,12.4483,11.5100,13.8031
2019/6/6 11:31,108.2120,122.2240,137.5200,75.6060,71.8530,80.9670,109.4120,18.7465,7.2290,5.4903,12.4486,11.5107,13.8029
2019/6/6 11:32,108.2170,122.2030,137.5250,75.6000,71.8460,80.9600,109.4120,18.7450,7.2280,5.4905,12.4466,11.5098,13.8034
2019/6/6 11:33,108.2210,122.1950,137.5120,75.5990,71.8410,80.9560,109.4000,18.7465,7.2290,5.4907,12.4440,11.5082,13.8039
2019/6/6 11:34,108.2070,122.1990,137.5250,75.5910,71.8440,80.9420,109.3880,18.7440,7.2270,5.4903,12.4439,11.5082,13.8021
2019/6/6 11:35,108.2160,122.1980,137.5490,75.5960,71.8500,80.9380,109.3980,18.7443,7.2280,5.4916,12.4418,11.5075,13.8036
2019/6/6 11:36,108.2110,122.2090,137.5730,75.5950,71.8450,80.9500,109.3990,18.7476,7.2300,5.4942,12.4440,11.5082,13.8029
2019/6/6 11:37,108.2010,122.1950,137.5540,75.5860,71.8370,80.9330,109.3890,18.7461,7.2280,5.4927,12.4423,11.5063,13.8016
2019/6/6 11:38,108.1990,122.1930,137.5660,75.5830,71.8350,80.9300,109.3940,18.7475,7.2280,5.4931,12.4422,11.5062,13.8014
2019/6/6 11:39,108.1830,122.1770,137.5600,75.5710,71.8270,80.9150,109.3870,18.7450,7.2270,5.4931,12.4396,11.5047,13.7996
2019/6/6 11:40,108.1700,122.1820,137.5440,75.5640,71.8240,80.9090,109.4000,18.7428,7.2270,5.4939,12.4398,11.5051,13.7979
2019/6/6 11:41,108.1580,122.1920,137.5800,75.5650,71.8270,80.9160,109.4030,18.7407,7.2260,5.4921,12.4427,11.5066,13.7963
2019/6/6 11:42,108.1630,122.1790,137.5850,75.5560,71.8100,80.9080,109.3910,18.7416,7.2250,5.4916,12.4407,11.5048,13.7970
2019/6/6 11:43,108.1660,122.1770,137.5930,75.5550,71.8090,80.9020,109.3860,18.7421,7.2260,5.4923,12.4404,11.5045,13.7974
2019/6/6 11:44,108.1060,122.1480,137.5430,75.5230,71.7960,80.8480,109.3680,18.7318,7.2220,5.4778,12.4364,11.5010,13.7897
2019/6/6 11:45,108.1010,122.1490,137.5430,75.5250,71.7940,80.8420,109.3710,18.7092,7.2180,5.4804,12.4362,11.5011,13.7891
2019/6/6 11:46,108.0740,122.1120,137.4920,75.4950,71.7730,80.8240,109.3410,18.7154,7.2130,5.4745,12.4318,11.4976,13.7858
2019/6/6 11:47,108.0600,122.0900,137.4590,75.4780,71.7610,80.8010,109.3440,18.7045,7.2120,5.4759,12.4274,11.4949,13.7840
2019/6/6 11:48,108.0710,122.0800,137.4680,75.4840,71.7610,80.8080,109.3520,18.7030,7.2140,5.4745,12.4252,11.4940,13.7857
2019/6/6 11:49,108.0650,122.0740,137.4520,75.4780,71.7600,80.7910,109.3420,18.6820,7.2120,5.4733,12.4228,11.4930,13.7850
2019/6/6 11:50,108.0780,122.0820,137.4590,75.4780,71.7570,80.8030,109.3650,18.6863,7.2130,5.4749,12.4247,11.4963,13.7872
2019/6/6 11:51,108.1030,122.0880,137.4590,75.4930,71.7680,80.8310,109.3670,18.6995,7.2130,5.4756,12.4246,11.4965,13.7903
2019/6/6 11:52,108.1070,122.0930,137.4790,75.4900,71.7680,80.8380,109.3760,18.7025,7.2140,5.4767,12.4265,11.4969,13.7908
2019/6/6 11:53,108.0910,122.0820,137.4690,75.4840,71.7630,80.8270,109.3570,18.7007,7.2120,5.4760,12.4252,11.4945,13.7888
2019/6/6 11:54,108.0770,122.0540,137.4460,75.4730,71.7510,80.8070,109.3400,18.6952,7.2130,5.4782,12.4238,11.4920,13.7868
2019/6/6 11:55,108.0670,122.0630,137.4250,75.4700,71.7490,80.7980,109.3380,18.6886,7.2130,5.4788,12.4248,11.4926,13.7856
2019/6/6 11:56,108.0720,122.0660,137.4330,75.4750,71.7530,80.8070,109.3350,18.6883,7.2140,5.4780,12.4248,11.4930,13.7862
2019/6/6 11:57,108.0680,122.0550,137.4080,75.4700,71.7490,80.8040,109.3220,18.6886,7.2120,5.4777,12.4239,11.4920,13.7857
2019/6/6 11:58,108.0760,122.0700,137.4230,75.4750,71.7480,80.8040,109.3280,18.6930,7.2120,5.4783,12.4254,11.4931,13.7868
2019/6/6 11:59,108.0820,122.0660,137.4020,75.4800,71.7480,80.8130,109.3190,18.6939,7.2120,5.4794,12.4262,11.4929,13.7872
2019/6/6 12:00,108.1020,122.0620,137.3930,75.4820,71.7480,80.8220,109.3170,18.6898,7.2120,5.4801,12.4247,11.4937,13.7898
2019/6/6 12:01,108.1070,122.0750,137.3960,75.4840,71.7540,80.8300,109.3200,18.6921,7.2180,5.4818,12.4263,11.4948,13.7904
2019/6/6 12:02,108.1140,122.0830,137.3980,75.4860,71.7550,80.8360,109.3230,18.6970,7.2160,5.4840,12.4267,11.4955,13.7914
2019/6/6 12:03,108.1300,122.0980,137.4040,75.4880,71.7550,80.8450,109.3280,18.6997,7.2170,5.4832,12.4281,11.4968,13.7933
2019/6/6 12:04,108.1320,122.0980,137.4150,75.4910,71.7570,80.8480,109.3280,18.6999,7.2190,5.4842,12.4285,11.4971,13.7936
2019/6/6 12:05,108.1350,122.0830,137.4090,75.4880,71.7500,80.8460,109.3210,18.6994,7.2180,5.4838,12.4313,11.4965,13.7940
2019/6/6 12:06,108.1470,122.0780,137.4050,75.4940,71.7550,80.8550,109.3200,18.7010,7.2150,5.4842,12.4299,11.4949,13.7956
2019/6/6 12:07,108.1610,122.0790,137.3990,75.4950,71.7530,80.8600,109.3300,18.6999,7.2170,5.4857,12.4302,11.4951,13.7973
2019/6/6 12:08,108.1780,122.1040,137.4340,75.5060,71.7670,80.8610,109.3460,18.7014,7.2160,5.4867,12.4327,11.4972,13.7995
2019/6/6 12:09,108.1760,122.0970,137.4360,75.5050,71.7650,80.8620,109.3500,18.7052,7.2150,5.4867,12.4333,11.4973,13.7993
2019/6/6 12:10,108.1690,122.0700,137.3770,75.4860,71.7480,80.8390,109.3340,18.7027,7.2130,5.4843,12.4266,11.4934,13.7983
2019/6/6 12:11,108.1770,122.0660,137.4120,75.4940,71.7460,80.8450,109.3320,18.7040,7.2140,5.4843,12.4266,11.4936,13.7994
2019/6/6 12:12,108.1640,122.0730,137.4090,75.4950,71.7470,80.8390,109.3360,18.7029,7.2150,5.4849,12.4288,11.4949,13.7978
2019/6/6 12:13,108.1680,122.0860,137.4040,75.4980,71.7490,80.8370,109.3410,18.7021,7.2140,5.4839,12.4301,11.4966,13.7983
2019/6/6 12:14,108.1690,122.1020,137.4260,75.5060,71.7580,80.8510,109.3420,18.7024,7.2140,5.4850,12.4319,11.4986,13.7982
2019/6/6 12:15,108.1630,122.1060,137.4200,75.5040,71.7550,80.8480,109.3300,18.6994,7.2130,5.4857,12.4343,11.4988,13.7973
2019/6/6 12:16,108.1660,122.1080,137.4260,75.5070,71.7590,80.8590,109.3310,18.6999,7.2120,5.4866,12.4343,11.4976,13.7977
2019/6/6 12:17,108.1700,122.1090,137.4130,75.5130,71.7630,80.8610,109.3310,18.6994,7.2130,5.4870,12.4347,11.4981,13.7981
2019/6/6 12:18,108.1770,122.1250,137.3960,75.5190,71.7730,80.8660,109.3470,18.7002,7.2130,5.4841,12.4372,11.5009,13.7990
2019/6/6 12:19,108.1830,122.1320,137.3950,75.5280,71.7800,80.8700,109.3490,18.7011,7.2130,5.4829,12.4388,11.5013,13.7996
2019/6/6 12:20,108.1790,122.1320,137.4030,75.5270,71.7780,80.8660,109.3420,18.7014,7.2120,5.4812,12.4369,11.5006,13.7991
2019/6/6 12:21,108.1830,122.1370,137.4230,75.5250,71.7800,80.8760,109.3480,18.6857,7.2140,5.4793,12.4375,11.5011,13.7996
2019/6/6 12:22,108.1790,122.1420,137.4380,75.5230,71.7780,80.8780,109.3420,18.6953,7.2120,5.4779,12.4381,11.5027,13.7989
2019/6/6 12:23,108.1800,122.1580,137.4660,75.5330,71.7860,80.8800,109.3600,18.6994,7.2120,5.4779,12.4398,11.5034,13.7991
2019/6/6 12:24,108.1900,122.1790,137.4860,75.5440,71.7960,80.8970,109.3710,18.7030,7.2160,5.4782,12.4420,11.5059,13.8003
2019/6/6 12:25,108.1830,122.1800,137.5180,75.5500,71.8030,80.8970,109.3820,18.7021,7.2160,5.4775,12.4422,11.5061,13.7992
2019/6/6 12:26,108.1720,122.1930,137.5170,75.5500,71.8050,80.8910,109.3930,18.7091,7.2150,5.4747,12.4457,11.5079,13.7978
2019/6/6 12:27,108.1650,122.1970,137.5140,75.5520,71.8100,80.8850,109.4050,18.7086,7.2150,5.4736,12.4452,11.5082,13.7969
2019/6/6 12:28,108.1710,122.2080,137.5340,75.5610,71.8160,80.8970,109.4120,18.7080,7.2150,5.4750,12.4461,11.5100,13.7977
2019/6/6 12:29,108.1780,122.2240,137.5430,75.5690,71.8230,80.9040,109.4230,18.7125,7.2160,5.4747,12.4481,11.5114,13.7986
2019/6/6 12:30,108.1810,122.2160,137.5390,75.5700,71.8240,80.9120,109.4180,18.7155,7.2170,5.4769,12.4472,11.5107,13.7990
2019/6/6 12:31,108.1900,122.2200,137.5400,75.5760,71.8280,80.9130,109.4200,18.7184,7.2180,5.4775,12.4476,11.5115,13.7991
2019/6/6 12:32,108.1900,122.2200,137.5380,75.5760,71.8280,80.9130,109.4190,18.7183,7.2160,5.4774,12.4473,11.5122,13.7992
2019/6/6 12:33,108.1800,122.2250,137.5450,75.5710,71.8270,80.9110,109.4240,18.7168,7.2160,5.4770,12.4473,11.5127,13.7991
2019/6/6 12:34,108.1900,122.2470,137.5680,75.5780,71.8350,80.9080,109.4200,18.7186,7.2170,5.4777,12.4489,11.5138,13.8004
2019/6/6 12:35,108.1810,122.2330,137.5450,75.5690,71.8230,80.9020,109.4010,18.7171,7.2140,5.4779,12.4469,11.5125,13.7992
2019/6/6 12:36,108.1800,122.2270,137.5440,75.5660,71.8210,80.8960,109.3980,18.7167,7.2120,5.4781,12.4462,11.5121,13.7991
2019/6/6 12:37,108.1770,122.2160,137.5290,75.5570,71.8170,80.8940,109.3940,18.7163,7.2120,5.4778,12.4454,11.5109,13.7986
2019/6/6 12:38,108.1790,122.2150,137.5090,75.5540,71.8170,80.8950,109.3950,18.7168,7.2110,5.4779,12.4457,11.5108,13.7989
2019/6/6 12:39,108.1760,122.2250,137.5280,75.5470,71.8080,80.9030,109.3940,18.7161,7.2130,5.4768,12.4460,11.5121,13.7985
2019/6/6 12:40,108.1730,122.2140,137.5250,75.5480,71.8070,80.8990,109.3860,18.7156,7.2120,5.4787,12.4441,11.5111,13.7981
2019/6/6 12:41,108.1710,122.2170,137.5100,75.5420,71.8020,80.8940,109.3930,18.7155,7.2110,5.4768,12.4434,11.5109,13.7978
2019/6/6 12:42,108.1520,122.1880,137.4680,75.5380,71.7990,80.8810,109.3750,18.7136,7.2100,5.4763,12.4394,11.5078,13.7954
2019/6/6 12:43,108.1500,122.1830,137.4390,75.5280,71.7900,80.8710,109.3690,18.7103,7.2110,5.4765,12.4387,11.5069,13.7952
2019/6/6 12:44,108.1540,122.1820,137.4560,75.5420,71.8010,80.8880,109.3730,18.7146,7.2110,5.4767,12.4391,11.5077,13.7957
2019/6/6 12:45,108.1570,122.1790,137.4550,75.5420,71.8000,80.8960,109.3670,18.7129,7.2120,5.4779,12.4421,11.5078,13.7960
2019/6/6 12:46,108.1600,122.1860,137.4520,75.5530,71.8090,80.9040,109.3730,18.7130,7.2140,5.4791,12.4427,11.5079,13.7964
2019/6/6 12:47,108.1600,122.1990,137.4670,75.5570,71.8110,80.9030,109.3780,18.7138,7.2140,5.4803,12.4443,11.5095,13.7964
2019/6/6 12:48,108.1650,122.1890,137.4540,75.5610,71.8110,80.9100,109.3720,18.7203,7.2160,5.4794,12.4437,11.5086,13.7970
2019/6/6 12:49,108.1610,122.1880,137.4380,75.5570,71.8100,80.9110,109.3740,18.7189,7.2200,5.4820,12.4441,11.5096,13.7965
2019/6/6 12:50,108.1520,122.1750,137.4230,75.5520,71.8060,80.8970,109.3650,18.7233,7.2200,5.4808,12.4419,11.5078,13.7954
2019/6/6 12:51,108.1400,122.1650,137.4020,75.5440,71.8030,80.8870,109.3650,18.7169,7.2180,5.4801,12.4402,11.5068,13.7936
2019/6/6 12:52,108.1370,122.1640,137.4210,75.5490,71.8030,80.8890,109.3680,18.7178,7.2170,5.4801,12.4401,11.5064,13.7934
2019/6/6 12:53,108.1520,122.1690,137.4230,75.5470,71.8060,80.8930,109.3760,18.7173,7.2170,5.4822,12.4411,11.5074,13.7953
2019/6/6 12:54,108.1640,122.1820,137.4370,75.5500,71.8070,80.9090,109.3860,18.7194,7.2190,5.4830,12.4425,11.5089,13.7966
2019/6/6 12:55,108.1610,122.1570,137.4480,75.5450,71.7970,80.9010,109.3600,18.7178,7.2170,5.4814,12.4397,11.5058,13.7962
2019/6/6 12:56,108.1610,122.1670,137.4460,75.5480,71.8050,80.9000,109.3670,18.7193,7.2170,5.4819,12.4407,11.5070,13.7962
2019/6/6 12:57,108.1690,122.1900,137.4760,75.5630,71.8180,80.9160,109.3870,18.7203,7.2200,5.4821,12.4433,11.5090,13.7973
2019/6/6 12:58,108.1800,122.2000,137.5070,75.5690,71.8220,80.9270,109.3910,18.7256,7.2210,5.4828,12.4442,11.5097,13.7986
2019/6/6 12:59,108.1960,122.1900,137.5140,75.5760,71.8200,80.9390,109.3940,18.7328,7.2190,5.4812,12.4434,11.5092,13.8007
2019/6/6 13:00,108.2060,122.1950,137.5230,75.5780,71.8250,80.9470,109.4050,18.7333,7.2200,5.4806,12.4440,11.5095,13.8019
2019/6/6 13:01,108.2100,122.1980,137.5280,75.5780,71.8250,80.9400,109.4050,18.7348,7.2200,5.4809,12.4448,11.5101,13.8026
2019/6/6 13:02,108.2120,122.1920,137.5100,75.5780,71.8270,80.9410,109.4100,18.7345,7.2200,5.4809,12.4436,11.5088,13.8029
2019/6/6 13:03,108.2150,122.2050,137.5280,75.5840,71.8290,80.9480,109.4160,18.7357,7.2200,5.4801,12.4454,11.5102,13.8035
2019/6/6 13:04,108.1920,122.1900,137.5070,75.5770,71.8240,80.9310,109.4090,18.7314,7.2180,5.4799,12.4433,11.5086,13.8006
2019/6/6 13:05,108.1950,122.1970,137.5100,75.5780,71.8260,80.9390,109.4120,18.7320,7.2180,5.4798,12.4438,11.5090,13.8009
2019/6/6 13:06,108.1920,122.1920,137.4980,75.5770,71.8260,80.9380,109.4110,18.7295,7.2180,5.4788,12.4434,11.5088,13.8005
2019/6/6 13:07,108.1890,122.1880,137.4790,75.5740,71.8220,80.9290,109.4070,18.7288,7.2180,5.4784,12.4425,11.5085,13.8002
2019/6/6 13:08,108.1920,122.1870,137.4850,75.5690,71.8180,80.9310,109.4070,18.7304,7.2180,5.4783,12.4424,11.5084,13.8005
2019/6/6 13:09,108.1890,122.1830,137.4800,75.5670,71.8150,80.9280,109.4040,18.7293,7.2150,5.4776,12.4424,11.5081,13.8002
2019/6/6 13:10,108.1920,122.1850,137.4840,75.5690,71.8150,80.9290,109.4070,18.7296,7.2150,5.4789,12.4426,11.5082,13.8005
2019/6/6 13:11,108.1890,122.1760,137.4900,75.5670,71.8110,80.9280,109.3980,18.7285,7.2150,5.4790,12.4420,11.5071,13.8002
2019/6/6 13:12,108.1870,122.1900,137.4890,75.5750,71.8210,80.9310,109.4050,18.7289,7.2160,5.4796,12.4431,11.5085,13.7999
2019/6/6 13:13,108.1880,122.1730,137.4750,75.5660,71.8130,80.9310,109.3990,18.7279,7.2150,5.4791,12.4415,11.5072,13.8000
2019/6/6 13:14,108.2100,122.1960,137.4980,75.5820,71.8220,80.9500,109.4110,18.7319,7.2170,5.4803,12.4438,11.5094,13.8027
2019/6/6 13:15,108.1920,122.1760,137.4840,75.5790,71.8160,80.9300,109.4020,18.7307,7.2150,5.4797,12.4417,11.5071,13.8005
2019/6/6 13:16,108.1940,122.1730,137.4710,75.5810,71.8150,80.9320,109.3930,18.7330,7.2160,5.4795,12.4415,11.5071,13.8008
2019/6/6 13:17,108.1990,122.1770,137.4700,75.5730,71.8090,80.9390,109.3980,18.7337,7.2160,5.4800,12.4416,11.5072,13.8014
2019/6/6 13:18,108.2000,122.1840,137.4750,75.5760,71.8090,80.9400,109.4000,18.7428,7.2160,5.4811,12.4427,11.5080,13.8016
2019/6/6 13:19,108.1980,122.1830,137.4820,75.5750,71.8090,80.9380,109.3990,18.7476,7.2180,5.4830,12.4424,11.5079,13.8012
2019/6/6 13:20,108.1860,122.1810,137.4800,75.5680,71.8040,80.9310,109.4020,18.7431,7.2170,5.4830,12.4415,11.5079,13.7998
2019/6/6 13:21,108.1910,122.1740,137.4740,75.5640,71.8000,80.9270,109.4040,18.7324,7.2180,5.4814,12.4407,11.5080,13.8004
2019/6/6 13:22,108.2060,122.1690,137.4760,75.5640,71.7950,80.9370,109.3980,18.7326,7.2170,5.4819,12.4410,11.5075,13.8023
2019/6/6 13:23,108.2120,122.1680,137.4760,75.5740,71.7970,80.9410,109.3950,18.7375,7.2170,5.4820,12.4424,11.5077,13.8031
2019/6/6 13:24,108.2110,122.1570,137.4690,75.5620,71.7950,80.9380,109.3810,18.7377,7.2170,5.4824,12.4418,11.5066,13.8030
2019/6/6 13:25,108.2210,122.1580,137.4640,75.5680,71.7950,80.9460,109.3940,18.7378,7.2170,5.4832,12.4414,11.5066,13.8042
2019/6/6 13:26,108.2200,122.1690,137.4650,75.5790,71.8010,80.9530,109.3920,18.7339,7.2180,5.4833,12.4427,11.5076,13.8041
2019/6/6 13:27,108.2130,122.1700,137.4670,75.5760,71.8000,80.9510,109.3750,18.7234,7.2170,5.4829,12.4430,11.5079,13.8032
2019/6/6 13:28,108.2120,122.1840,137.4770,75.5730,71.7990,80.9460,109.3780,18.7210,7.2170,5.4830,12.4440,11.5089,13.8031
2019/6/6 13:29,108.2490,122.2130,137.5050,75.5870,71.8140,80.9730,109.4090,18.7275,7.2200,5.4839,12.4461,11.5117,13.8078
2019/6/6 13:30,108.2450,122.2160,137.4980,75.5920,71.8190,80.9750,109.4080,18.7446,7.2200,5.4840,12.4466,11.5120,13.8072
2019/6/6 13:31,108.2350,122.2180,137.5020,75.5890,71.8170,80.9690,109.4040,18.7456,7.2180,5.4844,12.4467,11.5118,13.8060
2019/6/6 13:32,108.2350,122.2190,137.4970,75.5890,71.8140,80.9630,109.4040,18.7463,7.2180,5.4846,12.4467,11.5119,13.8060
2019/6/6 13:33,108.2360,122.2290,137.5200,75.5890,71.8150,80.9680,109.4140,18.7525,7.2170,5.4859,12.4477,11.5133,13.8062
2019/6/6 13:34,108.2340,122.2190,137.5130,75.5860,71.8130,80.9660,109.4060,18.7365,7.2190,5.4870,12.4469,11.5121,13.8059
2019/6/6 13:35,108.2260,122.2160,137.5070,75.5830,71.8090,80.9540,109.4000,18.7302,7.2180,5.4860,12.4463,11.5118,13.8049
2019/6/6 13:36,108.2190,122.2070,137.4910,75.5790,71.8040,80.9500,109.3930,18.7535,7.2170,5.4861,12.4454,11.5109,13.8040
2019/6/6 13:37,108.2130,122.2030,137.4900,75.5740,71.7980,80.9380,109.3920,18.7431,7.2170,5.4863,12.4450,11.5107,13.8032
2019/6/6 13:38,108.2100,122.2050,137.4860,75.5730,71.7970,80.9330,109.3880,18.7377,7.2170,5.4867,12.4453,11.5108,13.8028
2019/6/6 13:39,108.2110,122.2050,137.4890,75.5720,71.7990,80.9280,109.3920,18.7412,7.2170,5.4851,12.4453,11.5109,13.8029
2019/6/6 13:40,108.2170,122.2030,137.4950,75.5740,71.7960,80.9310,109.3930,18.7448,7.2170,5.4817,12.4441,11.5099,13.8037
2019/6/6 13:41,108.2260,122.1940,137.4870,75.5770,71.7950,80.9400,109.3810,18.7288,7.2170,5.4813,12.4442,11.5091,13.8048
2019/6/6 13:42,108.2280,122.1870,137.4960,75.5820,71.7990,80.9620,109.3830,18.7276,7.2170,5.4816,12.4434,11.5084,13.8050
2019/6/6 13:43,108.2270,122.1820,137.4960,75.5820,71.7980,80.9610,109.3730,18.7264,7.2160,5.4806,12.4430,11.5082,13.8048
2019/6/6 13:44,108.2280,122.1830,137.4910,75.5780,71.7970,80.9580,109.3770,18.7284,7.2150,5.4807,12.4430,11.5081,13.8051
2019/6/6 13:45,108.2270,122.1800,137.4870,75.5820,71.7990,80.9670,109.3800,18.7332,7.2170,5.4817,12.4428,11.5079,13.8050
2019/6/6 13:46,108.2270,122.1850,137.4970,75.5850,71.8070,80.9720,109.3900,18.7315,7.2160,5.4815,12.4434,11.5084,13.8050
2019/6/6 13:47,108.2230,122.1900,137.4980,75.5800,71.8040,80.9650,109.3960,18.7310,7.2150,5.4813,12.4438,11.5086,13.8043
2019/6/6 13:48,108.2240,122.1800,137.4750,75.5710,71.7940,80.9620,109.3880,18.7287,7.2160,5.4813,12.4426,11.5076,13.8046
2019/6/6 13:49,108.2250,122.1700,137.4630,75.5670,71.7870,80.9600,109.3800,18.7263,7.2160,5.4804,12.4416,11.5070,13.8047
2019/6/6 13:50,108.2280,122.1630,137.4560,75.5700,71.7860,80.9740,109.3720,18.7268,7.2160,5.4814,12.4415,11.5062,13.8051
2019/6/6 13:51,108.2270,122.1620,137.4560,75.5710,71.7870,80.9690,109.3670,18.7268,7.2140,5.4795,12.4408,11.5058,13.8050
2019/6/6 13:52,108.2300,122.1810,137.4780,75.5740,71.7990,80.9730,109.3730,18.7270,7.2160,5.4793,12.4426,11.5046,13.8054
2019/6/6 13:53,108.2240,122.1870,137.4880,75.5770,71.7980,80.9600,109.3760,18.7263,7.2160,5.4791,12.4431,11.5054,13.8046
2019/6/6 13:54,108.2590,122.2000,137.5060,75.5840,71.8070,80.9800,109.3910,18.7313,7.2180,5.4813,12.4445,11.5065,13.8090
2019/6/6 13:55,108.2590,122.1990,137.5050,75.5890,71.8070,80.9890,109.3890,18.7312,7.2180,5.4815,12.4439,11.5063,13.8091
2019/6/6 13:56,108.2470,122.1860,137.4950,75.5840,71.8090,80.9780,109.3870,18.7297,7.2170,5.4817,12.4426,11.5051,13.8075
2019/6/6 13:57,108.2520,122.1900,137.5150,75.5860,71.8060,80.9750,109.3850,18.7307,7.2170,5.4828,12.4429,11.5062,13.8081
2019/6/6 13:58,108.2500,122.1850,137.5170,75.5870,71.8020,80.9740,109.3890,18.7303,7.2180,5.4824,12.4422,11.5058,13.8079
2019/6/6 13:59,108.2480,122.1840,137.5160,75.5820,71.7990,80.9600,109.3890,18.7304,7.2180,5.4806,12.4422,11.5044,13.8076
2019/6/6 14:00,108.2490,122.1740,137.5070,75.5760,71.7900,80.9580,109.3820,18.7297,7.2180,5.4800,12.4412,11.5037,13.8078
2019/6/6 14:01,108.2420,122.1720,137.5060,75.5700,71.7860,80.9510,109.3810,18.7295,7.2170,5.4780,12.4407,11.5031,13.8070
2019/6/6 14:02,108.2410,122.1780,137.5070,75.5800,71.7950,80.9460,109.3840,18.7292,7.2170,5.4805,12.4412,11.5036,13.8068
2019/6/6 14:03,108.2400,122.1880,137.5160,75.5780,71.7930,80.9460,109.3840,18.7304,7.2170,5.4802,12.4422,11.5047,13.8067
2019/6/6 14:04,108.2460,122.1900,137.5130,75.5820,71.7970,80.9590,109.3830,18.7322,7.2180,5.4802,12.4423,11.5052,13.8074
2019/6/6 14:05,108.2520,122.1900,137.4970,75.5870,71.7980,80.9610,109.3840,18.7299,7.2170,5.4798,12.4424,11.5047,13.8082
2019/6/6 14:06,108.2630,122.1980,137.4990,75.5860,71.7980,80.9660,109.3840,18.7318,7.2180,5.4800,12.4431,11.5042,13.8095
2019/6/6 14:07,108.2640,122.1990,137.5010,75.5860,71.7980,80.9760,109.3820,18.7326,7.2190,5.4806,12.4433,11.5043,13.8096
2019/6/6 14:08,108.2670,122.2020,137.5060,75.5900,71.8010,80.9820,109.3850,18.7348,7.2180,5.4811,12.4437,11.5046,13.8100
2019/6/6 14:09,108.2730,122.1990,137.5130,75.5920,71.8030,80.9850,109.3790,18.7311,7.2180,5.4827,12.4433,11.5038,13.8108
2019/6/6 14:10,108.2820,122.1920,137.5130,75.5890,71.8000,80.9860,109.3620,18.7327,7.2180,5.4831,12.4455,11.5039,13.8120
2019/6/6 14:11,108.2880,122.1990,137.5160,75.5930,71.8000,80.9930,109.3690,18.7354,7.2190,5.4834,12.4485,11.5048,13.8127
2019/6/6 14:12,108.2860,122.2000,137.5290,75.5920,71.7960,80.9940,109.3650,18.7363,7.2190,5.4837,12.4487,11.5067,13.8125
2019/6/6 14:13,108.2950,122.2060,137.5310,75.5960,71.7970,81.0070,109.3700,18.7372,7.2190,5.4843,12.4492,11.5069,13.8136
2019/6/6 14:14,108.3000,122.2100,137.5370,75.6010,71.8010,81.0130,109.3760,18.7393,7.2200,5.4854,12.4495,11.5073,13.8142
2019/6/6 14:15,108.3020,122.2130,137.5380,75.6000,71.8060,81.0000,109.3850,18.7399,7.2200,5.4847,12.4496,11.5077,13.8145
2019/6/6 14:16,108.3010,122.2110,137.5370,75.5980,71.8000,80.9970,109.3830,18.7403,7.2190,5.4844,12.4494,11.5074,13.8144
2019/6/6 14:17,108.2950,122.2060,137.5190,75.5940,71.7970,81.0030,109.3780,18.7394,7.2200,5.4840,12.4489,11.5070,13.8136
2019/6/6 14:18,108.2930,122.2090,137.5280,75.5950,71.7970,81.0010,109.3880,18.7391,7.2200,5.4838,12.4494,11.5071,13.8133
2019/6/6 14:19,108.2950,122.2130,137.5300,75.5980,71.8010,81.0020,109.3880,18.7395,7.2200,5.4840,12.4497,11.5073,13.8135
2019/6/6 14:20,108.3000,122.2170,137.5450,75.6000,71.8040,81.0010,109.3920,18.7402,7.2210,5.4842,12.4501,11.5077,13.8142
2019/6/6 14:21,108.3050,122.2210,137.5420,75.6040,71.8030,81.0000,109.3940,18.7411,7.2210,5.4842,12.4506,11.5079,13.8149
2019/6/6 14:22,108.3070,122.2290,137.5530,75.6050,71.8020,81.0050,109.3990,18.7408,7.2220,5.4846,12.4514,11.5083,13.8151
2019/6/6 14:23,108.3120,122.2320,137.5600,75.6050,71.8060,81.0070,109.3980,18.7428,7.2210,5.4861,12.4522,11.5087,13.8156
2019/6/6 14:24,108.3180,122.2370,137.5690,75.6110,71.8060,81.0190,109.4010,18.7440,7.2230,5.4865,12.4561,11.5095,13.8164
2019/6/6 14:25,108.3230,122.2420,137.5760,75.6120,71.8070,81.0200,109.3940,18.7449,7.2230,5.4874,12.4558,11.5101,13.8170
2019/6/6 14:26,108.3160,122.2280,137.5650,75.6100,71.8040,81.0110,109.3820,18.7433,7.2220,5.4867,12.4535,11.5086,13.8161
2019/6/6 14:27,108.3290,122.2220,137.5550,75.6060,71.7990,81.0230,109.3930,18.7457,7.2230,5.4868,12.4555,11.5093,13.8178
2019/6/6 14:28,108.3350,122.2190,137.5600,75.6100,71.8030,81.0380,109.3840,18.7470,7.2230,5.4878,12.4578,11.5096,13.8187
2019/6/6 14:29,108.3270,122.2220,137.5530,75.6130,71.8090,81.0360,109.3830,18.7455,7.2230,5.4873,12.4565,11.5095,13.8176
2019/6/6 14:30,108.3260,122.2130,137.5520,75.6140,71.8080,81.0410,109.3740,18.7545,7.2230,5.4872,12.4573,11.5087,13.8175
2019/6/6 14:31,108.3340,122.2210,137.5660,75.6220,71.8130,81.0560,109.3780,18.7571,7.2220,5.4873,12.4601,11.5100,13.8186
2019/6/6 14:32,108.3300,122.2280,137.5730,75.6270,71.8250,81.0550,109.3890,18.7570,7.2220,5.4876,12.4617,11.5115,13.8180
2019/6/6 14:33,108.4460,122.2870,137.6540,75.7040,71.8770,81.1640,109.3830,18.7710,7.2290,5.5561,12.4750,11.5219,13.8328
2019/6/6 14:34,108.5080,122.2980,137.6800,75.7130,71.8880,81.1930,109.4100,18.7839,7.2350,5.5362,12.4766,11.5183,13.8407
2019/6/6 14:35,108.3970,122.2370,137.6090,75.6640,71.8570,81.1050,109.3910,18.7647,7.2300,5.5179,12.4687,11.5142,13.8265
2019/6/6 14:36,108.4510,122.2630,137.6430,75.6840,71.8630,81.1460,109.3930,18.7659,7.2340,5.5339,12.4756,11.5142,13.8334
2019/6/6 14:37,108.4150,122.2380,137.6260,75.6700,71.8510,81.1140,109.3850,18.7683,7.2310,5.5283,12.4722,11.5119,13.8288
2019/6/6 14:38,108.4520,122.2400,137.6330,75.6850,71.8590,81.1530,109.3730,18.7663,7.2350,5.5321,12.4721,11.5119,13.8335
2019/6/6 14:39,108.4300,122.2320,137.6170,75.6680,71.8460,81.1370,109.3790,18.7623,7.2330,5.5297,12.4707,11.5115,13.8308
2019/6/6 14:40,108.4430,122.2310,137.6190,75.6600,71.8410,81.1280,109.3860,18.7644,7.2320,5.5340,12.4698,11.5107,13.8325
2019/6/6 14:41,108.4890,122.2520,137.6580,75.6880,71.8680,81.1810,109.3840,18.7717,7.2370,5.5405,12.4735,11.5159,13.8384
2019/6/6 14:42,108.4950,122.2520,137.6420,75.6880,71.8680,81.1750,109.3710,18.7726,7.2380,5.5366,12.4733,11.5148,13.8392
2019/6/6 14:43,108.4530,122.2350,137.6230,75.6680,71.8530,81.1320,109.3350,18.7648,7.2350,5.5349,12.4716,11.5141,13.8338
2019/6/6 14:44,108.4740,122.2330,137.6250,75.6740,71.8530,81.1470,109.3290,18.7668,7.2370,5.5312,12.4710,11.5139,13.8365
2019/6/6 14:45,108.4600,122.2290,137.6200,75.6680,71.8500,81.1310,109.3440,18.7662,7.2350,5.5283,12.4701,11.5128,13.8347
2019/6/6 14:46,108.4420,122.2220,137.6090,75.6520,71.8380,81.1130,109.3400,18.7627,7.2320,5.5259,12.4690,11.5123,13.8324
2019/6/6 14:47,108.4300,122.2150,137.6050,75.6440,71.8340,81.1090,109.3530,18.7593,7.2310,5.5213,12.4684,11.5109,13.8309
2019/6/6 14:48,108.4280,122.2140,137.6000,75.6420,71.8320,81.1060,109.3680,18.7611,7.2300,5.5208,12.4655,11.5097,13.8306
2019/6/6 14:49,108.4390,122.2100,137.5950,75.6300,71.8280,81.1050,109.3670,18.7627,7.2290,5.5185,12.4648,11.5096,13.8320
2019/6/6 14:50,108.4390,122.1980,137.5730,75.6300,71.8180,81.0940,109.3570,18.7611,7.2280,5.5137,12.4626,11.5071,13.8319
2019/6/6 14:51,108.4470,122.2030,137.5820,75.6340,71.8240,81.0960,109.3600,18.7617,7.2300,5.5155,12.4632,11.5076,13.8329
2019/6/6 14:52,108.4330,122.1990,137.5670,75.6290,71.8130,81.0850,109.3540,18.7547,7.2290,5.5143,12.4616,11.5068,13.8311
2019/6/6 14:53,108.4310,122.1990,137.5620,75.6290,71.8070,81.0940,109.3590,18.7590,7.2280,5.5154,12.4629,11.5079,13.8309
2019/6/6 14:54,108.4380,122.2100,137.5710,75.6350,71.8220,81.0980,109.3630,18.7619,7.2280,5.5157,12.4644,11.5090,13.8318
2019/6/6 14:55,108.4120,122.1910,137.5480,75.6210,71.8060,81.0700,109.3460,18.7569,7.2270,5.5130,12.4609,11.5070,13.8285
2019/6/6 14:56,108.4230,122.2170,137.5640,75.6430,71.8260,81.0890,109.3620,18.7600,7.2290,5.5185,12.4653,11.5091,13.8299
2019/6/6 14:57,108.4130,122.2150,137.5620,75.6350,71.8180,81.0630,109.3740,18.7581,7.2290,5.5170,12.4611,11.5096,13.8286
2019/6/6 14:58,108.4230,122.2240,137.5640,75.6320,71.8150,81.0760,109.3760,18.7600,7.2280,5.5202,12.4627,11.5097,13.8299
2019/6/6 14:59,108.4420,122.2500,137.5980,75.6360,71.8260,81.1070,109.3930,18.7633,7.2300,5.5203,12.4637,11.5125,13.8321
2019/6/6 15:00,108.4310,122.2450,137.6160,75.6470,71.8210,81.1040,109.3780,18.7609,7.2300,5.5199,12.4637,11.5131,13.8307
2019/6/6 15:01,108.4200,122.2430,137.6210,75.6420,71.8200,81.1040,109.3650,18.7600,7.2290,5.5185,12.4638,11.5126,13.8294
2019/6/6 15:02,108.4230,122.2490,137.6290,75.6460,71.8280,81.1130,109.3610,18.7611,7.2290,5.5193,12.4673,11.5130,13.8297
2019/6/6 15:03,108.4230,122.2370,137.6220,75.6480,71.8190,81.1130,109.3550,18.7648,7.2300,5.5173,12.4660,11.5122,13.8297
2019/6/6 15:04,108.4260,122.2380,137.6310,75.6480,71.8230,81.1200,109.3610,18.7665,7.2290,5.5169,12.4662,11.5124,13.8300
2019/6/6 15:05,108.4320,122.2450,137.6410,75.6520,71.8240,81.1200,109.3790,18.7666,7.2290,5.5144,12.4668,11.5131,13.8309
2019/6/6 15:06,108.4280,122.2410,137.6460,75.6490,71.8250,81.1170,109.3700,18.7661,7.2290,5.5140,12.4665,11.5122,13.8304
2019/6/6 15:07,108.4320,122.2400,137.6390,75.6510,71.8240,81.1210,109.3700,18.7675,7.2290,5.5133,12.4668,11.5126,13.8308
2019/6/6 15:08,108.4280,122.2360,137.6400,75.6570,71.8250,81.1180,109.3650,18.7668,7.2290,5.5122,12.4673,11.5117,13.8302
2019/6/6 15:09,108.4220,122.2360,137.6410,75.6570,71.8270,81.1190,109.3660,18.7627,7.2280,5.5109,12.4675,11.5114,13.8295
2019/6/6 15:10,108.4340,122.2410,137.6440,75.6640,71.8280,81.1280,109.3660,18.7554,7.2290,5.5123,12.4682,11.5122,13.8310
2019/6/6 15:11,108.4340,122.2480,137.6530,75.6720,71.8370,81.1420,109.3650,18.7639,7.2290,5.5112,12.4709,11.5123,13.8309
2019/6/6 15:12,108.4580,122.2660,137.6710,75.6790,71.8420,81.1600,109.3760,18.7654,7.2300,5.5129,12.4726,11.5144,13.8340
2019/6/6 15:13,108.4580,122.2650,137.6720,75.6800,71.8430,81.1540,109.3730,18.7598,7.2300,5.5148,12.4724,11.5141,13.8339
2019/6/6 15:14,108.4690,122.2870,137.6890,75.6880,71.8470,81.1570,109.3900,18.7661,7.2310,5.5163,12.4751,11.5155,13.8355
2019/6/6 15:15,108.4680,122.2860,137.6870,75.6900,71.8510,81.1630,109.3880,18.7653,7.2310,5.5171,12.4747,11.5154,13.8354
2019/6/6 15:16,108.4680,122.2900,137.6940,75.7000,71.8530,81.1630,109.3940,18.7669,7.2310,5.5208,12.4750,11.5159,13.8354
2019/6/6 15:17,108.4880,122.3180,137.7200,75.7160,71.8710,81.1820,109.4110,18.7703,7.2340,5.5259,12.4782,11.5194,13.8379
2019/6/6 15:18,108.4680,122.2990,137.7100,75.7060,71.8620,81.1660,109.4010,18.7664,7.2330,5.5266,12.4760,11.5171,13.8354
2019/6/6 15:19,108.4730,122.2970,137.7150,75.7100,71.8620,81.1720,109.3960,18.7616,7.2330,5.5298,12.4790,11.5170,13.8360
2019/6/6 15:20,108.4770,122.3120,137.7270,75.7230,71.8870,81.1810,109.4070,18.7623,7.2320,5.5288,12.4782,11.5177,13.8365
2019/6/6 15:21,108.4760,122.3200,137.7280,75.7230,71.8860,81.1750,109.4130,18.7622,7.2320,5.5263,12.4780,11.5176,13.8364
2019/6/6 15:22,108.4700,122.3160,137.7250,75.7210,71.8830,81.1680,109.4190,18.7610,7.2320,5.5254,12.4778,11.5176,13.8357
2019/6/6 15:23,108.4650,122.3180,137.7240,75.7260,71.8890,81.1620,109.4200,18.7740,7.2310,5.5255,12.4803,11.5185,13.8348
2019/6/6 15:24,108.4640,122.3160,137.7210,75.7260,71.8880,81.1580,109.4190,18.7756,7.2320,5.5271,12.4807,11.5169,13.8349
2019/6/6 15:25,108.4510,122.3080,137.7110,75.7170,71.8810,81.1490,109.4070,18.7726,7.2310,5.5254,12.4790,11.5164,13.8332
2019/6/6 15:26,108.4520,122.3350,137.7310,75.7300,71.8920,81.1660,109.4160,18.7751,7.2310,5.5262,12.4801,11.5191,13.8334
2019/6/6 15:27,108.4440,122.3200,137.7210,75.7210,71.8900,81.1570,109.4070,18.7742,7.2340,5.5256,12.4789,11.5192,13.8324
2019/6/6 15:28,108.4340,122.3140,137.7180,75.7160,71.8840,81.1490,109.4030,18.7724,7.2330,5.5268,12.4789,11.5188,13.8309
2019/6/6 15:29,108.4460,122.3190,137.7210,75.7240,71.8900,81.1580,109.3990,18.7772,7.2330,5.5272,12.4806,11.5191,13.8326
2019/6/6 15:30,108.4520,122.3180,137.7190,75.7270,71.8940,81.1570,109.4080,18.7710,7.2340,5.5255,12.4805,11.5192,13.8334
2019/6/6 15:31,108.4590,122.3200,137.7260,75.7310,71.8970,81.1650,109.4030,18.7730,7.2340,5.5262,12.4812,11.5196,13.8341
2019/6/6 15:32,108.4690,122.3370,137.7460,75.7320,71.8970,81.1710,109.4030,18.7765,7.2370,5.5276,12.4826,11.5211,13.8356
2019/6/6 15:33,108.5140,122.3670,137.7680,75.7600,71.9210,81.2130,109.4080,18.7849,7.2390,5.5298,12.4866,11.5244,13.8414
2019/6/6 15:34,108.5160,122.3690,137.7640,75.7610,71.9220,81.2150,109.4080,18.7843,7.2390,5.5289,12.4868,11.5253,13.8416
2019/6/6 15:35,108.4930,122.3570,137.7460,75.7450,71.9110,81.1930,109.4120,18.7772,7.2360,5.5267,12.4845,11.5232,13.8387
2019/6/6 15:36,108.5100,122.3700,137.7640,75.7570,71.9200,81.2090,109.4220,18.7780,7.2390,5.5284,12.4861,11.5248,13.8408
2019/6/6 15:37,108.5260,122.3910,137.8020,75.7700,71.9300,81.2230,109.4410,18.7806,7.2390,5.5292,12.4880,11.5264,13.8426
2019/6/6 15:38,108.5160,122.3780,137.7950,75.7610,71.9200,81.2110,109.4290,18.7755,7.2380,5.5281,12.4871,11.5259,13.8416
2019/6/6 15:39,108.5070,122.3690,137.7890,75.7550,71.9140,81.2060,109.4150,18.7692,7.2400,5.5275,12.4861,11.5248,13.8405
2019/6/6 15:40,108.4990,122.3600,137.7680,75.7500,71.9130,81.1920,109.4120,18.7662,7.2360,5.5272,12.4850,11.5238,13.8394
2019/6/6 15:41,108.4870,122.3460,137.7540,75.7400,71.9020,81.1810,109.4060,18.7615,7.2360,5.5253,12.4837,11.5224,13.8379
2019/6/6 15:42,108.4810,122.3400,137.7460,75.7330,71.8980,81.1740,109.4050,18.7823,7.2350,5.5251,12.4832,11.5218,13.8371
2019/6/6 15:43,108.4780,122.3370,137.7330,75.7260,71.8940,81.1650,109.4030,18.7783,7.2330,5.5247,12.4826,11.5207,13.8367
2019/6/6 15:44,108.4690,122.3270,137.7310,75.7180,71.8880,81.1540,109.4010,18.7838,7.2340,5.5244,12.4792,11.5207,13.8356
2019/6/6 15:45,108.4750,122.3300,137.7290,75.7200,71.8920,81.1520,109.3950,18.7822,7.2350,5.5258,12.4792,11.5207,13.8364
2019/6/6 15:46,108.4750,122.3320,137.7300,75.7180,71.8920,81.1520,109.3960,18.7819,7.2350,5.5268,12.4793,11.5209,13.8364
2019/6/6 15:47,108.4770,122.3300,137.7310,75.7200,71.8930,81.1540,109.3990,18.7830,7.2340,5.5268,12.4791,11.5204,13.8366
2019/6/6 15:48,108.4840,122.3390,137.7320,75.7260,71.8980,81.1660,109.4030,18.7832,7.2340,5.5287,12.4803,11.5213,13.8375
2019/6/6 15:49,108.4920,122.3370,137.7410,75.7210,71.8830,81.1660,109.3950,18.7697,7.2360,5.5285,12.4813,11.5205,13.8385
2019/6/6 15:50,108.5050,122.3400,137.7460,75.7300,71.8870,81.1820,109.3930,18.7677,7.2370,5.5339,12.4821,11.5200,13.8400
2019/6/6 15:51,108.5240,122.3600,137.7600,75.7350,71.8930,81.1950,109.4020,18.7683,7.2380,5.5349,12.4839,11.5221,13.8425
2019/6/6 15:52,108.5160,122.3540,137.7440,75.7300,71.8880,81.1850,109.3940,18.7932,7.2380,5.5325,12.4831,11.5213,13.8415
2019/6/6 15:53,108.5030,122.3380,137.7290,75.7090,71.8690,81.1670,109.3810,18.7896,7.2350,5.5314,12.4812,11.5196,13.8397
2019/6/6 15:54,108.4900,122.3240,137.7250,75.7020,71.8620,81.1590,109.3730,18.7902,7.2340,5.5305,12.4798,11.5185,13.8380
2019/6/6 15:55,108.4810,122.3110,137.7090,75.6930,71.8520,81.1460,109.3800,18.7875,7.2330,5.5301,12.4785,11.5174,13.8371
2019/6/6 15:56,108.4740,122.3020,137.7030,75.6790,71.8380,81.1310,109.3700,18.7701,7.2350,5.5296,12.4774,11.5161,13.8362
2019/6/6 15:57,108.4800,122.3070,137.6980,75.6830,71.8420,81.1380,109.3730,18.7775,7.2360,5.5320,12.4767,11.5113,13.8366
2019/6/6 15:58,108.4860,122.3130,137.6970,75.6880,71.8440,81.1470,109.3860,18.7800,7.2360,5.5317,12.4775,11.5154,13.8374
2019/6/6 15:59,108.5070,122.3360,137.7250,75.6920,71.8520,81.1610,109.4060,18.7766,7.2390,5.5322,12.4800,11.5175,13.8401
2019/6/6 16:00,108.4930,122.3040,137.6800,75.6710,71.8300,81.1400,109.3720,18.7850,7.2360,5.5322,12.4788,11.5141,13.8384
2019/6/6 16:01,108.5110,122.3130,137.6960,75.6830,71.8400,81.1630,109.3860,18.7794,7.2380,5.5328,12.4788,11.5149,13.8406
2019/6/6 16:02,108.5040,122.3090,137.6870,75.6750,71.8360,81.1590,109.3800,18.7777,7.2360,5.5321,12.4740,11.5142,13.8398
2019/6/6 16:03,108.5050,122.3060,137.6860,75.6760,71.8360,81.1530,109.3810,18.7782,7.2360,5.5312,12.4732,11.5130,13.8399
2019/6/6 16:04,108.5050,122.3060,137.6870,75.6740,71.8360,81.1520,109.3800,18.7767,7.2360,5.5308,12.4733,11.5130,13.8399
2019/6/6 16:05,108.5110,122.3110,137.6950,75.6790,71.8390,81.1600,109.3840,18.7773,7.2340,5.5311,12.4740,11.5135,13.8407
2019/6/6 16:06,108.5160,122.3110,137.6910,75.6720,71.8310,81.1640,109.3890,18.7775,7.2330,5.5319,12.4742,11.5135,13.8413
2019/6/6 16:07,108.5160,122.3070,137.7030,75.6710,71.8300,81.1620,109.3770,18.7762,7.2330,5.5310,12.4739,11.5129,13.8412
2019/6/6 16:08,108.5220,122.3200,137.7120,75.6770,71.8340,81.1660,109.3820,18.7779,7.2340,5.5312,12.4752,11.5143,13.8421
2019/6/6 16:09,108.5220,122.3180,137.7190,75.6750,71.8330,81.1670,109.3550,18.7766,7.2330,5.5304,12.4749,11.5141,13.8421
2019/6/6 16:10,108.5200,122.3100,137.6950,75.6710,71.8280,81.1660,109.3720,18.7843,7.2340,5.5297,12.4739,11.5132,13.8418
2019/6/6 16:11,108.5200,122.3070,137.6830,75.6730,71.8240,81.1650,109.3630,18.7875,7.2340,5.5291,12.4741,11.5128,13.8418
2019/6/6 16:12,108.5080,122.2910,137.6720,75.6740,71.8130,81.1610,109.3470,18.7862,7.2330,5.5286,12.4726,11.5113,13.8403
2019/6/6 16:13,108.5020,122.2870,137.6900,75.6730,71.8140,81.1620,109.3420,18.7784,7.2330,5.5284,12.4722,11.5108,13.8395
2019/6/6 16:14,108.4960,122.2750,137.6570,75.6690,71.8080,81.1590,109.3330,18.7682,7.2330,5.5280,12.4697,11.5095,13.8387
2019/6/6 16:15,108.5100,122.2800,137.6720,75.6760,71.8150,81.1680,109.3450,18.7790,7.2340,5.5288,12.4702,11.5100,13.8405
2019/6/6 16:16,108.5160,122.2860,137.6840,75.6800,71.8190,81.1730,109.3530,18.7839,7.2340,5.5291,12.4708,11.5104,13.8414
2019/6/6 16:17,108.5180,122.2910,137.6830,75.6810,71.8210,81.1740,109.3540,18.7821,7.2320,5.5291,12.4708,11.5108,13.8417
2019/6/6 16:18,108.5190,122.2880,137.6850,75.6720,71.8140,81.1730,109.3540,18.7818,7.2320,5.5291,12.4708,11.5108,13.8419
2019/6/6 16:19,108.5190,122.2870,137.6870,75.6820,71.8150,81.1750,109.3540,18.7818,7.2330,5.5285,12.4704,11.5103,13.8419
2019/6/6 16:20,108.5320,122.2990,137.7060,75.6890,71.8240,81.1850,109.3670,18.7841,7.2330,5.5292,12.4717,11.5119,13.8439
2019/6/6 16:21,108.5310,122.2990,137.7010,75.6910,71.8220,81.1850,109.3670,18.7839,7.2340,5.5295,12.4723,11.5138,13.8438
2019/6/6 16:22,108.5610,122.3370,137.7340,75.7110,71.8410,81.1980,109.3860,18.7896,7.2350,5.5303,12.4802,11.5174,13.8475
2019/6/6 16:23,108.5400,122.3190,137.7200,75.7000,71.8280,81.1850,109.3560,18.7860,7.2340,5.5311,12.4766,11.5158,13.8448
2019/6/6 16:24,108.5450,122.3210,137.7260,75.7010,71.8240,81.1850,109.3740,18.7868,7.2330,5.5307,12.4767,11.5158,13.8455
2019/6/6 16:25,108.5390,122.3160,137.7060,75.6970,71.8180,81.1860,109.3910,18.7858,7.2340,5.5296,12.4761,11.5150,13.8447
2019/6/6 16:26,108.4990,122.2740,137.6530,75.6710,71.7900,81.1560,109.3440,18.7788,7.2320,5.5268,12.4727,11.5113,13.8397
2019/6/6 16:27,108.4870,122.2740,137.6590,75.6710,71.7830,81.1570,109.3000,18.7768,7.2300,5.5254,12.4722,11.5105,13.8381
2019/6/6 16:28,108.4970,122.2930,137.6690,75.6800,71.7870,81.1680,109.3450,18.7785,7.2320,5.5250,12.4755,11.5128,13.8394
2019/6/6 16:29,108.4920,122.2920,137.6680,75.6770,71.7890,81.1670,109.3380,18.7776,7.2300,5.5262,12.4746,11.5130,13.8388
2019/6/6 16:30,108.4800,122.2800,137.6500,75.6690,71.7880,81.1630,109.3290,18.7736,7.2300,5.5253,12.4731,11.5124,13.8372
2019/6/6 16:31,108.4760,122.2870,137.6500,75.6680,71.7910,81.1600,109.3340,18.7724,7.2300,5.5235,12.4738,11.5127,13.8368
2019/6/6 16:32,108.5010,122.3170,137.6740,75.6920,71.8200,81.1840,109.3540,18.7765,7.2310,5.5229,12.4769,11.5180,13.8400
2019/6/6 16:33,108.4850,122.3030,137.6620,75.6790,71.8040,81.1710,109.3390,18.7728,7.2310,5.5194,12.4759,11.5169,13.8379
2019/6/6 16:34,108.4850,122.3040,137.6560,75.6810,71.8030,81.1710,109.3420,18.7733,7.2300,5.5177,12.4756,11.5164,13.8379
2019/6/6 16:35,108.4860,122.3050,137.6530,75.6770,71.8010,81.1710,109.3430,18.7735,7.2300,5.5178,12.4759,11.5166,13.8380
2019/6/6 16:36,108.4860,122.3040,137.6550,75.6750,71.8010,81.1570,109.3440,18.7738,7.2310,5.5202,12.4758,11.5164,13.8380
2019/6/6 16:37,108.4440,122.2550,137.6000,75.6440,71.7710,81.1190,109.3120,18.7658,7.2270,5.5090,12.4712,11.5118,13.8324
2019/6/6 16:38,108.4370,122.2590,137.6250,75.6480,71.7860,81.1180,109.3220,18.7633,7.2270,5.5013,12.4715,11.5122,13.8315
2019/6/6 16:39,108.4420,122.2620,137.6120,75.6410,71.7820,81.1160,109.3320,18.7645,7.2270,5.5041,12.4717,11.5122,13.8322
2019/6/6 16:40,108.4390,122.2610,137.6000,75.6390,71.7770,81.1150,109.3240,18.7700,7.2270,5.5068,12.4717,11.5119,13.8318
2019/6/6 16:41,108.4520,122.2680,137.6230,75.6470,71.7840,81.1220,109.3370,18.7722,7.2280,5.5040,12.4722,11.5136,13.8334
2019/6/6 16:42,108.4450,122.2550,137.6060,75.6450,71.7810,81.1180,109.3250,18.7714,7.2280,5.5036,12.4709,11.5127,13.8326
2019/6/6 16:43,108.4390,122.2390,137.5980,75.6400,71.7740,81.1070,109.3230,18.7693,7.2280,5.4978,12.4692,11.5108,13.8318
2019/6/6 16:44,108.4150,122.2160,137.5680,75.6270,71.7640,81.0910,109.2960,18.7652,7.2260,5.4982,12.4668,11.5087,13.8287
2019/6/6 16:45,108.4190,122.2180,137.5750,75.6290,71.7630,81.1020,109.3060,18.7662,7.2250,5.5000,12.4673,11.5092,13.8285
2019/6/6 16:46,108.4140,122.2180,137.5790,75.6310,71.7690,81.1020,109.3100,18.7655,7.2260,5.5007,12.4675,11.5090,13.8280
2019/6/6 16:47,108.3970,122.2050,137.5650,75.6210,71.7600,81.0900,109.2960,18.7628,7.2250,5.5001,12.4661,11.5078,13.8258
2019/6/6 16:48,108.3880,122.2100,137.5810,75.6170,71.7630,81.0920,109.2970,18.7616,7.2230,5.4997,12.4666,11.5080,13.8249
2019/6/6 16:49,108.3850,122.2030,137.5700,75.6150,71.7570,81.0840,109.2940,18.7601,7.2240,5.4977,12.4652,11.5074,13.8244
2019/6/6 16:50,108.3870,122.2050,137.5620,75.6150,71.7610,81.0850,109.2920,18.7601,7.2230,5.4999,12.4655,11.5074,13.8249
2019/6/6 16:51,108.3920,122.2080,137.5710,75.6200,71.7630,81.0900,109.2990,18.7616,7.2240,5.5002,12.4654,11.5079,13.8252
2019/6/6 16:52,108.3930,122.2090,137.5710,75.6200,71.7650,81.0970,109.3030,18.7628,7.2240,5.5011,12.4672,11.5087,13.8253
2019/6/6 16:53,108.3930,122.2080,137.5720,75.6180,71.7630,81.0960,109.3000,18.7620,7.2240,5.5022,12.4677,11.5079,13.8255
2019/6/6 16:54,108.3910,122.2110,137.5620,75.6180,71.7650,81.0960,109.3120,18.7626,7.2240,5.5009,12.4678,11.5085,13.8251
2019/6/6 16:55,108.3910,122.2110,137.5630,75.6190,71.7670,81.1010,109.3100,18.7632,7.2220,5.5010,12.4676,11.5117,13.8250
2019/6/6 16:56,108.3890,122.2110,137.5630,75.6180,71.7660,81.1060,109.3100,18.7634,7.2210,5.5008,12.4679,11.5114,13.8247
2019/6/6 16:57,108.3840,122.2090,137.5580,75.6150,71.7640,81.1080,109.3040,18.7598,7.2210,5.5016,12.4681,11.5107,13.8246
2019/6/6 16:58,108.3890,122.2110,137.5550,75.6150,71.7720,81.1170,109.3150,18.7609,7.2220,5.5075,12.4688,11.5114,13.8251
2019/6/6 16:59,108.3960,122.2160,137.5330,75.6100,71.7450,81.1170,109.3120,18.7650,7.2240,5.5077,12.4752,11.5127,13.8260
2019/6/6 17:00,108.3970,122.2330,137.5330,75.6040,71.7220,81.1130,109.3200,18.7629,7.2240,5.5078,12.4835,11.5210,13.8261
2019/6/6 17:01,108.3970,122.2330,137.5330,75.6030,71.7290,81.0830,109.3060,18.7614,7.2220,5.5078,12.4837,11.5210,13.8261
2019/6/6 17:02,108.3980,122.2420,137.5330,75.6050,71.7620,81.0830,109.3190,18.7615,7.2230,5.5078,12.4792,11.5165,13.8263
2019/6/6 17:03,108.3980,122.2410,137.5330,75.6030,71.7640,81.0840,109.3090,18.7615,7.2220,5.5078,12.4792,11.5165,13.8263
2019/6/6 17:04,108.3990,122.2360,137.5330,75.6090,71.7590,81.0860,109.3410,18.7617,7.2230,5.5079,12.4793,11.5166,13.8264
2019/6/6 17:05,108.3950,122.2370,137.5330,75.6040,71.7820,81.0990,109.3230,18.7610,7.2210,5.5098,12.4792,11.5162,13.8259
2019/6/6 17:06,108.3930,122.2390,137.5630,75.6010,71.7740,81.0970,109.3220,18.7607,7.2210,5.5105,12.4793,11.5163,13.8256
2019/6/6 17:07,108.3930,122.2390,137.5610,75.5980,71.7700,81.0940,109.3230,18.7607,7.2150,5.5104,12.4793,11.5163,13.8258
2019/6/6 17:08,108.3570,122.2140,137.5200,75.5750,71.7480,81.0690,109.2900,18.7544,7.2210,5.5087,12.4790,11.5129,13.8212
2019/6/6 17:09,108.3590,122.2200,137.5210,75.5750,71.7470,81.0700,109.2900,18.7548,7.2210,5.5082,12.4751,11.5129,13.8215
2019/6/6 17:10,108.3690,122.2200,137.5170,75.5800,71.7580,81.0750,109.2990,18.7565,7.2200,5.5093,12.4761,11.5138,13.8228
2019/6/6 17:11,108.3620,122.2110,137.5210,75.5780,71.7560,81.0680,109.2950,18.7553,7.2200,5.5143,12.4746,11.5124,13.8219
2019/6/6 17:12,108.3590,122.2020,137.5060,75.5690,71.7550,81.0590,109.2860,18.7548,7.2210,5.5145,12.4738,11.5143,13.8215
2019/6/6 17:13,108.3580,122.1880,137.5030,75.5680,71.7530,81.0620,109.2790,18.7546,7.2210,5.5144,12.4731,11.5138,13.8213
2019/6/6 17:14,108.3570,122.1900,137.4990,75.5670,71.7520,81.0600,109.2800,18.7544,7.2200,5.5142,12.4729,11.5141,13.8212
2019/6/6 17:15,108.3590,122.1910,137.5080,75.5830,71.7830,81.0640,109.2810,18.7548,7.2210,5.5144,12.4731,11.5143,13.8215
2019/6/6 17:16,108.3610,122.1870,137.5340,75.5830,71.7820,81.0640,109.2800,18.7551,7.2210,5.5138,12.4727,11.5138,13.8218
2019/6/6 17:17,108.3520,122.1820,137.5230,75.5810,71.7690,81.0560,109.2710,18.7536,7.2200,5.5153,12.4717,11.5128,13.8206
2019/6/6 17:18,108.3560,122.1880,137.5290,75.5870,71.7830,81.0600,109.2760,18.7543,7.2200,5.5136,12.4722,11.5132,13.8211
2019/6/6 17:19,108.3610,122.1940,137.5320,75.5980,71.7840,81.0680,109.2930,18.7551,7.2210,5.5139,12.4733,11.5141,13.8219
2019/6/6 17:20,108.3630,122.1960,137.5310,75.6050,71.7940,81.0710,109.2930,18.7555,7.2210,5.5158,12.4733,11.5143,13.8222
2019/6/6 17:21,108.3640,122.1850,137.5220,75.6070,71.8010,81.0700,109.2880,18.7557,7.2200,5.5140,12.4725,11.5130,13.8223
2019/6/6 17:22,108.3590,122.1940,137.5180,75.6040,71.8010,81.0660,109.2910,18.7548,7.2200,5.5061,12.4738,11.5142,13.8217
2019/6/6 17:23,108.3600,122.1930,137.5170,75.6080,71.8010,81.0660,109.2910,18.7550,7.2200,5.5022,12.4739,11.5143,13.8218
2019/6/6 17:24,108.3710,122.2280,137.5270,75.6140,71.8050,81.0690,109.3020,18.7569,7.2220,5.5035,12.4779,11.5173,13.8232
2019/6/6 17:25,108.3690,122.2160,137.5250,75.6130,71.8020,81.0730,109.3050,18.7565,7.2200,5.5039,12.4768,11.5167,13.8229
2019/6/6 17:26,108.3680,122.2210,137.5270,75.6110,71.8020,81.0710,109.3050,18.7563,7.2200,5.5005,12.4774,11.5169,13.8228
2019/6/6 17:27,108.3690,122.2130,137.5230,75.6120,71.8020,81.0690,109.2950,18.7565,7.2200,5.4996,12.4762,11.5149,13.8229
2019/6/6 17:28,108.3710,122.2250,137.5240,75.6090,71.8020,81.0700,109.3040,18.7569,7.2180,5.4994,12.4781,11.5168,13.8232
2019/6/6 17:29,108.3730,122.1950,137.5290,75.6070,71.7910,81.0670,109.2990,18.7572,7.2210,5.4999,12.4757,11.5138,13.8234
2019/6/6 17:30,108.3870,122.2030,137.5560,75.6130,71.7970,81.0800,109.3160,18.7596,7.2210,5.4992,12.4744,11.5135,13.8251
2019/6/6 17:31,108.3690,122.1830,137.5390,75.6050,71.7940,81.0710,109.2980,18.7565,7.2210,5.4994,12.4729,11.5121,13.8228
2019/6/6 17:32,108.3670,122.1830,137.5330,75.6040,71.7910,81.0680,109.2950,18.7562,7.2200,5.4963,12.4723,11.5121,13.8225
2019/6/6 17:33,108.3680,122.1850,137.5350,75.6040,71.7890,81.0680,109.2990,18.7563,7.2190,5.4965,12.4730,11.5123,13.8228
2019/6/6 17:34,108.3690,122.2210,137.5540,75.6080,71.7890,81.0670,109.3090,18.7565,7.2120,5.4982,12.4761,11.5157,13.8229
2019/6/6 17:35,108.3680,122.2040,137.5470,75.6070,71.7900,81.0670,109.3090,18.7563,7.2120,5.4982,12.4748,11.5142,13.8228
2019/6/6 17:36,108.3680,122.2030,137.5490,75.6090,71.7910,81.0680,109.3060,18.7563,7.2110,5.4980,12.4740,11.5142,13.8228
2019/6/6 17:37,108.3680,122.1970,137.5400,75.6090,71.7900,81.0670,109.3000,18.7563,7.2170,5.4967,12.4712,11.5130,13.8228
2019/6/6 17:38,108.3650,122.1920,137.5380,75.6080,71.7890,81.0670,109.2900,18.7558,7.2170,5.4958,12.4727,11.5129,13.8224
2019/6/6 17:39,108.3690,122.1960,137.5480,75.6100,71.7900,81.0690,109.2970,18.7565,7.2140,5.4933,12.4755,11.5131,13.8229
2019/6/6 17:40,108.3690,122.1980,137.5500,75.6100,71.7900,81.0710,109.2990,18.7565,7.2130,5.4934,12.4764,11.5133,13.8229
2019/6/6 17:41,108.3680,122.1970,137.5450,75.6070,71.7900,81.0690,109.3010,18.7563,7.2140,5.4934,12.4787,11.5123,13.8228
2019/6/6 17:42,108.3670,122.1940,137.5360,75.6100,71.7890,81.0700,109.2970,18.7562,7.2130,5.4934,12.4778,11.5126,13.8227
2019/6/6 17:43,108.3670,122.1930,137.5360,75.6080,71.7890,81.0820,109.2970,18.7562,7.2120,5.4932,12.4776,11.5122,13.8227
2019/6/6 17:44,108.3690,122.1930,137.5390,75.6090,71.7890,81.0840,109.2980,18.7565,7.2110,5.4912,12.4775,11.5120,13.8229
2019/6/6 17:45,108.3700,122.1950,137.5420,75.6080,71.7890,81.0850,109.2980,18.7567,7.2110,5.4915,12.4770,11.5115,13.8230
2019/6/6 17:46,108.3680,122.1920,137.5370,75.6080,71.7890,81.0840,109.2970,18.7563,7.2110,5.4905,12.4771,11.5106,13.8227
2019/6/6 17:47,108.3700,122.1940,137.5350,75.6090,71.7890,81.0840,109.2980,18.7567,7.2120,5.4887,12.4773,11.5109,13.8230
2019/6/6 17:48,108.3600,122.1900,137.5250,75.6020,71.7880,81.0790,109.2910,18.7550,7.2100,5.4868,12.4756,11.5095,13.8217
2019/6/6 17:49,108.3520,122.1930,137.5250,75.5990,71.7840,81.0720,109.2830,18.7536,7.2100,5.4850,12.4768,11.5105,13.8207
2019/6/6 17:50,108.3500,122.1890,137.5220,75.5970,71.7840,81.0700,109.2880,18.7532,7.2100,5.4851,12.4739,11.5110,13.8204
2019/6/6 17:51,108.3600,122.2020,137.5360,75.5970,71.7800,81.0730,109.3010,18.7550,7.2090,5.4863,12.4745,11.5133,13.8217
2019/6/6 17:52,108.3550,122.1960,137.5400,75.5980,71.7820,81.0680,109.2950,18.7541,7.2090,5.4861,12.4790,11.5121,13.8210
2019/6/6 17:53,108.3560,122.2020,137.5490,75.6100,71.7840,81.0680,109.2930,18.7543,7.2090,5.4865,12.4788,11.5132,13.8211
2019/6/6 17:54,108.3600,122.2000,137.5540,75.6100,71.7870,81.0670,109.3000,18.7550,7.2110,5.4857,12.4794,11.5143,13.8216
2019/6/6 17:55,108.3620,122.2010,137.5430,75.6020,71.7860,81.0650,109.3030,18.7553,7.2100,5.4863,12.4797,11.5139,13.8219
2019/6/6 17:56,108.3600,122.1990,137.5400,75.6040,71.7860,81.0640,109.2990,18.7550,7.2100,5.4857,12.4795,11.5136,13.8216
2019/6/6 17:57,108.3590,122.1990,137.5400,75.6040,71.7850,81.0640,109.2980,18.7548,7.2110,5.4844,12.4795,11.5133,13.8215
2019/6/6 17:58,108.3600,122.1850,137.5370,75.5810,71.7660,81.0640,109.2800,18.7550,7.2090,5.4857,12.4757,11.5105,13.8216
2019/6/6 17:59,108.3620,122.1970,137.5410,75.5940,71.7700,81.0780,109.2950,18.7553,7.2090,5.4830,12.4733,11.5123,13.8219
2019/6/6 18:00,108.3830,122.2300,137.5670,75.6170,71.7940,81.1010,109.3330,18.7471,7.2150,5.4858,12.4817,11.5127,13.8246
2019/6/6 18:01,108.3760,122.2320,137.5770,75.6280,71.7890,81.1100,109.3360,18.7448,7.2150,5.4839,12.4786,11.5124,13.8237
2019/6/6 18:02,108.3720,122.2280,137.5820,75.6280,71.7950,81.1120,109.3240,18.7442,7.2130,5.4854,12.4763,11.5118,13.8232
2019/6/6 18:03,108.3720,122.2310,137.5830,75.6280,71.7960,81.1120,109.3260,18.7459,7.2150,5.4860,12.4784,11.5115,13.8232
2019/6/6 18:04,108.3670,122.2250,137.5780,75.6240,71.7930,81.1070,109.3200,18.7450,7.2130,5.4859,12.4774,11.5112,13.8225
2019/6/6 18:05,108.3720,122.2310,137.5840,75.6260,71.7960,81.1080,109.3220,18.7458,7.2120,5.4861,12.4777,11.5113,13.8232
2019/6/6 18:06,108.3710,122.2300,137.5780,75.6250,71.7960,81.1070,109.3190,18.7521,7.2130,5.4860,12.4721,11.5111,13.8227
2019/6/6 18:07,108.3780,122.2380,137.5900,75.6290,71.8000,81.1130,109.3270,18.7527,7.2100,5.4867,12.4725,11.5120,13.8235
2019/6/6 18:08,108.3790,122.2370,137.5900,75.6310,71.8010,81.1140,109.3250,18.7554,7.2110,5.4836,12.4726,11.5121,13.8237
2019/6/6 18:09,108.3790,122.2410,137.5910,75.6310,71.8010,81.1160,109.3260,18.7559,7.2110,5.4846,12.4723,11.5121,13.8237
2019/6/6 18:10,108.3720,122.2280,137.5970,75.6290,71.7970,81.1090,109.3220,18.7544,7.2100,5.4841,12.4726,11.5117,13.8228
2019/6/6 18:11,108.3700,122.2290,137.5880,75.6270,71.7940,81.1070,109.3270,18.7546,7.2100,5.4830,12.4718,11.5109,13.8225
2019/6/6 18:12,108.3690,122.2300,137.5840,75.6230,71.7950,81.1110,109.3280,18.7540,7.2090,5.4831,12.4706,11.5106,13.8224
2019/6/6 18:13,108.3720,122.2320,137.5870,75.6260,71.7950,81.1120,109.3250,18.7525,7.2100,5.4832,12.4710,11.5106,13.8228
2019/6/6 18:14,108.3720,122.2320,137.5870,75.6250,71.7950,81.1110,109.3220,18.7344,7.2100,5.4842,12.4734,11.5116,13.8228
2019/6/6 18:15,108.3730,122.2340,137.5910,75.6250,71.7970,81.1150,109.3220,18.7282,7.2090,5.4847,12.4727,11.5093,13.8229
2019/6/6 18:16,108.3730,122.2350,137.5910,75.6280,71.7940,81.1150,109.3210,18.7465,7.2100,5.4849,12.4737,11.5094,13.8229
2019/6/6 18:17,108.3730,122.2360,137.5920,75.6280,71.7880,81.1140,109.3210,18.7525,7.2100,5.4850,12.4727,11.5093,13.8229
2019/6/6 18:18,108.3780,122.2400,137.5990,75.6330,71.7910,81.1180,109.3250,18.7525,7.2100,5.4855,12.4741,11.5104,13.8235
2019/6/6 18:19,108.3780,122.2390,137.6000,75.6340,71.7900,81.1190,109.3250,18.7534,7.2100,5.4863,12.4741,11.5094,13.8235
2019/6/6 18:20,108.3780,122.2390,137.5990,75.6340,71.7890,81.1180,109.3240,18.7539,7.2110,5.4871,12.4737,11.5092,13.8235
2019/6/6 18:21,108.3850,122.2440,137.6050,75.6390,71.7930,81.1220,109.3210,18.7544,7.2110,5.4871,12.4745,11.5100,13.8244
2019/6/6 18:22,108.3770,122.2350,137.5950,75.6320,71.7880,81.1130,109.3140,18.7530,7.2090,5.4868,12.4734,11.5092,13.8234
2019/6/6 18:23,108.3690,122.2260,137.5880,75.6260,71.7820,81.1090,109.3070,18.7479,7.2090,5.4867,12.4728,11.5083,13.8224
2019/6/6 18:24,108.3680,122.2270,137.5880,75.6260,71.7810,81.1040,109.3090,18.7486,7.2090,5.4865,12.4710,11.5078,13.8223
2019/6/6 18:25,108.3680,122.2260,137.5880,75.6250,71.7800,81.1070,109.3110,18.7456,7.2080,5.4865,12.4723,11.5078,13.8223
2019/6/6 18:26,108.3500,122.2060,137.5660,75.6120,71.7700,81.0930,109.3040,18.7426,7.2080,5.4856,12.4708,11.5045,13.8200
2019/6/6 18:27,108.3490,122.2060,137.5640,75.6130,71.7700,81.0920,109.2970,18.7470,7.2080,5.4855,12.4706,11.5035,13.8198
2019/6/6 18:28,108.3440,122.2000,137.5560,75.6080,71.7770,81.0860,109.3020,18.7460,7.2070,5.4853,12.4695,11.5035,13.8192
2019/6/6 18:29,108.3340,122.1880,137.5440,75.6010,71.7710,81.0800,109.2820,18.7369,7.2060,5.4849,12.4686,11.5025,13.8179
2019/6/6 18:30,108.3320,122.1900,137.5580,75.6000,71.7690,81.0800,109.2800,18.7380,7.2070,5.4847,12.4688,11.5027,13.8176
2019/6/6 18:31,108.3380,122.1940,137.5600,75.5920,71.7620,81.0790,109.2870,18.7358,7.2070,5.4849,12.4690,11.5035,13.8184
2019/6/6 18:32,108.3370,122.1950,137.5570,75.5920,71.7620,81.0810,109.2860,18.7379,7.2070,5.4851,12.4691,11.5033,13.8183
2019/6/6 18:33,108.3390,122.1950,137.5610,75.5940,71.7630,81.0840,109.2880,18.7384,7.2070,5.4852,12.4696,11.5028,13.8185
2019/6/6 18:34,108.3410,122.1920,137.5520,75.5910,71.7640,81.0810,109.3000,18.7382,7.2070,5.4847,12.4692,11.5025,13.8188
2019/6/6 18:35,108.3450,122.1970,137.5540,75.5930,71.7650,81.0830,109.2810,18.7370,7.2080,5.4849,12.4689,11.5029,13.8193
2019/6/6 18:36,108.3440,122.1970,137.5540,75.5860,71.7590,81.0840,109.2810,18.7366,7.2060,5.4849,12.4683,11.5030,13.8192
2019/6/6 18:37,108.3700,122.2240,137.5870,75.6020,71.7720,81.1020,109.3040,18.7323,7.2100,5.4861,12.4709,11.5059,13.8225
2019/6/6 18:38,108.3790,122.2280,137.5880,75.6100,71.7770,81.1080,109.3060,18.7301,7.2100,5.4866,12.4710,11.5060,13.8236
2019/6/6 18:39,108.3750,122.2190,137.5840,75.6070,71.7760,81.1050,109.3050,18.7270,7.2100,5.4864,12.4669,11.5051,13.8231
2019/6/6 18:40,108.3710,122.2170,137.5800,75.5960,71.7760,81.1030,109.3110,18.7249,7.2110,5.4862,12.4656,11.5044,13.8226
2019/6/6 18:41,108.3710,122.2210,137.5850,75.6040,71.7860,81.1100,109.3210,18.7240,7.2100,5.4863,12.4672,11.5049,13.8226
2019/6/6 18:42,108.3710,122.2210,137.5850,75.5980,71.7870,81.1090,109.3230,18.7243,7.2080,5.4864,12.4668,11.5060,13.8226
2019/6/6 18:43,108.3650,122.2130,137.5840,75.6000,71.7810,81.1050,109.3160,18.7223,7.2080,5.4861,12.4655,11.5040,13.8219
2019/6/6 18:44,108.3660,122.2150,137.5870,75.6000,71.7820,81.1050,109.3170,18.7229,7.2090,5.4863,12.4658,11.5041,13.8220
2019/6/6 18:45,108.3710,122.2210,137.5930,75.6050,71.7980,81.1100,109.3210,18.7237,7.2080,5.4867,12.4670,11.5035,13.8226
2019/6/6 18:46,108.3710,122.2210,137.5940,75.6050,71.7970,81.1100,109.3210,18.7225,7.2090,5.4866,12.4692,11.5031,13.8226
2019/6/6 18:47,108.3710,122.2220,137.5940,75.6060,71.7970,81.1100,109.3200,18.7233,7.2090,5.4868,12.4685,11.5024,13.8226
2019/6/6 18:48,108.3670,122.2210,137.5920,75.6030,71.7970,81.1060,109.3120,18.7216,7.2080,5.4872,12.4677,11.5049,13.8221
2019/6/6 18:49,108.3500,122.2010,137.5690,75.5830,71.7740,81.0930,109.3050,18.7197,7.2080,5.4864,12.4669,11.5021,13.8199
2019/6/6 18:50,108.3500,122.2060,137.5660,75.5830,71.7740,81.0940,109.3050,18.7196,7.2070,5.4864,12.4642,11.5023,13.8199
2019/6/6 18:51,108.3500,122.2050,137.5660,75.5820,71.7740,81.0940,109.3110,18.7213,7.2070,5.4866,12.4640,11.5032,13.8199
2019/6/6 18:52,108.3560,122.2090,137.5730,75.5850,71.7790,81.0980,109.3080,18.7210,7.2070,5.4867,12.4646,11.5031,13.8207
2019/6/6 18:53,108.3510,122.2020,137.5640,75.5830,71.7770,81.0940,109.3040,18.7195,7.2080,5.4865,12.4675,11.5026,13.8201
2019/6/6 18:54,108.3560,122.2070,137.5730,75.5860,71.7790,81.0970,109.3080,18.7206,7.2080,5.4868,12.4652,11.5025,13.8207
2019/6/6 18:55,108.3480,122.2000,137.5610,75.5800,71.7710,81.0920,109.3050,18.7184,7.2070,5.4865,12.4649,11.5021,13.8197
2019/6/6 18:56,108.3500,122.2000,137.5740,75.5780,71.7740,81.0940,109.3050,18.7199,7.2070,5.4866,12.4644,11.5022,13.8199
2019/6/6 18:57,108.3570,122.1990,137.5750,75.5820,71.7750,81.0980,109.3060,18.7212,7.2090,5.4877,12.4649,11.5020,13.8208
2019/6/6 18:58,108.3620,122.2090,137.5870,75.6010,71.7820,81.1030,109.3110,18.7214,7.2090,5.4884,12.4658,11.5032,13.8215
2019/6/6 18:59,108.3730,122.2170,137.6020,75.6080,71.7880,81.1110,109.3220,18.7218,7.2100,5.4893,12.4653,11.5038,13.8229
2019/6/6 19:00,108.3800,122.2260,137.6020,75.6090,71.7830,81.1160,109.3290,18.7198,7.2110,5.4895,12.4679,11.5046,13.8238
2019/6/6 19:01,108.3860,122.2310,137.6110,75.6130,71.7870,81.1200,109.3310,18.7208,7.2120,5.4900,12.4675,11.5050,13.8245
2019/6/6 19:02,108.3960,122.2410,137.6230,75.6200,71.7920,81.1270,109.3400,18.7225,7.2110,5.4903,12.4687,11.5064,13.8258
2019/6/6 19:03,108.4040,122.2520,137.6340,75.6240,71.7970,81.1340,109.3450,18.7239,7.2130,5.4953,12.4704,11.5082,13.8268
2019/6/6 19:04,108.4040,122.2510,137.6310,75.6250,71.7970,81.1330,109.3440,18.7239,7.2130,5.4952,12.4696,11.5082,13.8268
2019/6/6 19:05,108.4090,122.2470,137.6280,75.6200,71.8020,81.1360,109.3470,18.7248,7.2130,5.4954,12.4705,11.5076,13.8274
2019/6/6 19:06,108.4150,122.2540,137.6350,75.6220,71.8060,81.1420,109.3520,18.7257,7.2130,5.4957,12.4692,11.5082,13.8282
2019/6/6 19:07,108.4080,122.2460,137.6150,75.6080,71.7900,81.1360,109.3460,18.7244,7.2120,5.4977,12.4684,11.5068,13.8273
2019/6/6 19:08,108.4200,122.2670,137.6340,75.6280,71.7980,81.1510,109.3590,18.7266,7.2130,5.5002,12.4710,11.5095,13.8289
2019/6/6 19:09,108.4280,122.2910,137.6540,75.6390,71.8040,81.1570,109.3780,18.7285,7.2130,5.5007,12.4739,11.5116,13.8299
2019/6/6 19:10,108.4550,122.3210,137.6970,75.6830,71.8430,81.2090,109.3850,18.7323,7.2150,5.5067,12.4778,11.5148,13.8333
2019/6/6 19:11,108.4420,122.2950,137.6680,75.6580,71.8230,81.1910,109.3660,18.7315,7.2190,5.5055,12.4787,11.5124,13.8317
2019/6/6 19:12,108.4440,122.2930,137.6710,75.6670,71.8260,81.1850,109.3660,18.7321,7.2170,5.5033,12.4783,11.5136,13.8319
2019/6/6 19:13,108.4390,122.2870,137.6660,75.6620,71.8250,81.1880,109.3610,18.7313,7.2180,5.5036,12.4750,11.5120,13.8313
2019/6/6 19:14,108.4380,122.2900,137.6880,75.6670,71.8230,81.1870,109.3580,18.7299,7.2160,5.5048,12.4759,11.5121,13.8311
2019/6/6 19:15,108.4310,122.2880,137.6960,75.6600,71.8160,81.1810,109.3610,18.7285,7.2180,5.5110,12.4748,11.5123,13.8303
2019/6/6 19:16,108.4270,122.2830,137.6800,75.6560,71.8140,81.1830,109.3560,18.7292,7.2180,5.5135,12.4758,11.5121,13.8297
2019/6/6 19:17,108.4320,122.2830,137.6780,75.6600,71.8170,81.1870,109.3520,18.7297,7.2180,5.5168,12.4756,11.5122,13.8304
2019/6/6 19:18,108.4320,122.2850,137.6690,75.6610,71.8170,81.1870,109.3510,18.7298,7.2160,5.5162,12.4747,11.5120,13.8305
2019/6/6 19:19,108.4310,122.2790,137.6690,75.6600,71.8170,81.1860,109.3490,18.7300,7.2160,5.5155,12.4741,11.5113,13.8303
2019/6/6 19:20,108.4330,122.2740,137.6670,75.6610,71.8180,81.1870,109.3500,18.7291,7.2160,5.5156,12.4729,11.5109,13.8306
2019/6/6 19:21,108.4370,122.2780,137.6840,75.6620,71.8190,81.1920,109.3570,18.7297,7.2180,5.5152,12.4765,11.5115,13.8311
2019/6/6 19:22,108.4330,122.2740,137.6680,75.6600,71.8160,81.1820,109.3510,18.7303,7.2170,5.5150,12.4743,11.5110,13.8306
2019/6/6 19:23,108.4410,122.2900,137.6750,75.6630,71.8090,81.1880,109.3660,18.7292,7.2180,5.5150,12.4760,11.5125,13.8316
2019/6/6 19:24,108.4330,122.2790,137.6670,75.6580,71.7990,81.1830,109.3620,18.7278,7.2160,5.5159,12.4751,11.5114,13.8306
2019/6/6 19:25,108.4430,122.2850,137.6680,75.6570,71.8010,81.1840,109.3710,18.7298,7.2180,5.5163,12.4751,11.5119,13.8318
2019/6/6 19:26,108.4450,122.2870,137.6710,75.6600,71.8050,81.1860,109.3740,18.7298,7.2180,5.5166,12.4752,11.5122,13.8321
2019/6/6 19:27,108.4450,122.2870,137.6700,75.6580,71.8050,81.1860,109.3720,18.7297,7.2180,5.5163,12.4779,11.5123,13.8321
2019/6/6 19:28,108.4580,122.3010,137.6750,75.6660,71.8120,81.1950,109.3850,18.7320,7.2190,5.5172,12.4784,11.5134,13.8337
2019/6/6 19:29,108.4430,122.2810,137.6610,75.6550,71.8040,81.1850,109.3670,18.7325,7.2190,5.5167,12.4753,11.5113,13.8318
2019/6/6 19:30,108.4380,122.2790,137.6620,75.6440,71.7970,81.1760,109.3660,18.7301,7.2170,5.5139,12.4750,11.5114,13.8311
2019/6/6 19:31,108.4380,122.2750,137.6580,75.6440,71.7980,81.1770,109.3680,18.7295,7.2180,5.5134,12.4735,11.5109,13.8311
2019/6/6 19:32,108.4440,122.2830,137.6730,75.6440,71.8020,81.1860,109.3670,18.7288,7.2180,5.5139,12.4764,11.5116,13.8319
2019/6/6 19:33,108.4370,122.2750,137.6630,75.6370,71.7980,81.1820,109.3640,18.7281,7.2170,5.5143,12.4756,11.5109,13.8311
2019/6/6 19:34,108.4430,122.2920,137.6730,75.6520,71.8030,81.1910,109.3750,18.7286,7.2180,5.5140,12.4767,11.5115,13.8318
2019/6/6 19:35,108.4370,122.2880,137.6640,75.6450,71.7990,81.1860,109.3750,18.7275,7.2180,5.5138,12.4760,11.5125,13.8311
2019/6/6 19:36,108.4320,122.2820,137.6570,75.6450,71.7950,81.1820,109.3720,18.7273,7.2180,5.5121,12.4764,11.5121,13.8304
2019/6/6 19:37,108.4300,122.2830,137.6560,75.6480,71.7930,81.1810,109.3740,18.7266,7.2170,5.5124,12.4749,11.5118,13.8302
2019/6/6 19:38,108.4430,122.2950,137.6720,75.6660,71.8000,81.1900,109.3760,18.7287,7.2180,5.5129,12.4764,11.5133,13.8318
2019/6/6 19:39,108.4670,122.3130,137.7010,75.6810,71.8170,81.2090,109.3930,18.7329,7.2190,5.5141,12.4780,11.5149,13.8349
2019/6/6 19:40,108.4850,122.3320,137.7130,75.6890,71.8170,81.2200,109.3950,18.7360,7.2210,5.5150,12.4792,11.5165,13.8372
2019/6/6 19:41,108.4830,122.3300,137.7130,75.6820,71.8090,81.2150,109.4010,18.7356,7.2220,5.5148,12.4785,11.5164,13.8369
2019/6/6 19:42,108.4620,122.3120,137.6940,75.6640,71.8030,81.2000,109.3900,18.7320,7.2190,5.5138,12.4770,11.5149,13.8342
2019/6/6 19:43,108.4610,122.3130,137.6920,75.6590,71.8010,81.1990,109.3900,18.7319,7.2190,5.5144,12.4765,11.5140,13.8341
2019/6/6 19:44,108.4680,122.3220,137.7040,75.6710,71.8090,81.2080,109.3960,18.7331,7.2190,5.5150,12.4792,11.5148,13.8350
2019/6/6 19:45,108.4730,122.3270,137.7120,75.6800,71.8120,81.2130,109.4010,18.7339,7.2210,5.5149,12.4771,11.5152,13.8356
2019/6/6 19:46,108.4770,122.3320,137.7160,75.6820,71.8170,81.2160,109.3960,18.7346,7.2200,5.5146,12.4775,11.5158,13.8362
2019/6/6 19:47,108.4840,122.3360,137.7230,75.6850,71.8200,81.2210,109.4020,18.7375,7.2210,5.5149,12.4804,11.5163,13.8371
2019/6/6 19:48,108.4800,122.3330,137.7180,75.6870,71.8190,81.2230,109.3970,18.7349,7.2210,5.5141,12.4776,11.5160,13.8365
2019/6/6 19:49,108.4820,122.3360,137.7200,75.6920,71.8200,81.2240,109.3990,18.7353,7.2210,5.5141,12.4797,11.5160,13.8368
2019/6/6 19:50,108.4670,122.3170,137.6990,75.6740,71.8080,81.2080,109.3930,18.7321,7.2210,5.5133,12.4770,11.5144,13.8349
2019/6/6 19:51,108.4790,122.3240,137.7140,75.6800,71.8130,81.2160,109.3960,18.7338,7.2210,5.5139,12.4778,11.5154,13.8364
2019/6/6 19:52,108.4790,122.3250,137.7140,75.6830,71.8130,81.2170,109.3980,18.7338,7.2210,5.5139,12.4779,11.5156,13.8364
2019/6/6 19:53,108.4740,122.3180,137.7080,75.6700,71.8040,81.2110,109.3900,18.7330,7.2200,5.5135,12.4761,11.5149,13.8358
2019/6/6 19:54,108.4700,122.3160,137.7040,75.6710,71.8030,81.2120,109.3880,18.7322,7.2210,5.5133,12.4762,11.5141,13.8352
2019/6/6 19:55,108.4730,122.3240,137.7130,75.6750,71.8100,81.2130,109.3940,18.7328,7.2200,5.5135,12.4769,11.5151,13.8357
2019/6/6 19:56,108.4760,122.3290,137.7230,75.6790,71.8120,81.2210,109.4020,18.7333,7.2200,5.5136,12.4789,11.5155,13.8360
2019/6/6 19:57,108.4650,122.3140,137.7080,75.6580,71.7950,81.2070,109.3940,18.7314,7.2200,5.5129,12.4766,11.5140,13.8342
2019/6/6 19:58,108.4530,122.2940,137.6880,75.6400,71.7750,81.1940,109.3820,18.7293,7.2190,5.5121,12.4747,11.5119,13.8327
2019/6/6 19:59,108.4560,122.2900,137.6730,75.6310,71.7710,81.1950,109.3830,18.7307,7.2190,5.5129,12.4740,11.5122,13.8311
2019/6/6 20:00,108.4650,122.2940,137.6910,75.6370,71.7830,81.2010,109.3860,18.7324,7.2200,5.5132,12.4738,11.5123,13.8322
2019/6/6 20:01,108.4640,122.2960,137.6790,75.6310,71.7840,81.2100,109.3900,18.7321,7.2180,5.5137,12.4749,11.5120,13.8321
2019/6/6 20:02,108.4650,122.2810,137.6670,75.6320,71.7830,81.2080,109.3850,18.7326,7.2180,5.5137,12.4721,11.5100,13.8322
2019/6/6 20:03,108.4830,122.3080,137.6940,75.6490,71.8050,81.2320,109.4040,18.7354,7.2200,5.5147,12.4771,11.5134,13.8348
2019/6/6 20:04,108.4780,122.3020,137.6880,75.6410,71.7940,81.2240,109.4080,18.7324,7.2190,5.5145,12.4745,11.5129,13.8341
2019/6/6 20:05,108.4560,122.2870,137.6650,75.6280,71.7900,81.2120,109.3920,18.7292,7.2180,5.5135,12.4729,11.5115,13.8313
2019/6/6 20:06,108.4380,122.2700,137.6450,75.6210,71.7830,81.1980,109.3830,18.7266,7.2170,5.5123,12.4713,11.5094,13.8291
2019/6/6 20:07,108.4350,122.2660,137.6400,75.6290,71.7850,81.1970,109.3770,18.7258,7.2160,5.5122,12.4718,11.5091,13.8287
2019/6/6 20:08,108.4420,122.2690,137.6530,75.6390,71.7910,81.2020,109.3880,18.7271,7.2170,5.5126,12.4709,11.5088,13.8296
2019/6/6 20:09,108.4470,122.2720,137.6540,75.6410,71.7920,81.2050,109.3900,18.7283,7.2170,5.5128,12.4722,11.5093,13.8302
2019/6/6 20:10,108.4470,122.2690,137.6490,75.6350,71.7930,81.2040,109.3910,18.7286,7.2170,5.5129,12.4720,11.5082,13.8302
2019/6/6 20:11,108.4410,122.2500,137.6360,75.6260,71.7800,81.2000,109.3770,18.7294,7.2180,5.5131,12.4703,11.5063,13.8295
2019/6/6 20:12,108.4430,122.2500,137.6410,75.6390,71.7800,81.1980,109.3850,18.7295,7.2180,5.5131,12.4707,11.5086,13.8297
2019/6/6 20:13,108.4360,122.2420,137.6310,75.6180,71.7760,81.1870,109.3770,18.7285,7.2180,5.5127,12.4688,11.5076,13.8288
2019/6/6 20:14,108.4310,122.2410,137.6230,75.6100,71.7710,81.1820,109.3880,18.7274,7.2180,5.5125,12.4695,11.5072,13.8281
2019/6/6 20:15,108.4300,122.2400,137.5980,75.6180,71.7790,81.1860,109.3820,18.7275,7.2180,5.5120,12.4689,11.5062,13.8280
2019/6/6 20:16,108.4180,122.2450,137.6040,75.6090,71.7680,81.1750,109.4000,18.7250,7.2150,5.5115,12.4698,11.5082,13.8265
2019/6/6 20:17,108.4240,122.2450,137.6090,75.6160,71.7730,81.1830,109.3860,18.7254,7.2150,5.5118,12.4692,11.5075,13.8273
2019/6/6 20:18,108.4320,122.2580,137.6280,75.6310,71.7860,81.1870,109.3980,18.7246,7.2160,5.5126,12.4733,11.5086,13.8283
2019/6/6 20:19,108.4260,122.2440,137.6200,75.6360,71.7900,81.1840,109.3880,18.7238,7.2170,5.5126,12.4696,11.5074,13.8276
2019/6/6 20:20,108.4210,122.2430,137.6240,75.6400,71.7850,81.1820,109.3840,18.7228,7.2150,5.5125,12.4688,11.5070,13.8269
2019/6/6 20:21,108.4140,122.2290,137.6070,75.6260,71.7720,81.1760,109.3830,18.7215,7.2150,5.5120,12.4674,11.5058,13.8260
2019/6/6 20:22,108.4170,122.2440,137.6190,75.6410,71.7890,81.1810,109.3870,18.7231,7.2170,5.5123,12.4699,11.5074,13.8264
2019/6/6 20:23,108.4010,122.2250,137.6000,75.6270,71.7850,81.1650,109.3710,18.7204,7.2170,5.5114,12.4689,11.5056,13.8245
2019/6/6 20:24,108.3970,122.2210,137.5910,75.6270,71.7840,81.1620,109.3680,18.7193,7.2190,5.5113,12.4693,11.5054,13.8241
2019/6/6 20:25,108.4080,122.2330,137.6030,75.6420,71.7940,81.1700,109.3770,18.7215,7.2190,5.5118,12.4705,11.5064,13.8263
2019/6/6 20:26,108.4180,122.2430,137.6100,75.6480,71.8000,81.1820,109.3790,18.7233,7.2190,5.5124,12.4687,11.5069,13.8277
2019/6/6 20:27,108.4170,122.2320,137.6070,75.6410,71.7980,81.1770,109.3670,18.7247,7.2190,5.5122,12.4685,11.5061,13.8277
2019/6/6 20:28,108.4370,122.2580,137.6310,75.6600,71.8100,81.1940,109.3860,18.7287,7.2210,5.5135,12.4705,11.5088,13.8303
2019/6/6 20:29,108.4410,122.2650,137.6380,75.6580,71.8120,81.2000,109.3920,18.7294,7.2210,5.5137,12.4712,11.5095,13.8308
2019/6/6 20:30,108.4480,122.2710,137.6520,75.6600,71.8160,81.2050,109.3960,18.7306,7.2220,5.5141,12.4723,11.5102,13.8317
2019/6/6 20:31,108.4540,122.2800,137.6650,75.6730,71.8190,81.2130,109.4030,18.7316,7.2210,5.5154,12.4728,11.5105,13.8325
2019/6/6 20:32,108.4510,122.2780,137.6610,75.6700,71.8200,81.2080,109.4000,18.7312,7.2220,5.5152,12.4731,11.5106,13.8321
2019/6/6 20:33,108.4420,122.2670,137.6500,75.6590,71.8140,81.2020,109.3920,18.7296,7.2220,5.5147,12.4712,11.5097,13.8310
2019/6/6 20:34,108.4460,122.2770,137.6580,75.6700,71.8130,81.2100,109.4050,18.7303,7.2200,5.5150,12.4726,11.5101,13.8314
2019/6/6 20:35,108.4470,122.2810,137.6590,75.6610,71.8070,81.2060,109.4050,18.7307,7.2210,5.5151,12.4725,11.5101,13.8314
2019/6/6 20:36,108.4440,122.2820,137.6590,75.6640,71.8120,81.2030,109.4040,18.7302,7.2200,5.5149,12.4737,11.5116,13.8312
2019/6/6 20:37,108.4530,122.2910,137.6740,75.6730,71.8170,81.2100,109.4140,18.7318,7.2210,5.5154,12.4748,11.5129,13.8323
2019/6/6 20:38,108.4500,122.2860,137.6690,75.6790,71.8160,81.2090,109.4090,18.7312,7.2210,5.5164,12.4744,11.5123,13.8319
2019/6/6 20:39,108.4480,122.2850,137.6680,75.6780,71.8140,81.2060,109.4080,18.7309,7.2210,5.5158,12.4732,11.5117,13.8317
2019/6/6 20:40,108.4490,122.2870,137.6690,75.6750,71.8120,81.2080,109.4100,18.7311,7.2210,5.5158,12.4755,11.5117,13.8319
2019/6/6 20:41,108.4420,122.2830,137.6610,75.6700,71.8000,81.2020,109.3980,18.7283,7.2210,5.5152,12.4749,11.5114,13.8308
2019/6/6 20:42,108.4710,122.3090,137.6850,75.6880,71.8100,81.2250,109.4140,18.7334,7.2220,5.5166,12.4783,11.5137,13.8347
2019/6/6 20:43,108.4920,122.3320,137.7000,75.6910,71.8190,81.2400,109.4200,18.7370,7.2240,5.5177,12.4792,11.5158,13.8374
2019/6/6 20:44,108.5030,122.3420,137.7020,75.6930,71.8180,81.2480,109.4150,18.7389,7.2250,5.5186,12.4806,11.5170,13.8386
2019/6/6 20:45,108.5200,122.3630,137.7230,75.7120,71.8290,81.2650,109.4250,18.7418,7.2260,5.5195,12.4821,11.5190,13.8407
2019/6/6 20:46,108.5270,122.3580,137.7220,75.7020,71.8230,81.2660,109.4270,18.7430,7.2260,5.5198,12.4817,11.5186,13.8420
2019/6/6 20:47,108.5190,122.3450,137.7140,75.7050,71.8300,81.2640,109.4250,18.7416,7.2260,5.5194,12.4802,11.5171,13.8410
2019/6/6 20:48,108.5150,122.3330,137.7060,75.6920,71.8170,81.2570,109.4150,18.7409,7.2250,5.5193,12.4791,11.5161,13.8405
2019/6/6 20:49,108.5050,122.3210,137.6930,75.6790,71.8050,81.2500,109.4050,18.7392,7.2250,5.5186,12.4803,11.5154,13.8392
2019/6/6 20:50,108.4920,122.3020,137.6720,75.6590,71.7800,81.2400,109.3920,18.7393,7.2230,5.5175,12.4778,11.5132,13.8375
2019/6/6 20:51,108.4980,122.3070,137.6780,75.6600,71.7840,81.2480,109.4050,18.7403,7.2230,5.5178,12.4778,11.5135,13.8383
2019/6/6 20:52,108.5090,122.3190,137.7030,75.6660,71.7920,81.2560,109.4100,18.7422,7.2250,5.5184,12.4791,11.5148,13.8397
2019/6/6 20:53,108.5030,122.3140,137.6830,75.6610,71.7870,81.2520,109.4110,18.7412,7.2260,5.5182,12.4791,11.5144,13.8389
2019/6/6 20:54,108.4760,122.2870,137.6620,75.6460,71.7700,81.2220,109.4000,18.7366,7.2240,5.5163,12.4768,11.5133,13.8351
2019/6/6 20:55,108.4610,122.2770,137.6500,75.6380,71.7670,81.2100,109.3920,18.7344,7.2210,5.5156,12.4750,11.5119,13.8331
2019/6/6 20:56,108.4510,122.2680,137.6430,75.6350,71.7640,81.2020,109.3830,18.7327,7.2210,5.5139,12.4718,11.5103,13.8318
2019/6/6 20:57,108.4590,122.2820,137.6540,75.6390,71.7690,81.2140,109.3910,18.7340,7.2200,5.5145,12.4737,11.5120,13.8321
2019/6/6 20:58,108.4540,122.2810,137.6420,75.6340,71.7660,81.2060,109.3920,18.7331,7.2210,5.5143,12.4721,11.5121,13.8312
2019/6/6 20:59,108.4500,122.2740,137.6390,75.6250,71.7600,81.1970,109.3900,18.7316,7.2210,5.5141,12.4730,11.5116,13.8306
2019/6/6 21:00,108.4710,122.2760,137.6400,75.6380,71.7510,81.2110,109.3920,18.7347,7.2220,5.5150,12.4726,11.5114,13.8333
2019/6/6 21:01,108.4660,122.2810,137.6330,75.6380,71.7510,81.2080,109.3920,18.7346,7.2210,5.5149,12.4734,11.5113,13.8330
2019/6/6 21:02,108.4520,122.2760,137.6240,75.6320,71.7510,81.2030,109.3840,18.7322,7.2200,5.5142,12.4725,11.5106,13.8312
2019/6/6 21:03,108.4370,122.2440,137.6010,75.6170,71.7310,81.1870,109.3660,18.7297,7.2190,5.5134,12.4720,11.5080,13.8293
2019/6/6 21:04,108.4450,122.2590,137.6090,75.6210,71.7460,81.1950,109.3750,18.7311,7.2210,5.5138,12.4723,11.5092,13.8303
2019/6/6 21:05,108.4640,122.2680,137.6220,75.6340,71.7490,81.2120,109.3830,18.7345,7.2220,5.5148,12.4733,11.5103,13.8328
2019/6/6 21:06,108.4550,122.2640,137.6230,75.6280,71.7450,81.2050,109.3810,18.7329,7.2220,5.5152,12.4729,11.5100,13.8316
2019/6/6 21:07,108.4460,122.2580,137.6220,75.6270,71.7460,81.1990,109.3740,18.7313,7.2210,5.5150,12.4721,11.5092,13.8305
2019/6/6 21:08,108.4290,122.2450,137.6020,75.6220,71.7480,81.1870,109.3670,18.7284,7.2190,5.5141,12.4698,11.5069,13.8283
2019/6/6 21:09,108.4260,122.2480,137.6040,75.6200,71.7470,81.1840,109.3680,18.7279,7.2190,5.5139,12.4690,11.5075,13.8279
2019/6/6 21:10,108.4270,122.2470,137.5990,75.6180,71.7440,81.1840,109.3690,18.7281,7.2190,5.5140,12.4701,11.5075,13.8280
2019/6/6 21:11,108.4160,122.2420,137.5940,75.6150,71.7400,81.1810,109.3610,18.7263,7.2190,5.5166,12.4692,11.5069,13.8266
2019/6/6 21:12,108.3980,122.2160,137.5690,75.6030,71.7290,81.1680,109.3430,18.7230,7.2170,5.5150,12.4667,11.5046,13.8243
2019/6/6 21:13,108.3980,122.2170,137.5730,75.6030,71.7260,81.1700,109.3470,18.7230,7.2180,5.5151,12.4663,11.5045,13.8243
2019/6/6 21:14,108.4010,122.2190,137.5760,75.6070,71.7310,81.1720,109.3520,18.7233,7.2180,5.5124,12.4668,11.5047,13.8248
2019/6/6 21:15,108.4090,122.2270,137.5860,75.6120,71.7350,81.1780,109.3580,18.7248,7.2170,5.5128,12.4677,11.5049,13.8259
2019/6/6 21:16,108.4070,122.2270,137.5830,75.6100,71.7330,81.1750,109.3560,18.7244,7.2180,5.5127,12.4676,11.5058,13.8257
2019/6/6 21:17,108.4160,122.2250,137.5810,75.6150,71.7300,81.1820,109.3590,18.7252,7.2190,5.5131,12.4676,11.5060,13.8268
2019/6/6 21:18,108.4130,122.2160,137.5710,75.6140,71.7240,81.1760,109.3530,18.7253,7.2180,5.5129,12.4676,11.5052,13.8264
2019/6/6 21:19,108.4040,122.2010,137.5770,75.6090,71.7190,81.1700,109.3440,18.7240,7.2170,5.5119,12.4674,11.5035,13.8251
2019/6/6 21:20,108.4110,122.2060,137.5880,75.6110,71.7240,81.1760,109.3490,18.7251,7.2170,5.5123,12.4673,11.5039,13.8260
2019/6/6 21:21,108.4200,122.2180,137.6010,75.6180,71.7300,81.1830,109.3600,18.7266,7.2190,5.5123,12.4684,11.5050,13.8272
2019/6/6 21:22,108.4340,122.2380,137.6210,75.6350,71.7520,81.1960,109.3750,18.7290,7.2190,5.5131,12.4714,11.5068,13.8289
2019/6/6 21:23,108.4580,122.2720,137.6570,75.6560,71.7690,81.2180,109.3970,18.7332,7.2210,5.5144,12.4736,11.5102,13.8320
2019/6/6 21:24,108.4470,122.2480,137.6360,75.6370,71.7610,81.2060,109.3850,18.7287,7.2200,5.5139,12.4732,11.5080,13.8306
2019/6/6 21:25,108.4540,122.2550,137.6430,75.6420,71.7640,81.2130,109.3840,18.7243,7.2210,5.5142,12.4715,11.5082,13.8315
2019/6/6 21:26,108.4390,122.2350,137.6260,75.6330,71.7570,81.2000,109.3750,18.7284,7.2200,5.5135,12.4699,11.5065,13.8296
2019/6/6 21:27,108.4360,122.2370,137.6220,75.6310,71.7540,81.1970,109.3720,18.7286,7.2190,5.5132,12.4699,11.5054,13.8292
2019/6/6 21:28,108.4390,122.2350,137.6250,75.6300,71.7490,81.2000,109.3760,18.7291,7.2200,5.5137,12.4698,11.5065,13.8296
2019/6/6 21:29,108.4280,122.2180,137.6220,75.6140,71.7290,81.1910,109.3640,18.7278,7.2190,5.5130,12.4719,11.5049,13.8282
2019/6/6 21:30,108.4220,122.2210,137.6190,75.5980,71.7210,81.1870,109.3610,18.7317,7.2180,5.5128,12.4659,11.5041,13.8274
2019/6/6 21:31,108.4180,122.2200,137.6210,75.6100,71.7310,81.1880,109.3570,18.7281,7.2190,5.5135,12.4656,11.5042,13.8269
2019/6/6 21:32,108.4340,122.2360,137.6410,75.6270,71.7440,81.2000,109.3740,18.7313,7.2200,5.5151,12.4669,11.5058,13.8289
2019/6/6 21:33,108.4320,122.2310,137.6360,75.6250,71.7430,81.1980,109.3700,18.7312,7.2200,5.5151,12.4671,11.5055,13.8287
2019/6/6 21:34,108.4340,122.2410,137.6420,75.6300,71.7440,81.1960,109.3760,18.7314,7.2190,5.5152,12.4665,11.5062,13.8289
2019/6/6 21:35,108.4220,122.2100,137.6150,75.6100,71.7370,81.1860,109.3580,18.7293,7.2190,5.5141,12.4632,11.5044,13.8274
2019/6/6 21:36,108.4250,122.2270,137.6240,75.6120,71.7410,81.1880,109.3660,18.7299,7.2190,5.5147,12.4648,11.5050,13.8278
2019/6/6 21:37,108.4340,122.2400,137.6370,75.6300,71.7550,81.1950,109.3730,18.7298,7.2190,5.5151,12.4661,11.5063,13.8291
2019/6/6 21:38,108.4390,122.2380,137.6340,75.6270,71.7470,81.1980,109.3760,18.7308,7.2200,5.5154,12.4663,11.5081,13.8297
2019/6/6 21:39,108.4270,122.2140,137.6200,75.6110,71.7400,81.1820,109.3620,18.7293,7.2180,5.5140,12.4645,11.5054,13.8283
2019/6/6 21:40,108.4400,122.2240,137.6380,75.6280,71.7480,81.1940,109.3710,18.7315,7.2200,5.5153,12.4658,11.5062,13.8300
2019/6/6 21:41,108.4320,122.2200,137.6290,75.6310,71.7550,81.1890,109.3650,18.7307,7.2190,5.5150,12.4649,11.5061,13.8291
2019/6/6 21:42,108.4420,122.2360,137.6490,75.6470,71.7610,81.1960,109.3790,18.7370,7.2200,5.5155,12.4662,11.5068,13.8302
2019/6/6 21:43,108.4530,122.2520,137.6650,75.6510,71.7680,81.2050,109.3930,18.7471,7.2200,5.5161,12.4676,11.5081,13.8316
2019/6/6 21:44,108.4720,122.2660,137.6870,75.6640,71.7790,81.2200,109.4100,18.7497,7.2220,5.5170,12.4704,11.5096,13.8340
2019/6/6 21:45,108.4740,122.2680,137.6890,75.6640,71.7820,81.2190,109.4090,18.7502,7.2210,5.5173,12.4712,11.5098,13.8343
2019/6/6 21:46,108.4720,122.2630,137.6900,75.6560,71.7670,81.2210,109.4000,18.7491,7.2220,5.5171,12.4695,11.5084,13.8340
2019/6/6 21:47,108.4650,122.2600,137.6810,75.6530,71.7640,81.2210,109.3980,18.7489,7.2210,5.5167,12.4683,11.5079,13.8331
2019/6/6 21:48,108.4640,122.2540,137.6810,75.6460,71.7610,81.2200,109.3960,18.7484,7.2220,5.5164,12.4675,11.5078,13.8329
2019/6/6 21:49,108.4650,122.2570,137.6800,75.6470,71.7520,81.2210,109.3950,18.7487,7.2220,5.5164,12.4683,11.5078,13.8331
2019/6/6 21:50,108.4710,122.2670,137.7000,75.6540,71.7560,81.2290,109.4010,18.7498,7.2230,5.5168,12.4686,11.5089,13.8337
2019/6/6 21:51,108.4660,122.2680,137.7000,75.6600,71.7680,81.2250,109.3960,18.7488,7.2220,5.5167,12.4688,11.5090,13.8330
2019/6/6 21:52,108.4700,122.2720,137.7010,75.6690,71.7750,81.2330,109.4020,18.7496,7.2230,5.5175,12.4693,11.5103,13.8333
2019/6/6 21:53,108.4730,122.2760,137.7050,75.6700,71.7720,81.2380,109.4030,18.7501,7.2230,5.5177,12.4701,11.5126,13.8337
2019/6/6 21:54,108.4720,122.2760,137.7060,75.6700,71.7720,81.2390,109.4020,18.7499,7.2230,5.5177,12.4697,11.5125,13.8336
2019/6/6 21:55,108.4660,122.2740,137.7040,75.6670,71.7700,81.2320,109.3970,18.7493,7.2220,5.5172,12.4697,11.5120,13.8328
2019/6/6 21:56,108.4660,122.2760,137.7050,75.6750,71.7740,81.2330,109.3980,18.7488,7.2220,5.5173,12.4702,11.5125,13.8328
2019/6/6 21:57,108.4640,122.2770,137.6990,75.6740,71.7750,81.2310,109.3950,18.7485,7.2220,5.5171,12.4702,11.5129,13.8326
2019/6/6 21:58,108.4730,122.2930,137.7130,75.6980,71.7920,81.2410,109.4050,18.7499,7.2220,5.5190,12.4720,11.5143,13.8337
2019/6/6 21:59,108.4790,122.3100,137.7170,75.6940,71.7980,81.2540,109.4060,18.7512,7.2240,5.5196,12.4736,11.5155,13.8345
2019/6/6 22:00,108.4700,122.2960,137.7000,75.6880,71.7920,81.2460,109.3980,18.7497,7.2230,5.5189,12.4722,11.5146,13.8333
2019/6/6 22:01,108.4770,122.2940,137.7000,75.6910,71.7940,81.2500,109.3970,18.7503,7.2220,5.5174,12.4723,11.5146,13.8342
2019/6/6 22:02,108.4680,122.2850,137.6840,75.6820,71.7890,81.2430,109.3880,18.7488,7.2220,5.5172,12.4701,11.5136,13.8331
2019/6/6 22:03,108.4730,122.2870,137.6890,75.6800,71.7890,81.2410,109.3900,18.7496,7.2220,5.5174,12.4713,11.5137,13.8337
2019/6/6 22:04,108.4760,122.2830,137.6900,75.6800,71.7900,81.2430,109.3900,18.7537,7.2220,5.5174,12.4709,11.5136,13.8341
2019/6/6 22:05,108.4760,122.2800,137.6890,75.6790,71.7910,81.2440,109.3910,18.7518,7.2220,5.5172,12.4706,11.5133,13.8341
2019/6/6 22:06,108.4800,122.2830,137.6920,75.6820,71.7920,81.2470,109.3970,18.7528,7.2230,5.5176,12.4711,11.5134,13.8346
2019/6/6 22:07,108.4710,122.2810,137.6870,75.6840,71.7910,81.2390,109.3920,18.7510,7.2220,5.5170,12.4706,11.5130,13.8335
2019/6/6 22:08,108.4820,122.2850,137.6890,75.6900,71.7990,81.2520,109.3980,18.7517,7.2230,5.5178,12.4713,11.5136,13.8349
2019/6/6 22:09,108.4770,122.2720,137.6880,75.6930,71.7970,81.2490,109.3940,18.7577,7.2220,5.5176,12.4702,11.5126,13.8342
2019/6/6 22:10,108.4770,122.2730,137.6930,75.6910,71.7920,81.2510,109.3930,18.7525,7.2220,5.5177,12.4701,11.5125,13.8342
2019/6/6 22:11,108.4780,122.2730,137.6840,75.6890,71.7960,81.2450,109.3950,18.7566,7.2220,5.5176,12.4704,11.5127,13.8343
2019/6/6 22:12,108.4800,122.2720,137.6850,75.6900,71.7960,81.2520,109.3960,18.7570,7.2230,5.5176,12.4703,11.5128,13.8346
2019/6/6 22:13,108.4770,122.2710,137.6840,75.6910,71.7950,81.2480,109.3940,18.7547,7.2210,5.5138,12.4700,11.5123,13.8336
2019/6/6 22:14,108.4650,122.2670,137.6780,75.6810,71.7870,81.2410,109.3830,18.7538,7.2220,5.5112,12.4694,11.5119,13.8321
2019/6/6 22:15,108.4640,122.2610,137.6710,75.6730,71.7850,81.2420,109.3820,18.7530,7.2210,5.5119,12.4688,11.5113,13.8320
2019/6/6 22:16,108.4650,122.2560,137.6670,75.6690,71.7830,81.2420,109.3810,18.7545,7.2210,5.5127,12.4684,11.5103,13.8321
2019/6/6 22:17,108.4660,122.2530,137.6660,75.6720,71.7840,81.2410,109.3830,18.7541,7.2220,5.5127,12.4683,11.5104,13.8323
2019/6/6 22:18,108.4650,122.2580,137.6680,75.6690,71.7850,81.2410,109.3820,18.7469,7.2210,5.5126,12.4684,11.5117,13.8326
2019/6/6 22:19,108.4730,122.2650,137.6770,75.6790,71.7940,81.2480,109.3910,18.7523,7.2220,5.5131,12.4693,11.5127,13.8336
2019/6/6 22:20,108.4650,122.2560,137.6720,75.6710,71.7890,81.2410,109.3810,18.7555,7.2220,5.5128,12.4681,11.5125,13.8327
2019/6/6 22:21,108.4660,122.2620,137.6720,75.6700,71.7870,81.2420,109.3820,18.7557,7.2210,5.5144,12.4688,11.5132,13.8328
2019/6/6 22:22,108.4720,122.2620,137.6770,75.6780,71.7910,81.2460,109.3830,18.7530,7.2220,5.5148,12.4684,11.5155,13.8335
2019/6/6 22:23,108.4540,122.2420,137.6530,75.6610,71.7790,81.2260,109.3710,18.7499,7.2210,5.5130,12.4666,11.5129,13.8312
2019/6/6 22:24,108.4600,122.2480,137.6640,75.6700,71.7920,81.2310,109.3770,18.7494,7.2210,5.5134,12.4677,11.5140,13.8320
2019/6/6 22:25,108.4520,122.2440,137.6550,75.6660,71.7900,81.2270,109.3700,18.7501,7.2210,5.5131,12.4672,11.5124,13.8309
2019/6/6 22:26,108.4530,122.2420,137.6530,75.6700,71.7890,81.2280,109.3700,18.7501,7.2200,5.5134,12.4670,11.5125,13.8311
2019/6/6 22:27,108.4530,122.2440,137.6520,75.6660,71.7900,81.2270,109.3710,18.7509,7.2200,5.5135,12.4675,11.5125,13.8312
2019/6/6 22:28,108.4530,122.2470,137.6600,75.6710,71.7900,81.2280,109.3820,18.7506,7.2200,5.5134,12.4678,11.5127,13.8315
2019/6/6 22:29,108.4470,122.2370,137.6490,75.6660,71.7880,81.2210,109.3750,18.7488,7.2190,5.5130,12.4670,11.5118,13.8307
2019/6/6 22:30,108.4380,122.2290,137.6430,75.6600,71.7810,81.2150,109.3680,18.7476,7.2190,5.5127,12.4659,11.5105,13.8297
2019/6/6 22:31,108.4370,122.2230,137.6420,75.6630,71.7900,81.2150,109.3670,18.7458,7.2200,5.5126,12.4653,11.5098,13.8296
2019/6/6 22:32,108.4430,122.2260,137.6430,75.6650,71.7930,81.2180,109.3690,18.7482,7.2200,5.5128,12.4653,11.5097,13.8303
2019/6/6 22:33,108.4490,122.2300,137.6480,75.6680,71.7950,81.2240,109.3710,18.7496,7.2200,5.5132,12.4658,11.5104,13.8312
2019/6/6 22:34,108.4540,122.2400,137.6520,75.6730,71.8010,81.2270,109.3790,18.7521,7.2210,5.5137,12.4677,11.5106,13.8318
2019/6/6 22:35,108.4490,122.2360,137.6570,75.6640,71.7920,81.2230,109.3780,18.7476,7.2210,5.5130,12.4672,11.5103,13.8312
2019/6/6 22:36,108.4700,122.2650,137.6830,75.6840,71.8010,81.2400,109.3970,18.7525,7.2220,5.5144,12.4705,11.5132,13.8338
2019/6/6 22:37,108.4880,122.2860,137.7090,75.7170,71.8310,81.2620,109.4050,18.7539,7.2220,5.5188,12.4732,11.5153,13.8361
2019/6/6 22:38,108.4850,122.2720,137.6950,75.6970,71.8160,81.2560,109.3930,18.7540,7.2230,5.5178,12.4717,11.5139,13.8357
2019/6/6 22:39,108.4830,122.2690,137.6880,75.6930,71.8170,81.2550,109.3920,18.7497,7.2220,5.5164,12.4714,11.5136,13.8357
2019/6/6 22:40,108.4750,122.2650,137.6910,75.6980,71.8250,81.2500,109.3820,18.7483,7.2210,5.5165,12.4711,11.5129,13.8346
2019/6/6 22:41,108.4810,122.2710,137.6990,75.7050,71.8300,81.2580,109.3770,18.7484,7.2230,5.5168,12.4717,11.5138,13.8367
2019/6/6 22:42,108.4860,122.2790,137.7060,75.7110,71.8340,81.2610,109.3830,18.7499,7.2230,5.5170,12.4725,11.5154,13.8379
2019/6/6 22:43,108.4910,122.2950,137.7400,75.7200,71.8450,81.2820,109.3910,18.7516,7.2230,5.5181,12.4740,11.5162,13.8383
2019/6/6 22:44,108.4940,122.2970,137.7380,75.7260,71.8490,81.2890,109.3910,18.7507,7.2230,5.5181,12.4737,11.5160,13.8387
2019/6/6 22:45,108.4880,122.2920,137.7320,75.7350,71.8540,81.2840,109.3830,18.7489,7.2230,5.5165,12.4739,11.5151,13.8378
2019/6/6 22:46,108.4960,122.2960,137.7500,75.7410,71.8480,81.2900,109.3800,18.7468,7.2230,5.5173,12.4746,11.5159,13.8388
2019/6/6 22:47,108.5060,122.3040,137.7520,75.7430,71.8540,81.2970,109.3970,18.7467,7.2260,5.5178,12.4751,11.5176,13.8401
2019/6/6 22:48,108.5040,122.3040,137.7510,75.7340,71.8420,81.2960,109.3940,18.7515,7.2260,5.5177,12.4750,11.5178,13.8398
2019/6/6 22:49,108.5050,122.2990,137.7460,75.7300,71.8430,81.2970,109.3950,18.7517,7.2270,5.5178,12.4748,11.5164,13.8400
2019/6/6 22:50,108.5010,122.2930,137.7450,75.7270,71.8440,81.2930,109.3910,18.7495,7.2250,5.5176,12.4742,11.5157,13.8395
2019/6/6 22:51,108.5100,122.3030,137.7590,75.7400,71.8500,81.3020,109.4020,18.7511,7.2250,5.5182,12.4761,11.5175,13.8406
2019/6/6 22:52,108.5010,122.2880,137.7460,75.7230,71.8420,81.2880,109.3890,18.7499,7.2240,5.5173,12.4750,11.5152,13.8395
2019/6/6 22:53,108.5110,122.2940,137.7580,75.7210,71.8360,81.2960,109.3920,18.7516,7.2240,5.5180,12.4756,11.5162,13.8408
2019/6/6 22:54,108.5090,122.2880,137.7470,75.7140,71.8360,81.2950,109.3890,18.7520,7.2250,5.5179,12.4747,11.5153,13.8406
2019/6/6 22:55,108.4640,122.2320,137.6880,75.6590,71.8040,81.2490,109.3540,18.7437,7.2210,5.5137,12.4695,11.5107,13.8348
2019/6/6 22:56,108.4830,122.2390,137.6990,75.6610,71.8000,81.2510,109.3620,18.7477,7.2220,5.5153,12.4700,11.5110,13.8373
2019/6/6 22:57,108.4700,122.2260,137.6850,75.6510,71.7850,81.2380,109.3600,18.7443,7.2210,5.5136,12.4682,11.5093,13.8356
2019/6/6 22:58,108.4760,122.2350,137.6980,75.6670,71.7950,81.2370,109.3640,18.7438,7.2220,5.5140,12.4719,11.5100,13.8364
2019/6/6 22:59,108.4780,122.2390,137.7030,75.6700,71.8070,81.2370,109.3690,18.7450,7.2220,5.5144,12.4736,11.5118,13.8365
2019/6/6 23:00,108.4830,122.2480,137.7140,75.6770,71.8090,81.2430,109.3780,18.7465,7.2220,5.5146,12.4733,11.5121,13.8372
2019/6/6 23:01,108.4710,122.2480,137.7150,75.6790,71.8130,81.2440,109.3710,18.7464,7.2220,5.5139,12.4733,11.5123,13.8357
2019/6/6 23:02,108.4770,122.2500,137.7160,75.6780,71.8160,81.2490,109.3780,18.7465,7.2210,5.5141,12.4719,11.5125,13.8365
2019/6/6 23:03,108.4850,122.2550,137.7280,75.6850,71.8180,81.2540,109.3730,18.7479,7.2220,5.5147,12.4744,11.5144,13.8375
2019/6/6 23:04,108.4790,122.2450,137.7090,75.6680,71.7960,81.2390,109.3550,18.7468,7.2230,5.5143,12.4733,11.5139,13.8367
2019/6/6 23:05,108.4790,122.2310,137.6940,75.6390,71.7750,81.2290,109.3550,18.7431,7.2220,5.5112,12.4716,11.5131,13.8367
2019/6/6 23:06,108.4770,122.2300,137.6940,75.6460,71.7810,81.2270,109.3580,18.7426,7.2240,5.5110,12.4716,11.5131,13.8365
2019/6/6 23:07,108.4730,122.2370,137.6960,75.6480,71.7810,81.2290,109.3580,18.7419,7.2220,5.5107,12.4711,11.5129,13.8359
2019/6/6 23:08,108.4710,122.2330,137.6970,75.6490,71.7860,81.2280,109.3590,18.7413,7.2220,5.5109,12.4713,11.5122,13.8357
2019/6/6 23:09,108.4650,122.2330,137.6920,75.6480,71.7830,81.2250,109.3560,18.7372,7.2220,5.5106,12.4716,11.5132,13.8343
2019/6/6 23:10,108.4690,122.2310,137.6950,75.6440,71.7760,81.2230,109.3570,18.7379,7.2220,5.5105,12.4710,11.5126,13.8348
2019/6/6 23:11,108.4670,122.2240,137.6830,75.6310,71.7660,81.2170,109.3530,18.7342,7.2190,5.5077,12.4709,11.5117,13.8346
2019/6/6 23:12,108.4640,122.2250,137.6770,75.6280,71.7650,81.2170,109.3540,18.7265,7.2190,5.5082,12.4707,11.5116,13.8343
2019/6/6 23:13,108.4590,122.2140,137.6700,75.6150,71.7570,81.2100,109.3460,18.7237,7.2190,5.5080,12.4702,11.5109,13.8335
2019/6/6 23:14,108.4590,122.2150,137.6700,75.6230,71.7550,81.2130,109.3480,18.7198,7.2190,5.5079,12.4702,11.5111,13.8336
2019/6/6 23:15,108.4590,122.2080,137.6610,75.6030,71.7370,81.2090,109.3480,18.7197,7.2190,5.5082,12.4696,11.5104,13.8335
2019/6/6 23:16,108.4550,122.2080,137.6720,75.6100,71.7440,81.2070,109.3440,18.7190,7.2170,5.5087,12.4693,11.5097,13.8330
2019/6/6 23:17,108.4620,122.2230,137.6850,75.6260,71.7500,81.2170,109.3520,18.7202,7.2190,5.5092,12.4705,11.5107,13.8339
2019/6/6 23:18,108.4670,122.2230,137.6910,75.6380,71.7490,81.2190,109.3530,18.7211,7.2210,5.5095,12.4711,11.5114,13.8345
2019/6/6 23:19,108.4740,122.2340,137.7020,75.6410,71.7560,81.2250,109.3630,18.7223,7.2220,5.5099,12.4719,11.5120,13.8354
2019/6/6 23:20,108.4800,122.2410,137.7090,75.6500,71.7600,81.2290,109.3650,18.7222,7.2190,5.5102,12.4732,11.5129,13.8362
2019/6/6 23:21,108.4790,122.2490,137.7230,75.6600,71.7810,81.2290,109.3680,18.7220,7.2200,5.5112,12.4737,11.5136,13.8360
2019/6/6 23:22,108.4770,122.2440,137.7120,75.6570,71.7800,81.2230,109.3650,18.7216,7.2200,5.5110,12.4728,11.5151,13.8358
2019/6/6 23:23,108.4770,122.2360,137.7030,75.6550,71.7710,81.2230,109.3660,18.7216,7.2200,5.5102,12.4721,11.5124,13.8358
2019/6/6 23:24,108.4790,122.2380,137.6970,75.6500,71.7730,81.2220,109.3560,18.7216,7.2190,5.5105,12.4718,11.5126,13.8361
2019/6/6 23:25,108.4770,122.2360,137.6940,75.6450,71.7690,81.2180,109.3550,18.7194,7.2200,5.5100,12.4722,11.5121,13.8358
2019/6/6 23:26,108.4770,122.2360,137.6950,75.6440,71.7680,81.2160,109.3560,18.7193,7.2190,5.5100,12.4721,11.5119,13.8358
2019/6/6 23:27,108.4770,122.2290,137.6930,75.6340,71.7610,81.2150,109.3540,18.7192,7.2200,5.5101,12.4719,11.5116,13.8358
2019/6/6 23:28,108.4720,122.2180,137.6780,75.6290,71.7520,81.2070,109.3490,18.7173,7.2190,5.5086,12.4721,11.5104,13.8352
2019/6/6 23:29,108.4730,122.2200,137.6770,75.6310,71.7540,81.2120,109.3500,18.7176,7.2190,5.5098,12.4710,11.5107,13.8353
2019/6/6 23:30,108.4720,122.2210,137.6870,75.6320,71.7560,81.2120,109.3500,18.7175,7.2190,5.5099,12.4708,11.5104,13.8352
2019/6/6 23:31,108.4710,122.2200,137.6840,75.6280,71.7540,81.2110,109.3470,18.7172,7.2190,5.5099,12.4706,11.5102,13.8350
2019/6/6 23:32,108.4710,122.2180,137.6840,75.6400,71.7550,81.2130,109.3470,18.7172,7.2200,5.5100,12.4709,11.5105,13.8350
2019/6/6 23:33,108.4710,122.2260,137.6840,75.6380,71.7570,81.2130,109.3480,18.7172,7.2200,5.5100,12.4671,11.5103,13.8350
2019/6/6 23:34,108.4700,122.2240,137.6850,75.6310,71.7540,81.2130,109.3490,18.7170,7.2200,5.5095,12.4665,11.5104,13.8349
2019/6/6 23:35,108.4720,122.2250,137.6850,75.6370,71.7570,81.2150,109.3480,18.7174,7.2190,5.5100,12.4669,11.5101,13.8352
2019/6/6 23:36,108.4710,122.2270,137.6950,75.6390,71.7580,81.2170,109.3490,18.7172,7.2180,5.5098,12.4670,11.5102,13.8350
2019/6/6 23:37,108.4720,122.2270,137.6990,75.6430,71.7580,81.2170,109.3490,18.7198,7.2200,5.5100,12.4686,11.5102,13.8352
2019/6/6 23:38,108.4790,122.2290,137.7080,75.6470,71.7620,81.2180,109.3550,18.7250,7.2200,5.5102,12.4691,11.5100,13.8361
2019/6/6 23:39,108.4780,122.2300,137.7100,75.6480,71.7670,81.2190,109.3550,18.7248,7.2190,5.5100,12.4693,11.5105,13.8359
2019/6/6 23:40,108.4830,122.2320,137.7130,75.6510,71.7740,81.2240,109.3600,18.7257,7.2200,5.5105,12.4695,11.5111,13.8365
2019/6/6 23:41,108.4840,122.2370,137.7160,75.6580,71.7760,81.2290,109.3610,18.7259,7.2190,5.5102,12.4695,11.5101,13.8367
2019/6/6 23:42,108.4900,122.2460,137.7220,75.6630,71.7800,81.2340,109.3680,18.7269,7.2200,5.5107,12.4705,11.5117,13.8375
2019/6/6 23:43,108.4950,122.2520,137.7280,75.6600,71.7800,81.2370,109.3730,18.7272,7.2210,5.5110,12.4711,11.5131,13.8381
2019/6/6 23:44,108.4960,122.2510,137.7290,75.6590,71.7800,81.2370,109.3730,18.7314,7.2200,5.5110,12.4711,11.5130,13.8382
2019/6/6 23:45,108.4960,122.2500,137.7270,75.6570,71.7810,81.2360,109.3730,18.7297,7.2200,5.5111,12.4711,11.5122,13.8382
2019/6/6 23:46,108.4950,122.2440,137.7150,75.6480,71.7710,81.2360,109.3710,18.7305,7.2200,5.5108,12.4718,11.5119,13.8381
2019/6/6 23:47,108.4950,122.2450,137.7160,75.6480,71.7710,81.2360,109.3720,18.7302,7.2210,5.5108,12.4709,11.5119,13.8381
2019/6/6 23:48,108.4950,122.2450,137.7290,75.6550,71.7710,81.2350,109.3710,18.7305,7.2200,5.5108,12.4705,11.5117,13.8381
2019/6/6 23:49,108.4950,122.2410,137.7260,75.6560,71.7730,81.2350,109.3610,18.7303,7.2200,5.5108,12.4705,11.5120,13.8381
2019/6/6 23:50,108.5030,122.2500,137.7360,75.6600,71.7750,81.2410,109.3690,18.7233,7.2200,5.5112,12.4712,11.5123,13.8391
2019/6/6 23:51,108.4950,122.2410,137.7300,75.6560,71.7710,81.2360,109.3730,18.7227,7.2200,5.5108,12.4701,11.5115,13.8381
2019/6/6 23:52,108.4880,122.2290,137.7150,75.6490,71.7650,81.2290,109.3660,18.7204,7.2180,5.5106,12.4690,11.5106,13.8372
2019/6/6 23:53,108.4940,122.2340,137.7270,75.6590,71.7710,81.2350,109.3710,18.7268,7.2170,5.5107,12.4695,11.5109,13.8380
2019/6/6 23:54,108.4940,122.2350,137.7290,75.6540,71.7720,81.2340,109.3700,18.7269,7.2180,5.5107,12.4694,11.5112,13.8380
2019/6/6 23:55,108.4880,122.2360,137.7210,75.6530,71.7700,81.2300,109.3690,18.7259,7.2170,5.5104,12.4692,11.5111,13.8372
2019/6/6 23:56,108.4880,122.2300,137.7180,75.6510,71.7680,81.2280,109.3720,18.7310,7.2180,5.5104,12.4694,11.5107,13.8372
2019/6/6 23:57,108.4860,122.2300,137.7170,75.6480,71.7660,81.2260,109.3710,18.7204,7.2170,5.5103,12.4690,11.5104,13.8370
2019/6/6 23:58,108.4880,122.2270,137.7150,75.6380,71.7650,81.2270,109.3690,18.7212,7.2180,5.5103,12.4688,11.5100,13.8372
2019/6/6 23:59,108.4810,122.2220,137.7080,75.6350,71.7640,81.2190,109.3660,18.7204,7.2170,5.5091,12.4686,11.5089,13.8363
2019/6/7 0:00,108.4830,122.2250,137.7120,75.6360,71.7630,81.2210,109.3690,18.7205,7.2170,5.5092,12.4689,11.5110,13.8366
2019/6/7 0:01,108.4830,122.2330,137.7150,75.6490,71.7680,81.2220,109.3720,18.7207,7.2170,5.5090,12.4691,11.5105,13.8365
2019/6/7 0:02,108.4830,122.2290,137.7120,75.6470,71.7730,81.2230,109.3690,18.7207,7.2170,5.5082,12.4690,11.5096,13.8367
2019/6/7 0:03,108.4800,122.2300,137.7130,75.6500,71.7780,81.2250,109.3730,18.7204,7.2180,5.5082,12.4685,11.5107,13.8363
2019/6/7 0:04,108.4770,122.2270,137.7040,75.6530,71.7750,81.2220,109.3680,18.7198,7.2160,5.5075,12.4681,11.5101,13.8359
2019/6/7 0:05,108.4660,122.2140,137.6910,75.6460,71.7730,81.2130,109.3590,18.7179,7.2160,5.5069,12.4671,11.5094,13.8345
2019/6/7 0:06,108.4580,122.2030,137.6800,75.6400,71.7710,81.2070,109.3470,18.7166,7.2150,5.5066,12.4659,11.5083,13.8335
2019/6/7 0:07,108.4550,122.2010,137.6790,75.6430,71.7690,81.2040,109.3480,18.7202,7.2150,5.5063,12.4657,11.5081,13.8331
2019/6/7 0:08,108.4580,122.2020,137.6810,75.6470,71.7800,81.2080,109.3510,18.7207,7.2160,5.5068,12.4665,11.5083,13.8335
2019/6/7 0:09,108.4480,122.1920,137.6730,75.6330,71.7650,81.1990,109.3470,18.7180,7.2150,5.5060,12.4657,11.5074,13.8322
2019/6/7 0:10,108.4600,122.2070,137.6920,75.6450,71.7840,81.2090,109.3580,18.7185,7.2160,5.5066,12.4698,11.5088,13.8338
2019/6/7 0:11,108.4490,122.1950,137.6700,75.6350,71.7640,81.2000,109.3490,18.7161,7.2140,5.5061,12.4663,11.5073,13.8324
2019/6/7 0:12,108.4480,122.1920,137.6670,75.6300,71.7660,81.1980,109.3450,18.7160,7.2150,5.5060,12.4685,11.5071,13.8322
2019/6/7 0:13,108.4470,122.1940,137.6720,75.6390,71.7760,81.1990,109.3460,18.7157,7.2140,5.5060,12.4655,11.5069,13.8321
2019/6/7 0:14,108.4600,122.2040,137.6870,75.6470,71.7830,81.2080,109.3580,18.7182,7.2160,5.5064,12.4693,11.5078,13.8338
2019/6/7 0:15,108.4550,122.2000,137.6870,75.6380,71.7810,81.2050,109.3510,18.7175,7.2150,5.5065,12.4672,11.5070,13.8331
2019/6/7 0:16,108.4610,122.2010,137.6890,75.6420,71.7840,81.2090,109.3580,18.7181,7.2150,5.5043,12.4678,11.5069,13.8339
2019/6/7 0:17,108.4580,122.1950,137.6780,75.6440,71.7830,81.2080,109.3520,18.7177,7.2150,5.5052,12.4670,11.5064,13.8335
2019/6/7 0:18,108.4560,122.1930,137.6780,75.6420,71.7800,81.2060,109.3530,18.7174,7.2140,5.5039,12.4673,11.5063,13.8333
2019/6/7 0:19,108.4600,122.1970,137.6870,75.6470,71.7840,81.2080,109.3570,18.7207,7.2160,5.5042,12.4655,11.5067,13.8338
2019/6/7 0:20,108.4600,122.1980,137.6880,75.6400,71.7820,81.2090,109.3590,18.7126,7.2160,5.5039,12.4669,11.5067,13.8338
2019/6/7 0:21,108.4600,122.1980,137.6890,75.6420,71.7830,81.2120,109.3580,18.7124,7.2160,5.5039,12.4682,11.5068,13.8338
2019/6/7 0:22,108.4600,122.1990,137.6830,75.6440,71.7840,81.2130,109.3610,18.7123,7.2150,5.5038,12.4656,11.5068,13.8338
2019/6/7 0:23,108.4570,122.2030,137.6850,75.6460,71.7920,81.2120,109.3580,18.7116,7.2150,5.5038,12.4680,11.5073,13.8334
2019/6/7 0:24,108.4650,122.2120,137.6890,75.6480,71.7970,81.2190,109.3620,18.7130,7.2160,5.5041,12.4696,11.5074,13.8344
2019/6/7 0:25,108.4720,122.2180,137.6980,75.6480,71.8010,81.2230,109.3670,18.7142,7.2170,5.5045,12.4716,11.5079,13.8353
2019/6/7 0:26,108.4770,122.2170,137.6970,75.6510,71.7950,81.2280,109.3660,18.7150,7.2160,5.5047,12.4674,11.5081,13.8359
2019/6/7 0:27,108.4720,122.2120,137.6950,75.6450,71.7910,81.2290,109.3590,18.7161,7.2150,5.5044,12.4679,11.5077,13.8353
2019/6/7 0:28,108.4730,122.2150,137.7000,75.6470,71.7930,81.2360,109.3600,18.7157,7.2170,5.5045,12.4673,11.5078,13.8354
2019/6/7 0:29,108.4720,122.2180,137.7030,75.6420,71.7900,81.2360,109.3600,18.7155,7.2160,5.5047,12.4706,11.5081,13.8353
2019/6/7 0:30,108.4730,122.2190,137.7070,75.6400,71.7900,81.2370,109.3630,18.7153,7.2170,5.5046,12.4707,11.5081,13.8354
2019/6/7 0:31,108.4770,122.2240,137.7030,75.6420,71.7920,81.2430,109.3640,18.7157,7.2170,5.5053,12.4704,11.5108,13.8359
2019/6/7 0:32,108.4730,122.2200,137.6990,75.6330,71.7900,81.2360,109.3620,18.7149,7.2160,5.5052,12.4701,11.5017,13.8354
2019/6/7 0:33,108.4740,122.2160,137.7010,75.6410,71.7900,81.2350,109.3610,18.7148,7.2170,5.5051,12.4700,11.5088,13.8355
2019/6/7 0:34,108.4750,122.2220,137.6910,75.6310,71.7890,81.2350,109.3630,18.7148,7.2170,5.5053,12.4694,11.5090,13.8357
2019/6/7 0:35,108.4710,122.2170,137.6850,75.6270,71.7880,81.2300,109.3580,18.7168,7.2160,5.5055,12.4689,11.5066,13.8352
2019/6/7 0:36,108.4600,122.2020,137.6740,75.6260,71.7830,81.2210,109.3470,18.7136,7.2150,5.5049,12.4672,11.5063,13.8334
2019/6/7 0:37,108.4650,122.2160,137.6890,75.6370,71.7930,81.2410,109.3530,18.7149,7.2160,5.5057,12.4692,11.5065,13.8342
2019/6/7 0:38,108.4620,122.2130,137.6920,75.6340,71.7890,81.2400,109.3490,18.7092,7.2160,5.5055,12.4689,11.5073,13.8339
2019/6/7 0:39,108.4630,122.2160,137.6850,75.6350,71.7830,81.2410,109.3490,18.7098,7.2160,5.5056,12.4704,11.5065,13.8340
2019/6/7 0:40,108.4660,122.2200,137.6950,75.6360,71.7850,81.2450,109.3520,18.7022,7.2160,5.5070,12.4712,11.5100,13.8345
2019/6/7 0:41,108.4650,122.2230,137.6940,75.6370,71.7840,81.2520,109.3510,18.7027,7.2160,5.5069,12.4701,11.5091,13.8344
2019/6/7 0:42,108.4640,122.2190,137.6910,75.6350,71.7840,81.2500,109.3510,18.7023,7.2160,5.5069,12.4708,11.5097,13.8343
2019/6/7 0:43,108.4650,122.2220,137.6940,75.6360,71.7830,81.2510,109.3490,18.7030,7.2160,5.5079,12.4709,11.5082,13.8344
2019/6/7 0:44,108.4650,122.2230,137.6930,75.6370,71.7830,81.2450,109.3510,18.7023,7.2150,5.5076,12.4715,11.5100,13.8344
2019/6/7 0:45,108.4650,122.2220,137.6900,75.6240,71.7810,81.2400,109.3450,18.7012,7.2160,5.5069,12.4671,11.5051,13.8344
2019/6/7 0:46,108.4770,122.2290,137.7060,75.6370,71.7920,81.2500,109.3560,18.7041,7.2170,5.5078,12.4680,11.5081,13.8360
2019/6/7 0:47,108.4710,122.2230,137.6970,75.6300,71.7860,81.2440,109.3500,18.6963,7.2160,5.5077,12.4674,11.5072,13.8352
2019/6/7 0:48,108.4710,122.2240,137.6970,75.6280,71.7880,81.2460,109.3470,18.6967,7.2160,5.5081,12.4664,11.5069,13.8352
2019/6/7 0:49,108.4580,122.2130,137.6840,75.6190,71.7780,81.2340,109.3440,18.6960,7.2150,5.5073,12.4654,11.5059,13.8335
2019/6/7 0:50,108.4610,122.2150,137.6860,75.6220,71.7810,81.2370,109.3440,18.6959,7.2150,5.5079,12.4656,11.5062,13.8339
2019/6/7 0:51,108.4610,122.2170,137.6980,75.6200,71.7800,81.2380,109.3440,18.6958,7.2150,5.5069,12.4655,11.5026,13.8339
2019/6/7 0:52,108.4670,122.2180,137.7070,75.6270,71.7850,81.2410,109.3480,18.6974,7.2160,5.5073,12.4659,11.5073,13.8347
2019/6/7 0:53,108.4640,122.2150,137.7110,75.6240,71.7840,81.2390,109.3520,18.6970,7.2150,5.5072,12.4659,11.5076,13.8343
2019/6/7 0:54,108.4610,122.2050,137.6950,75.6110,71.7790,81.2300,109.3460,18.6959,7.2140,5.5067,12.4649,11.5063,13.8339
2019/6/7 0:55,108.4660,122.2090,137.7010,75.6150,71.7840,81.2370,109.3530,18.6965,7.2160,5.5070,12.4652,11.5052,13.8346
2019/6/7 0:56,108.4660,122.2100,137.7040,75.6180,71.7850,81.2350,109.3540,18.6943,7.2150,5.5071,12.4651,11.5064,13.8346
2019/6/7 0:57,108.4620,122.2040,137.6980,75.6110,71.7800,81.2340,109.3470,18.6962,7.2150,5.5069,12.4650,11.5083,13.8343
2019/6/7 0:58,108.4660,122.2040,137.7020,75.6130,71.7830,81.2370,109.3470,18.6968,7.2140,5.5070,12.4647,11.5069,13.8351
2019/6/7 0:59,108.4690,122.2110,137.7050,75.6180,71.7790,81.2390,109.3540,18.6901,7.2160,5.5047,12.4655,11.5078,13.8352
2019/6/7 1:00,108.4660,122.2060,137.7030,75.6180,71.7750,81.2400,109.3510,18.6925,7.2140,5.5052,12.4648,11.5035,13.8353
2019/6/7 1:01,108.4690,122.2140,137.7110,75.6170,71.7750,81.2430,109.3570,18.6915,7.2150,5.5055,12.4655,11.5040,13.8358
2019/6/7 1:02,108.4720,122.2150,137.7120,75.6180,71.7770,81.2440,109.3570,18.6900,7.2160,5.5063,12.4661,11.5058,13.8363
2019/6/7 1:03,108.4720,122.2150,137.7170,75.6190,71.7760,81.2500,109.3590,18.6931,7.2150,5.5062,12.4660,11.5064,13.8363
2019/6/7 1:04,108.4690,122.2120,137.7160,75.6170,71.7750,81.2470,109.3550,18.6921,7.2150,5.5061,12.4657,11.5060,13.8359
2019/6/7 1:05,108.4670,122.2110,137.7140,75.6150,71.7850,81.2460,109.3550,18.6702,7.2150,5.5064,12.4694,11.5061,13.8356
2019/6/7 1:06,108.4710,122.2150,137.7180,75.6170,71.7870,81.2500,109.3540,18.6758,7.2160,5.5066,12.4696,11.5063,13.8357
2019/6/7 1:07,108.4750,122.2200,137.7230,75.6210,71.7900,81.2530,109.3590,18.6744,7.2140,5.5068,12.4704,11.5059,13.8363
2019/6/7 1:08,108.4760,122.2210,137.7250,75.6220,71.7910,81.2540,109.3560,18.6749,7.2140,5.5072,12.4703,11.5066,13.8364
2019/6/7 1:09,108.4830,122.2240,137.7340,75.6270,71.7860,81.2530,109.3500,18.6565,7.2140,5.5071,12.4707,11.5069,13.8373
2019/6/7 1:10,108.4830,122.2280,137.7350,75.6270,71.7940,81.2530,109.3610,18.6535,7.2150,5.5070,12.4713,11.5072,13.8374
2019/6/7 1:11,108.4780,122.2220,137.7270,75.6240,71.7900,81.2490,109.3560,18.6513,7.2130,5.5068,12.4707,11.5069,13.8366
2019/6/7 1:12,108.4780,122.2230,137.7180,75.6210,71.7910,81.2510,109.3550,18.6080,7.2140,5.5068,12.4709,11.5070,13.8367
2019/6/7 1:13,108.4650,122.2030,137.6980,75.6040,71.7740,81.2390,109.3440,18.6251,7.2120,5.5062,12.4685,11.5054,13.8351
2019/6/7 1:14,108.4670,122.1990,137.7020,75.6090,71.7730,81.2410,109.3450,18.5947,7.2120,5.5062,12.4686,11.5054,13.8353
2019/6/7 1:15,108.4590,122.1910,137.6930,75.6000,71.7680,81.2350,109.3420,18.5876,7.2120,5.5058,12.4673,11.5050,13.8343
2019/6/7 1:16,108.4590,122.1900,137.6920,75.6010,71.7670,81.2350,109.3420,18.5836,7.2120,5.5057,12.4677,11.5035,13.8342
2019/6/7 1:17,108.4560,122.1900,137.6860,75.5990,71.7690,81.2320,109.3520,18.5677,7.2130,5.5043,12.4678,11.5043,13.8338
2019/6/7 1:18,108.4470,122.1820,137.6800,75.5930,71.7610,81.2260,109.3450,18.5688,7.2120,5.5036,12.4673,11.5026,13.8328
2019/6/7 1:19,108.4500,122.1800,137.6790,75.5920,71.7630,81.2290,109.3450,18.5705,7.2050,5.5039,12.4666,11.5013,13.8331
2019/6/7 1:20,108.4460,122.1780,137.6730,75.5880,71.7610,81.2260,109.3450,18.5675,7.2030,5.5015,12.4646,11.5015,13.8326
2019/6/7 1:21,108.4310,122.1640,137.6590,75.5830,71.7630,81.2160,109.3340,18.5802,7.2020,5.5004,12.4634,11.5004,13.8307
2019/6/7 1:22,108.4210,122.1470,137.6420,75.5760,71.7580,81.2120,109.3280,18.5894,7.2020,5.5013,12.4617,11.4979,13.8294
2019/6/7 1:23,108.4250,122.1480,137.6350,75.5770,71.7600,81.2150,109.3290,18.5920,7.2020,5.5002,12.4619,11.4981,13.8299
2019/6/7 1:24,108.4250,122.1380,137.6380,75.5710,71.7550,81.2160,109.3210,18.5953,7.2010,5.4991,12.4609,11.4969,13.8299
2019/6/7 1:25,108.4160,122.1330,137.6300,75.5680,71.7550,81.2100,109.3170,18.5932,7.2010,5.5002,12.4601,11.4965,13.8288
2019/6/7 1:26,108.4150,122.1300,137.6270,75.5620,71.7510,81.2060,109.3160,18.5943,7.2000,5.4997,12.4605,11.4966,13.8287
2019/6/7 1:27,108.4150,122.1330,137.6310,75.5630,71.7520,81.2070,109.3210,18.6080,7.2020,5.5002,12.4632,11.4967,13.8285
2019/6/7 1:28,108.4160,122.1280,137.6260,75.5630,71.7490,81.2090,109.3190,18.6070,7.1990,5.5003,12.4637,11.4966,13.8286
2019/6/7 1:29,108.4330,122.1470,137.6450,75.5730,71.7600,81.2160,109.3300,18.6109,7.2000,5.5013,12.4663,11.4984,13.8308
2019/6/7 1:30,108.4350,122.1470,137.6490,75.5710,71.7620,81.2160,109.3300,18.6104,7.2010,5.4989,12.4660,11.4973,13.8308
2019/6/7 1:31,108.4330,122.1430,137.6480,75.5700,71.7610,81.2160,109.3260,18.6106,7.2010,5.5000,12.4655,11.4977,13.8306
2019/6/7 1:32,108.4370,122.1480,137.6520,75.5770,71.7640,81.2190,109.3330,18.6095,7.2010,5.5002,12.4658,11.4979,13.8311
2019/6/7 1:33,108.4370,122.1470,137.6560,75.5790,71.7680,81.2180,109.3350,18.6096,7.2010,5.5004,12.4652,11.4977,13.8311
2019/6/7 1:34,108.4380,122.1480,137.6570,75.5790,71.7680,81.2140,109.3350,18.6082,7.2000,5.4977,12.4644,11.4981,13.8312
2019/6/7 1:35,108.4390,122.1490,137.6540,75.5790,71.7650,81.2140,109.3360,18.6076,7.2000,5.4984,12.4645,11.4982,13.8313
2019/6/7 1:36,108.4400,122.1520,137.6570,75.5780,71.7660,81.2140,109.3360,18.6076,7.1990,5.4984,12.4648,11.4978,13.8316
2019/6/7 1:37,108.4340,122.1470,137.6500,75.5740,71.7650,81.2050,109.3330,18.6048,7.1990,5.4981,12.4648,11.4968,13.8308
2019/6/7 1:38,108.4290,122.1420,137.6450,75.5720,71.7590,81.2020,109.3290,18.6044,7.2000,5.4978,12.4638,11.4970,13.8302
2019/6/7 1:39,108.4250,122.1360,137.6370,75.5670,71.7550,81.2030,109.3250,18.6025,7.2000,5.4965,12.4598,11.4987,13.8296
2019/6/7 1:40,108.4180,122.1320,137.6330,75.5620,71.7550,81.1980,109.3260,18.6035,7.1990,5.4954,12.4660,11.4982,13.8288
2019/6/7 1:41,108.4170,122.1320,137.6290,75.5630,71.7570,81.1970,109.3250,18.6036,7.1990,5.4951,12.4664,11.4983,13.8286
2019/6/7 1:42,108.4260,122.1410,137.6390,75.5710,71.7610,81.2040,109.3340,18.6053,7.2000,5.4958,12.4674,11.4992,13.8298
2019/6/7 1:43,108.4230,122.1350,137.6350,75.5690,71.7590,81.2020,109.3300,18.6039,7.2000,5.4972,12.4667,11.4990,13.8294
2019/6/7 1:44,108.4260,122.1280,137.6380,75.5700,71.7570,81.2040,109.3250,18.6028,7.2000,5.4972,12.4638,11.4984,13.8298
2019/6/7 1:45,108.4260,122.1330,137.6390,75.5690,71.7600,81.2030,109.3240,18.6093,7.1940,5.4972,12.4650,11.4987,13.8298
2019/6/7 1:46,108.4320,122.1400,137.6490,75.5800,71.7680,81.2080,109.3290,18.6094,7.1970,5.4975,12.4672,11.4994,13.8305
2019/6/7 1:47,108.4320,122.1390,137.6480,75.5800,71.7730,81.2080,109.3290,18.6087,7.1960,5.4975,12.4671,11.4994,13.8305
2019/6/7 1:48,108.4380,122.1430,137.6560,75.5790,71.7770,81.2130,109.3250,18.6101,7.1990,5.4978,12.4665,11.4997,13.8313
2019/6/7 1:49,108.4360,122.1450,137.6670,75.5840,71.7760,81.2100,109.3240,18.6145,7.1980,5.4980,12.4656,11.4997,13.8311
2019/6/7 1:50,108.4320,122.1410,137.6680,75.5810,71.7760,81.2030,109.3210,18.6037,7.1970,5.4977,12.4675,11.4992,13.8305
2019/6/7 1:51,108.4330,122.1430,137.6720,75.5760,71.7770,81.1980,109.3200,18.6122,7.1980,5.4976,12.4657,11.4992,13.8309
2019/6/7 1:52,108.4320,122.1420,137.6700,75.5810,71.7750,81.1970,109.3180,18.6119,7.1980,5.4962,12.4659,11.4990,13.8308
2019/6/7 1:53,108.4210,122.1390,137.6550,75.5860,71.7770,81.1890,109.3170,18.6016,7.1970,5.4960,12.4630,11.4988,13.8294
2019/6/7 1:54,108.4250,122.1400,137.6640,75.5810,71.7720,81.1910,109.3150,18.5997,7.1980,5.4959,12.4637,11.4971,13.8299
2019/6/7 1:55,108.4280,122.1380,137.6600,75.5720,71.7680,81.1930,109.3020,18.6052,7.1980,5.4961,12.4624,11.4993,13.8302
2019/6/7 1:56,108.4370,122.1450,137.6650,75.5800,71.7760,81.2010,109.2920,18.6062,7.1970,5.4967,12.4624,11.4997,13.8314
2019/6/7 1:57,108.4430,122.1460,137.6730,75.5820,71.7810,81.2060,109.2930,18.6129,7.1990,5.4969,12.4669,11.5000,13.8300
2019/6/7 1:58,108.4400,122.1460,137.6690,75.5810,71.7820,81.2030,109.2950,18.6043,7.1980,5.4967,12.4685,11.4999,13.8296
2019/6/7 1:59,108.4420,122.1510,137.6710,75.5800,71.7800,81.2030,109.3060,18.6101,7.1980,5.4969,12.4703,11.4996,13.8296
2019/6/7 2:00,108.4350,122.1250,137.6510,75.5660,71.7670,81.1880,109.2980,18.6060,7.2000,5.4978,12.4711,11.4963,13.8287
2019/6/7 2:01,108.4390,122.1310,137.6540,75.5690,71.7670,81.1860,109.2950,18.6044,7.2000,5.4980,12.4671,11.4960,13.8291
2019/6/7 2:02,108.4440,122.1350,137.6610,75.5810,71.7810,81.1890,109.3010,18.6064,7.2020,5.4975,12.4691,11.4971,13.8301
2019/6/7 2:03,108.4430,122.1300,137.6580,75.5730,71.7720,81.1780,109.2970,18.6065,7.2010,5.4970,12.4671,11.4962,13.8299
2019/6/7 2:04,108.4510,122.1500,137.6820,75.5890,71.7880,81.1890,109.3030,18.5992,7.2020,5.4980,12.4691,11.4990,13.8309
2019/6/7 2:05,108.4460,122.1550,137.6780,75.5860,71.7930,81.1860,109.3050,18.6031,7.2010,5.4982,12.4697,11.5039,13.8303
2019/6/7 2:06,108.4320,122.1440,137.6730,75.5770,71.7790,81.1730,109.2980,18.6059,7.1990,5.4976,12.4684,11.5019,13.8286
2019/6/7 2:07,108.4390,122.1570,137.6920,75.5810,71.7830,81.1750,109.3000,18.6067,7.1990,5.4979,12.4691,11.5032,13.8300
2019/6/7 2:08,108.4200,122.1320,137.6640,75.5610,71.7760,81.1530,109.2930,18.5946,7.1960,5.4952,12.4650,11.4979,13.8275
2019/6/7 2:09,108.4170,122.1280,137.6590,75.5600,71.7670,81.1500,109.2920,18.5938,7.1980,5.4946,12.4650,11.5000,13.8271
2019/6/7 2:10,108.4170,122.1230,137.6250,75.5650,71.7670,81.1530,109.2810,18.5892,7.1960,5.4949,12.4648,11.4991,13.8271
2019/6/7 2:11,108.4130,122.1180,137.6200,75.5630,71.7650,81.1520,109.2690,18.5883,7.1970,5.4944,12.4641,11.4962,13.8266
2019/6/7 2:12,108.4050,122.1060,137.6060,75.5570,71.7670,81.1430,109.2600,18.5788,7.1920,5.4919,12.4632,11.4966,13.8256
2019/6/7 2:13,108.4160,122.1090,137.6500,75.5590,71.7680,81.1530,109.2660,18.5728,7.1940,5.4924,12.4647,11.4960,13.8270
2019/6/7 2:14,108.4240,122.1230,137.6700,75.5710,71.7840,81.1600,109.2680,18.5812,7.1960,5.4951,12.4657,11.4983,13.8283
2019/6/7 2:15,108.4170,122.1220,137.6690,75.5760,71.7890,81.1610,109.2790,18.5801,7.1990,5.4957,12.4653,11.4980,13.8271
2019/6/7 2:16,108.4250,122.1260,137.6850,75.5820,71.7950,81.1690,109.2790,18.5780,7.1990,5.4963,12.4658,11.4984,13.8281
2019/6/7 2:17,108.4320,122.1390,137.7160,75.5880,71.8000,81.1720,109.2870,18.5687,7.2000,5.4966,12.4659,11.4997,13.8290
2019/6/7 2:18,108.4280,122.1410,137.7110,75.5850,71.7980,81.1690,109.2820,18.5579,7.1990,5.4964,12.4661,11.4994,13.8285
2019/6/7 2:19,108.4220,122.1380,137.7220,75.5890,71.8000,81.1690,109.2800,18.5585,7.1970,5.4961,12.4665,11.4994,13.8282
2019/6/7 2:20,108.4200,122.1370,137.7530,75.5890,71.8030,81.1680,109.2860,18.5575,7.1970,5.4960,12.4662,11.4994,13.8280
2019/6/7 2:21,108.4220,122.1450,137.7590,75.5890,71.8080,81.1710,109.2890,18.5600,7.1970,5.4969,12.4674,11.5003,13.8282
2019/6/7 2:22,108.4240,122.1530,137.7530,75.5910,71.8130,81.1780,109.2850,18.5556,7.1980,5.4971,12.4680,11.5009,13.8285
2019/6/7 2:23,108.4320,122.1610,137.7460,75.5930,71.8150,81.1870,109.2830,18.5509,7.1960,5.4975,12.4684,11.5009,13.8295
2019/6/7 2:24,108.4250,122.1540,137.7220,75.5880,71.8100,81.1720,109.2780,18.5394,7.1960,5.4959,12.4673,11.4997,13.8285
2019/6/7 2:25,108.4250,122.1520,137.7140,75.5890,71.8150,81.1780,109.2800,18.5297,7.1950,5.4952,12.4665,11.4988,13.8286
2019/6/7 2:26,108.4420,122.1640,137.7330,75.5970,71.8170,81.1850,109.2930,18.5434,7.1960,5.4960,12.4677,11.4997,13.8308
2019/6/7 2:27,108.4430,122.1610,137.7430,75.5930,71.8180,81.1800,109.2860,18.5493,7.1940,5.4961,12.4680,11.4999,13.8309
2019/6/7 2:28,108.4410,122.1620,137.7450,75.5920,71.8160,81.1780,109.2720,18.5530,7.1920,5.4960,12.4691,11.5001,13.8307
2019/6/7 2:29,108.4560,122.1760,137.7650,75.6030,71.8200,81.1890,109.2550,18.5601,7.1940,5.4967,12.4701,11.4999,13.8335
2019/6/7 2:30,108.4670,122.1550,137.7410,75.6000,71.8120,81.1900,109.2630,18.5474,7.1900,5.4973,12.4686,11.4981,13.8354
2019/6/7 2:31,108.4900,122.1660,137.7310,75.6070,71.8180,81.2030,109.2780,18.5553,7.1920,5.4980,12.4696,11.4976,13.8383
2019/6/7 2:32,108.4800,122.1380,137.7230,75.5960,71.8090,81.1910,109.2620,18.5376,7.1890,5.4958,12.4667,11.4971,13.8370
2019/6/7 2:33,108.4770,122.1490,137.7050,75.5960,71.8130,81.1900,109.2630,18.5273,7.1880,5.4947,12.4668,11.4978,13.8366
2019/6/7 2:34,108.4670,122.1450,137.7010,75.5950,71.8070,81.1760,109.2540,18.5334,7.1870,5.4934,12.4676,11.4972,13.8354
2019/6/7 2:35,108.4640,122.1620,137.7250,75.6070,71.8170,81.1830,109.2640,18.5093,7.1850,5.4933,12.4689,11.4999,13.8350
2019/6/7 2:36,108.4560,122.1370,137.7040,75.6080,71.8180,81.1720,109.2330,18.5096,7.1870,5.4930,12.4669,11.4984,13.8340
2019/6/7 2:37,108.4570,122.1400,137.7090,75.6090,71.8160,81.1730,109.2430,18.4979,7.1820,5.4932,12.4675,11.4986,13.8351
2019/6/7 2:38,108.4680,122.1490,137.7060,75.6150,71.8100,81.1820,109.2360,18.4974,7.1800,5.4937,12.4683,11.4993,13.8359
2019/6/7 2:39,108.4720,122.1660,137.7120,75.6210,71.8090,81.1980,109.2040,18.4943,7.1790,5.4933,12.4695,11.5000,13.8364
2019/6/7 2:40,108.4770,122.1750,137.7470,75.6360,71.8300,81.2070,109.1970,18.5073,7.1790,5.4943,12.4704,11.5013,13.8372
2019/6/7 2:41,108.4820,122.1810,137.7900,75.6360,71.8320,81.2070,109.2030,18.5029,7.1780,5.4944,12.4701,11.5004,13.8378
2019/6/7 2:42,108.4880,122.1870,137.7930,75.6440,71.8380,81.2150,109.1860,18.5029,7.1790,5.4950,12.4724,11.5010,13.8383
2019/6/7 2:43,108.4840,122.1940,137.7960,75.6480,71.8380,81.2110,109.1960,18.5017,7.1790,5.4953,12.4716,11.5017,13.8378
2019/6/7 2:44,108.4800,122.1600,137.7670,75.6380,71.8300,81.2020,109.1610,18.5090,7.1760,5.4936,12.4689,11.4977,13.8373
2019/6/7 2:45,108.4850,122.1810,137.7770,75.6380,71.8240,81.2000,109.1890,18.4942,7.1750,5.4911,12.4698,11.5001,13.8379
2019/6/7 2:46,108.4880,122.1650,137.7640,75.6340,71.8210,81.2020,109.1780,18.4962,7.1750,5.4914,12.4691,11.5005,13.8383
2019/6/7 2:47,108.4820,122.1580,137.8110,75.6340,71.8260,81.1920,109.1720,18.5125,7.1750,5.4920,12.4677,11.5002,13.8375
2019/6/7 2:48,108.4730,122.1340,137.7640,75.6190,71.8150,81.1810,109.1560,18.5154,7.1700,5.4903,12.4651,11.4971,13.8366
2019/6/7 2:49,108.4740,122.1550,137.7880,75.6330,71.8270,81.1860,109.1660,18.5117,7.1700,5.4909,12.4674,11.4989,13.8369
2019/6/7 2:50,108.4740,122.1620,137.7760,75.6320,71.8280,81.1870,109.1680,18.5170,7.1700,5.4903,12.4676,11.4974,13.8371
2019/6/7 2:51,108.4740,122.1600,137.7660,75.6340,71.8290,81.1880,109.1710,18.5217,7.1690,5.4920,12.4674,11.4960,13.8368
2019/6/7 2:52,108.4800,122.1710,137.7770,75.6380,71.8340,81.1920,109.1840,18.5271,7.1720,5.4914,12.4686,11.4970,13.8376
2019/6/7 2:53,108.4880,122.1870,137.7940,75.6460,71.8450,81.2040,109.2140,18.5320,7.1790,5.4937,12.4702,11.4967,13.8383
2019/6/7 2:54,108.4800,122.1800,137.7800,75.6370,71.8310,81.2020,109.2270,18.5341,7.1770,5.4935,12.4694,11.4965,13.8374
2019/6/7 2:55,108.4850,122.1980,137.7920,75.6500,71.8400,81.2120,109.2330,18.5378,7.1750,5.4938,12.4716,11.4976,13.8379
2019/6/7 2:56,108.4930,122.2090,137.8270,75.6600,71.8450,81.2180,109.2230,18.5325,7.1750,5.4949,12.4707,11.4959,13.8389
2019/6/7 2:57,108.4910,122.1950,137.8150,75.6530,71.8340,81.2090,109.2130,18.5309,7.1780,5.4937,12.4691,11.4947,13.8386
2019/6/7 2:58,108.4870,122.1760,137.7930,75.6500,71.8310,81.1970,109.1660,18.5303,7.1770,5.4927,12.4631,11.4931,13.8381
2019/6/7 2:59,108.4910,122.1860,137.8090,75.6430,71.8310,81.1950,109.1670,18.5372,7.1790,5.4932,12.4643,11.4928,13.8386
2019/6/7 3:00,108.5030,122.1800,137.8330,75.6510,71.8340,81.2050,109.1950,18.5367,7.1790,5.4931,12.4667,11.4930,13.8402
2019/6/7 3:01,108.4860,122.1610,137.8000,75.6390,71.8220,81.1910,109.1880,18.5282,7.1760,5.4915,12.4636,11.4921,13.8366
2019/6/7 3:02,108.4780,122.1480,137.7590,75.6330,71.8130,81.1840,109.1700,18.5281,7.1760,5.4898,12.4616,11.4905,13.8357
2019/6/7 3:03,108.4800,122.1680,137.7690,75.6500,71.8240,81.1950,109.2030,18.5337,7.1800,5.4923,12.4636,11.4929,13.8359
2019/6/7 3:04,108.4780,122.1830,137.8110,75.6490,71.8240,81.1940,109.2000,18.5348,7.1790,5.4924,12.4648,11.4943,13.8357
2019/6/7 3:05,108.4680,122.1850,137.8070,75.6490,71.8310,81.1940,109.1770,18.5517,7.1810,5.4940,12.4650,11.4957,13.8344
2019/6/7 3:06,108.4810,122.1910,137.8250,75.6570,71.8350,81.2140,109.1830,18.5552,7.1830,5.4953,12.4673,11.4961,13.8361
2019/6/7 3:07,108.4730,122.1820,137.8080,75.6490,71.8300,81.2100,109.1750,18.5516,7.1830,5.4950,12.4667,11.4957,13.8350
2019/6/7 3:08,108.4720,122.1980,137.8260,75.6540,71.8300,81.2170,109.1750,18.5509,7.1870,5.4962,12.4670,11.4970,13.8349
2019/6/7 3:09,108.4790,122.2030,137.8250,75.6560,71.8340,81.2210,109.1710,18.5521,7.1890,5.4978,12.4677,11.4976,13.8358
2019/6/7 3:10,108.4800,122.2020,137.8230,75.6570,71.8350,81.2200,109.1690,18.5481,7.1890,5.4978,12.4697,11.4966,13.8359
2019/6/7 3:11,108.4850,122.2190,137.8350,75.6640,71.8430,81.2240,109.1750,18.5661,7.1900,5.4980,12.4708,11.4980,13.8365
2019/6/7 3:12,108.4850,122.2040,137.8130,75.6600,71.8390,81.2220,109.1530,18.5577,7.1870,5.4967,12.4692,11.4966,13.8365
2019/6/7 3:13,108.4790,122.2140,137.8070,75.6610,71.8460,81.2330,109.1600,18.5592,7.1860,5.4946,12.4700,11.4954,13.8357
2019/6/7 3:14,108.4710,122.2180,137.8020,75.6650,71.8520,81.2320,109.1640,18.5570,7.1850,5.4946,12.4699,11.4951,13.8347
2019/6/7 3:15,108.4790,122.2290,137.7950,75.6790,71.8580,81.2400,109.1740,18.5629,7.1870,5.4950,12.4724,11.4972,13.8358
2019/6/7 3:16,108.4610,122.2230,137.7980,75.6690,71.8560,81.2280,109.1730,18.5615,7.1860,5.4941,12.4701,11.4959,13.8335
2019/6/7 3:17,108.4620,122.2210,137.7760,75.6660,71.8530,81.2320,109.1770,18.5618,7.1910,5.4942,12.4693,11.4953,13.8337
2019/6/7 3:18,108.4590,122.2250,137.8010,75.6700,71.8550,81.2320,109.1600,18.5687,7.1940,5.4982,12.4702,11.4944,13.8333
2019/6/7 3:19,108.4500,122.2190,137.8240,75.6720,71.8530,81.2240,109.1540,18.5663,7.1960,5.4978,12.4700,11.4940,13.8321
2019/6/7 3:20,108.4580,122.2160,137.8310,75.6570,71.8430,81.2240,109.1540,18.5542,7.1920,5.4958,12.4675,11.4928,13.8332
2019/6/7 3:21,108.4580,122.2230,137.8600,75.6600,71.8420,81.2300,109.1690,18.5496,7.1900,5.4966,12.4680,11.4935,13.8332
2019/6/7 3:22,108.4500,122.2110,137.8370,75.6460,71.8320,81.2190,109.1630,18.5445,7.1900,5.4957,12.4666,11.4933,13.8321
2019/6/7 3:23,108.4620,122.2300,137.8900,75.6630,71.8400,81.2250,109.1780,18.5473,7.1950,5.4970,12.4685,11.4954,13.8337
2019/6/7 3:24,108.4640,122.2210,137.8680,75.6620,71.8300,81.2260,109.1820,18.5581,7.1970,5.4972,12.4674,11.4942,13.8339
2019/6/7 3:25,108.4520,122.2150,137.8190,75.6500,71.8210,81.2140,109.1940,18.5449,7.1960,5.4951,12.4665,11.4925,13.8324
2019/6/7 3:26,108.4540,122.2180,137.8590,75.6520,71.8220,81.2210,109.1880,18.5450,7.1950,5.4954,12.4664,11.4923,13.8326
2019/6/7 3:27,108.4440,122.2120,137.8460,75.6480,71.8220,81.2080,109.1810,18.5511,7.1950,5.4949,12.4658,11.4915,13.8314
2019/6/7 3:28,108.4330,122.1900,137.8550,75.6440,71.8170,81.2000,109.1710,18.5435,7.1950,5.4945,12.4639,11.4887,13.8300
2019/6/7 3:29,108.4450,122.1800,137.8800,75.6450,71.8100,81.1990,109.1680,18.5432,7.1940,5.4949,12.4630,11.4876,13.8314
2019/6/7 3:30,108.4590,122.1980,137.8860,75.6580,71.8170,81.2140,109.1770,18.5466,7.1920,5.4956,12.4657,11.4893,13.8332
2019/6/7 3:31,108.4600,122.2170,137.8860,75.6540,71.8150,81.2190,109.1840,18.5431,7.1900,5.4944,12.4666,11.4909,13.8334
2019/6/7 3:32,108.4630,122.2280,137.9060,75.6670,71.8260,81.2220,109.2010,18.5461,7.1870,5.4929,12.4693,11.4918,13.8337
2019/6/7 3:33,108.4580,122.2110,137.9090,75.6580,71.8160,81.2180,109.1940,18.5453,7.1860,5.4926,12.4684,11.4904,13.8331
2019/6/7 3:34,108.4680,122.2090,137.9290,75.6610,71.8280,81.2230,109.1920,18.5471,7.1870,5.4928,12.4710,11.4908,13.8344
2019/6/7 3:35,108.4760,122.2140,137.9080,75.6660,71.8260,81.2290,109.2100,18.5462,7.1830,5.4925,12.4716,11.4907,13.8354
2019/6/7 3:36,108.4740,122.2060,137.9140,75.6660,71.8240,81.2320,109.2100,18.5488,7.1880,5.4932,12.4709,11.4895,13.8351
2019/6/7 3:37,108.4790,122.2060,137.9220,75.6690,71.8270,81.2410,109.2110,18.5497,7.1890,5.4944,12.4741,11.4910,13.8358
2019/6/7 3:38,108.4840,122.1900,137.9130,75.6590,71.8170,81.2380,109.1760,18.5459,7.1890,5.4940,12.4716,11.4893,13.8364
2019/6/7 3:39,108.4800,122.2180,137.9900,75.6730,71.8260,81.2460,109.1790,18.5433,7.1930,5.4966,12.4748,11.4924,13.8358
2019/6/7 3:40,108.4740,122.2130,137.9790,75.6650,71.8120,81.2420,109.1780,18.5474,7.1920,5.4964,12.4742,11.4921,13.8345
2019/6/7 3:41,108.4730,122.2110,137.9650,75.6570,71.8100,81.2410,109.1760,18.5457,7.1910,5.4941,12.4765,11.4920,13.8344
2019/6/7 3:42,108.4660,122.1990,137.9600,75.6470,71.8070,81.2350,109.1660,18.5473,7.1890,5.4937,12.4731,11.4892,13.8336
2019/6/7 3:43,108.4370,122.1890,137.9220,75.6330,71.7990,81.2140,109.1570,18.5426,7.1870,5.4913,12.4709,11.4856,13.8299
2019/6/7 3:44,108.4510,122.2050,137.9240,75.6400,71.8050,81.2310,109.1720,18.5392,7.1860,5.4890,12.4724,11.4845,13.8316
2019/6/7 3:45,108.4570,122.2020,137.9170,75.6410,71.8120,81.2340,109.1650,18.5404,7.1860,5.4894,12.4718,11.4883,13.8324
2019/6/7 3:46,108.4610,122.2040,137.9410,75.6530,71.8220,81.2510,109.1670,18.5408,7.1860,5.4888,12.4736,11.4869,13.8329
2019/6/7 3:47,108.4690,122.2070,137.9520,75.6550,71.8200,81.2600,109.1630,18.5252,7.1840,5.4893,12.4735,11.4863,13.8337
2019/6/7 3:48,108.4630,122.2080,137.9540,75.6470,71.8170,81.2580,109.1770,18.5218,7.1800,5.4885,12.4739,11.4859,13.8330
2019/6/7 3:49,108.4630,122.2040,137.9680,75.6460,71.8170,81.2500,109.1740,18.5201,7.1760,5.4871,12.4734,11.4852,13.8330
2019/6/7 3:50,108.4610,122.2010,137.9660,75.6440,71.8150,81.2560,109.1750,18.5116,7.1740,5.4875,12.4742,11.4863,13.8327
2019/6/7 3:51,108.4630,122.1970,137.9680,75.6400,71.8160,81.2550,109.1820,18.5142,7.1730,5.4859,12.4732,11.4863,13.8330
2019/6/7 3:52,108.4670,122.2000,137.9480,75.6480,71.8180,81.2640,109.1820,18.5143,7.1730,5.4879,12.4738,11.4846,13.8335
2019/6/7 3:53,108.4660,122.1800,137.9360,75.6370,71.8110,81.2580,109.1790,18.5136,7.1710,5.4858,12.4694,11.4828,13.8324
2019/6/7 3:54,108.4670,122.1790,137.9390,75.6400,71.8140,81.2580,109.1810,18.5122,7.1710,5.4860,12.4734,11.4849,13.8334
2019/6/7 3:55,108.4550,122.1700,137.9230,75.6380,71.8160,81.2550,109.1700,18.5104,7.1700,5.4855,12.4710,11.4824,13.8319
2019/6/7 3:56,108.4480,122.1650,137.9200,75.6290,71.8160,81.2500,109.1640,18.5051,7.1680,5.4854,12.4689,11.4808,13.8310
2019/6/7 3:57,108.4540,122.1570,137.8860,75.6280,71.8130,81.2540,109.1530,18.5014,7.1640,5.4856,12.4669,11.4785,13.8318
2019/6/7 3:58,108.4590,122.1590,137.8740,75.6290,71.8130,81.2590,109.1620,18.4923,7.1660,5.4857,12.4675,11.4782,13.8323
2019/6/7 3:59,108.4660,122.1610,137.8500,75.6350,71.8130,81.2640,109.1630,18.4973,7.1670,5.4861,12.4673,11.4772,13.8328
2019/6/7 4:00,108.4680,122.1380,137.8150,75.6260,71.8080,81.2480,109.1560,18.5044,7.1630,5.4854,12.4626,11.4726,13.8331
2019/6/7 4:01,108.4650,122.1200,137.8170,75.6000,71.7850,81.2210,109.1470,18.5001,7.1520,5.4822,12.4606,11.4693,13.8327
2019/6/7 4:02,108.4770,122.1200,137.8180,75.5940,71.7860,81.2220,109.1550,18.4969,7.1520,5.4836,12.4594,11.4708,13.8342
2019/6/7 4:03,108.4700,122.1190,137.8450,75.5980,71.7890,81.2220,109.1510,18.4933,7.1570,5.4840,12.4596,11.4698,13.8334
2019/6/7 4:04,108.4690,122.1260,137.8390,75.6070,71.8000,81.2270,109.1490,18.4936,7.1560,5.4844,12.4624,11.4732,13.8332
2019/6/7 4:05,108.4730,122.1350,137.8710,75.6180,71.8110,81.2370,109.1440,18.5068,7.1630,5.4866,12.4647,11.4762,13.8336
2019/6/7 4:06,108.4760,122.1420,137.8990,75.6210,71.8130,81.2430,109.1480,18.5075,7.1650,5.4878,12.4651,11.4750,13.8341
2019/6/7 4:07,108.4640,122.1430,137.8900,75.6230,71.8170,81.2410,109.1420,18.5069,7.1670,5.4873,12.4645,11.4728,13.8325
2019/6/7 4:08,108.4820,122.1610,137.8940,75.6370,71.8180,81.2590,109.1480,18.5124,7.1710,5.4882,12.4670,11.4748,13.8349
2019/6/7 4:09,108.4890,122.1900,137.8770,75.6410,71.8320,81.2750,109.1720,18.5148,7.1730,5.4895,12.4715,11.4782,13.8358
2019/6/7 4:10,108.4780,122.1730,137.8560,75.6260,71.8170,81.2640,109.1570,18.5133,7.1720,5.4891,12.4699,11.4765,13.8343
2019/6/7 4:11,108.4790,122.1550,137.8430,75.6210,71.8150,81.2570,109.1570,18.5188,7.1710,5.4879,12.4696,11.4756,13.8345
2019/6/7 4:12,108.4790,122.1540,137.8480,75.6220,71.8160,81.2570,109.1610,18.5106,7.1740,5.4880,12.4692,11.4753,13.8344
2019/6/7 4:13,108.4840,122.1730,137.8760,75.6320,71.8230,81.2620,109.1700,18.5146,7.1740,5.4895,12.4715,11.4747,13.8351
2019/6/7 4:14,108.4790,122.1730,137.8800,75.6320,71.8250,81.2560,109.1730,18.5324,7.1760,5.4901,12.4719,11.4755,13.8348
2019/6/7 4:15,108.4750,122.1680,137.8710,75.6260,71.8190,81.2530,109.1780,18.5210,7.1760,5.4886,12.4730,11.4748,13.8344
2019/6/7 4:16,108.4730,122.1620,137.8500,75.6210,71.8120,81.2520,109.1760,18.5130,7.1740,5.4878,12.4711,11.4744,13.8341
2019/6/7 4:17,108.4720,122.1730,137.8430,75.6220,71.8110,81.2580,109.1800,18.5070,7.1710,5.4888,12.4721,11.4753,13.8335
2019/6/7 4:18,108.4760,122.1800,137.8290,75.6220,71.8140,81.2530,109.1590,18.5070,7.1710,5.4880,12.4712,11.4760,13.8341
2019/6/7 4:19,108.4910,122.1970,137.8400,75.6330,71.8240,81.2650,109.1650,18.5097,7.1770,5.4897,12.4712,11.4772,13.8362
2019/6/7 4:20,108.5000,122.1880,137.8400,75.6280,71.8210,81.2630,109.1520,18.5063,7.1800,5.4889,12.4713,11.4764,13.8374
2019/6/7 4:21,108.4870,122.1770,137.8420,75.6180,71.8130,81.2510,109.1480,18.4976,7.1730,5.4872,12.4702,11.4752,13.8358
2019/6/7 4:22,108.4900,122.1680,137.8520,75.6210,71.8110,81.2430,109.1330,18.4979,7.1670,5.4866,12.4702,11.4748,13.8362
2019/6/7 4:23,108.4900,122.1770,137.8480,75.6200,71.8120,81.2430,109.1330,18.4965,7.1700,5.4849,12.4688,11.4753,13.8361
2019/6/7 4:24,108.4980,122.1800,137.8310,75.6140,71.8110,81.2510,109.1500,18.4973,7.1700,5.4853,12.4667,11.4746,13.8371
2019/6/7 4:25,108.4930,122.1630,137.8400,75.6060,71.8050,81.2440,109.1420,18.4964,7.1690,5.4850,12.4653,11.4740,13.8365
2019/6/7 4:26,108.4990,122.1790,137.8490,75.6140,71.8130,81.2460,109.1600,18.4947,7.1700,5.4855,12.4667,11.4753,13.8371
2019/6/7 4:27,108.4950,122.1680,137.8430,75.6120,71.8160,81.2440,109.1500,18.4921,7.1680,5.4851,12.4660,11.4737,13.8368
2019/6/7 4:28,108.4940,122.1890,137.8880,75.6240,71.8280,81.2450,109.1520,18.5076,7.1750,5.4885,12.4682,11.4760,13.8364
2019/6/7 4:29,108.4930,122.1900,137.8920,75.6240,71.8270,81.2450,109.1500,18.5100,7.1730,5.4885,12.4697,11.4779,13.8363
2019/6/7 4:30,108.4830,122.1780,137.8730,75.6090,71.8220,81.2350,109.1440,18.5013,7.1710,5.4869,12.4683,11.4769,13.8352
2019/6/7 4:31,108.4830,122.1810,137.8810,75.6090,71.8250,81.2370,109.1420,18.4984,7.1700,5.4872,12.4693,11.4751,13.8350
2019/6/7 4:32,108.4820,122.1790,137.8800,75.6120,71.8200,81.2310,109.1390,18.4955,7.1700,5.4870,12.4690,11.4766,13.8349
2019/6/7 4:33,108.4820,122.1830,137.8840,75.6180,71.8280,81.2310,109.1520,18.4906,7.1710,5.4883,12.4719,11.4781,13.8347
2019/6/7 4:34,108.4750,122.1930,137.8960,75.6200,71.8280,81.2320,109.1560,18.4892,7.1720,5.4878,12.4745,11.4779,13.8339
2019/6/7 4:35,108.4780,122.1890,137.8860,75.6120,71.8290,81.2310,109.1590,18.4896,7.1720,5.4879,12.4743,11.4780,13.8342
2019/6/7 4:36,108.4950,122.1920,137.8990,75.6010,71.8240,81.2300,109.1530,18.4934,7.1680,5.4866,12.4725,11.4773,13.8364
2019/6/7 4:37,108.4920,122.1730,137.8830,75.5930,71.8200,81.2280,109.1400,18.4944,7.1670,5.4863,12.4710,11.4768,13.8361
2019/6/7 4:38,108.4840,122.1710,137.8740,75.5870,71.8170,81.2210,109.1290,18.4930,7.1670,5.4862,12.4709,11.4768,13.8350
2019/6/7 4:39,108.4870,122.1730,137.8880,75.5960,71.8280,81.2260,109.1320,18.4939,7.1680,5.4864,12.4719,11.4768,13.8346
2019/6/7 4:40,108.4860,122.1950,137.9120,75.6050,71.8380,81.2290,109.1370,18.4969,7.1730,5.4883,12.4741,11.4798,13.8346
2019/6/7 4:41,108.4800,122.2040,137.9050,75.6000,71.8300,81.2250,109.1430,18.4956,7.1700,5.4880,12.4746,11.4809,13.8338
2019/6/7 4:42,108.4730,122.1990,137.8900,75.5960,71.8280,81.2190,109.1300,18.4947,7.1690,5.4876,12.4744,11.4805,13.8330
2019/6/7 4:43,108.4780,122.2060,137.8960,75.5980,71.8320,81.2230,109.1370,18.4948,7.1700,5.4878,12.4753,11.4822,13.8335
2019/6/7 4:44,108.4780,122.2160,137.9190,75.6040,71.8350,81.2250,109.1410,18.5011,7.1720,5.4881,12.4773,11.4836,13.8335
2019/6/7 4:45,108.4790,122.2180,137.9230,75.6060,71.8430,81.2240,109.1490,18.5019,7.1730,5.4881,12.4778,11.4840,13.8337
2019/6/7 4:46,108.4750,122.2240,137.9210,75.6080,71.8440,81.2280,109.1570,18.5002,7.1740,5.4880,12.4784,11.4841,13.8332
2019/6/7 4:47,108.4730,122.2150,137.9370,75.6120,71.8420,81.2250,109.1440,18.5022,7.1770,5.4899,12.4780,11.4835,13.8329
2019/6/7 4:48,108.4740,122.2000,137.9250,75.6090,71.8420,81.2250,109.1330,18.4929,7.1760,5.4889,12.4776,11.4820,13.8330
2019/6/7 4:49,108.4800,122.2290,137.9370,75.6200,71.8480,81.2350,109.1480,18.4963,7.1790,5.4893,12.4804,11.4850,13.8338
2019/6/7 4:50,108.4770,122.2310,137.9400,75.6160,71.8490,81.2310,109.1540,18.5007,7.1780,5.4901,12.4784,11.4851,13.8334
2019/6/7 4:51,108.4810,122.2320,137.9460,75.6200,71.8480,81.2310,109.1530,18.5025,7.1770,5.4901,12.4773,11.4830,13.8339
2019/6/7 4:52,108.4850,122.2330,137.9360,75.6230,71.8530,81.2340,109.1570,18.5065,7.1810,5.4906,12.4778,11.4844,13.8344
2019/6/7 4:53,108.4840,122.2230,137.9490,75.6220,71.8510,81.2330,109.1490,18.5054,7.1790,5.4905,12.4765,11.4829,13.8343
2019/6/7 4:54,108.4970,122.2300,137.9650,75.6240,71.8500,81.2390,109.1540,18.5038,7.1800,5.4901,12.4765,11.4831,13.8360
2019/6/7 4:55,108.4910,122.2160,137.9460,75.6130,71.8430,81.2230,109.1470,18.5044,7.1800,5.4895,12.4739,11.4810,13.8352
2019/6/7 4:56,108.4850,122.2180,137.9390,75.6100,71.8390,81.2180,109.1520,18.5059,7.1820,5.4894,12.4741,11.4803,13.8345
2019/6/7 4:57,108.4790,122.2230,137.9350,75.6160,71.8420,81.2130,109.1580,18.5154,7.1820,5.4886,12.4751,11.4808,13.8337
2019/6/7 4:58,108.4810,122.2200,137.9440,75.6180,71.8470,81.2120,109.1500,18.5145,7.1880,5.4889,12.4752,11.4808,13.8338
2019/6/7 4:59,108.5000,122.2270,137.9720,75.6360,71.8600,81.2280,109.1550,18.5189,7.1870,5.4899,12.4764,11.4806,13.8362
2019/6/7 5:00,108.5010,122.2360,137.9920,75.6440,71.8650,81.2320,109.1570,18.5367,7.1910,5.4924,12.4788,11.4818,13.8363
2019/6/7 5:01,108.4850,122.2400,137.9800,75.6330,71.8580,81.2210,109.1610,18.5436,7.1900,5.4917,12.4780,11.4811,13.8343
2019/6/7 5:02,108.4910,122.2400,137.9690,75.6340,71.8560,81.2230,109.1620,18.5396,7.1900,5.4913,12.4754,11.4807,13.8361
2019/6/7 5:03,108.4970,122.2460,137.9990,75.6400,71.8610,81.2310,109.1680,18.5510,7.1910,5.4917,12.4759,11.4812,13.8365
2019/6/7 5:04,108.5010,122.2340,137.9850,75.6340,71.8570,81.2300,109.1590,18.5506,7.1950,5.4914,12.4743,11.4799,13.8372
2019/6/7 5:05,108.4950,122.2360,137.9810,75.6340,71.8600,81.2270,109.1560,18.5495,7.1960,5.4923,12.4746,11.4799,13.8365
2019/6/7 5:06,108.4870,122.2270,137.9610,75.6240,71.8540,81.2130,109.1510,18.5572,7.1940,5.4916,12.4748,11.4794,13.8353
2019/6/7 5:07,108.4990,122.2540,137.9560,75.6350,71.8630,81.2230,109.1740,18.5600,7.1950,5.4925,12.4770,11.4810,13.8368
2019/6/7 5:08,108.4980,122.2520,137.9530,75.6320,71.8620,81.2220,109.1720,18.5537,7.1960,5.4924,12.4770,11.4804,13.8368
2019/6/7 5:09,108.4970,122.2560,137.9580,75.6380,71.8680,81.2260,109.1750,18.5555,7.1990,5.4939,12.4777,11.4822,13.8365
2019/6/7 5:10,108.4940,122.2540,137.9540,75.6350,71.8620,81.2250,109.1730,18.5675,7.1990,5.4937,12.4777,11.4812,13.8362
2019/6/7 5:11,108.4920,122.2540,137.9570,75.6330,71.8610,81.2240,109.1730,18.5682,7.1970,5.4922,12.4765,11.4808,13.8360
2019/6/7 5:12,108.4970,122.2590,137.9530,75.6260,71.8570,81.2270,109.1760,18.5644,7.1950,5.4919,12.4778,11.4817,13.8366
2019/6/7 5:13,108.4960,122.2520,137.9400,75.6190,71.8520,81.2200,109.1720,18.5816,7.1930,5.4934,12.4772,11.4811,13.8366
2019/6/7 5:14,108.4920,122.2460,137.9370,75.6170,71.8500,81.2140,109.1640,18.5765,7.1930,5.4932,12.4765,11.4805,13.8361
2019/6/7 5:15,108.4910,122.2520,137.9450,75.6190,71.8550,81.2120,109.1690,18.5767,7.1920,5.4933,12.4772,11.4807,13.8360
2019/6/7 5:16,108.4870,122.2440,137.9390,75.6130,71.8520,81.1990,109.1650,18.5700,7.1900,5.4929,12.4760,11.4799,13.8355
2019/6/7 5:17,108.4900,122.2480,137.9460,75.6150,71.8540,81.2070,109.1670,18.5702,7.1890,5.4932,12.4766,11.4804,13.8357
2019/6/7 5:18,108.4950,122.2480,137.9510,75.6180,71.8570,81.2150,109.1560,18.5767,7.1900,5.4944,12.4779,11.4797,13.8365
2019/6/7 5:19,108.4920,122.2440,137.9460,75.6170,71.8560,81.2130,109.1530,18.5727,7.1920,5.4943,12.4774,11.4788,13.8361
2019/6/7 5:20,108.4850,122.2340,137.9390,75.6200,71.8560,81.2070,109.1460,18.5685,7.1910,5.4946,12.4765,11.4776,13.8350
2019/6/7 5:21,108.4830,122.2330,137.9340,75.6180,71.8540,81.2050,109.1290,18.5686,7.1930,5.4948,12.4763,11.4779,13.8345
2019/6/7 5:22,108.4830,122.2320,137.9360,75.6200,71.8550,81.2120,109.1140,18.5664,7.1920,5.4948,12.4767,11.4777,13.8346
2019/6/7 5:23,108.4840,122.2270,137.9240,75.6110,71.8500,81.2050,109.1100,18.5619,7.1920,5.4934,12.4760,11.4750,13.8347
2019/6/7 5:24,108.4900,122.2340,137.9320,75.6160,71.8580,81.2110,109.1170,18.5629,7.1940,5.4937,12.4769,11.4760,13.8354
2019/6/7 5:25,108.4940,122.2340,137.9240,75.6170,71.8570,81.2140,109.1190,18.5634,7.1970,5.4942,12.4772,11.4756,13.8360
2019/6/7 5:26,108.4940,122.2340,137.9260,75.6160,71.8580,81.2140,109.1190,18.5627,7.1970,5.4942,12.4772,11.4759,13.8360
2019/6/7 5:27,108.4890,122.2340,137.9320,75.6140,71.8560,81.2210,109.1250,18.5653,7.1960,5.4940,12.4773,11.4761,13.8354
2019/6/7 5:28,108.4890,122.2410,137.9440,75.6150,71.8560,81.2210,109.1250,18.5633,7.1980,5.4940,12.4784,11.4768,13.8354
2019/6/7 5:29,108.4850,122.2390,137.9730,75.6160,71.8620,81.2170,109.1210,18.5730,7.1970,5.4950,12.4786,11.4780,13.8347
2019/6/7 5:30,108.4890,122.2450,137.9750,75.6200,71.8660,81.2220,109.1270,18.5820,7.1990,5.4971,12.4790,11.4787,13.8352
2019/6/7 5:31,108.4830,122.2360,137.9690,75.6130,71.8610,81.2170,109.1330,18.5959,7.2000,5.4964,12.4778,11.4771,13.8345
2019/6/7 5:32,108.4890,122.2460,137.9790,75.6140,71.8570,81.2220,109.1280,18.5987,7.2030,5.4959,12.4790,11.4773,13.8353
2019/6/7 5:33,108.4900,122.2480,137.9960,75.6140,71.8580,81.2220,109.1300,18.5884,7.2040,5.4963,12.4795,11.4803,13.8354
2019/6/7 5:34,108.5010,122.2390,137.9550,75.6100,71.8530,81.2250,109.1190,18.5823,7.2040,5.4943,12.4785,11.4797,13.8368
2019/6/7 5:35,108.5110,122.2490,137.9800,75.6180,71.8580,81.2370,109.1160,18.6006,7.2050,5.4952,12.4795,11.4808,13.8381
2019/6/7 5:36,108.5220,122.2640,137.9830,75.6270,71.8640,81.2460,109.1220,18.6067,7.2060,5.4967,12.4809,11.4824,13.8394
2019/6/7 5:37,108.5190,122.2510,137.9820,75.6240,71.8660,81.2390,109.1190,18.6048,7.2020,5.4957,12.4795,11.4813,13.8391
2019/6/7 5:38,108.5220,122.2520,137.9740,75.6160,71.8550,81.2290,109.1230,18.5997,7.1990,5.4925,12.4778,11.4766,13.8394
2019/6/7 5:39,108.5300,122.2620,137.9960,75.6220,71.8590,81.2360,109.1260,18.6019,7.2000,5.4925,12.4794,11.4810,13.8403
2019/6/7 5:40,108.5290,122.2530,138.0190,75.6110,71.8530,81.2290,109.1220,18.6055,7.1970,5.4915,12.4785,11.4810,13.8403
2019/6/7 5:41,108.5350,122.2600,138.0380,75.6160,71.8560,81.2410,109.1170,18.6056,7.1970,5.4895,12.4792,11.4818,13.8410
2019/6/7 5:42,108.5490,122.2890,138.0770,75.6260,71.8700,81.2560,109.1190,18.6091,7.1990,5.4902,12.4822,11.4833,13.8428
2019/6/7 5:43,108.5460,122.2890,138.0860,75.6220,71.8700,81.2540,109.1190,18.6088,7.1970,5.4901,12.4806,11.4835,13.8425
2019/6/7 5:44,108.5480,122.2940,138.0970,75.6230,71.8700,81.2550,109.1220,18.6035,7.1950,5.4880,12.4811,11.4837,13.8427
2019/6/7 5:45,108.5360,122.2890,138.0940,75.6150,71.8640,81.2400,109.1320,18.6082,7.1950,5.4869,12.4799,11.4826,13.8412
2019/6/7 5:46,108.5390,122.2860,138.1210,75.6150,71.8640,81.2270,109.1370,18.6074,7.1950,5.4869,12.4790,11.4816,13.8416
2019/6/7 5:47,108.5550,122.3020,138.1180,75.6250,71.8740,81.2410,109.1500,18.6090,7.1960,5.4888,12.4806,11.4833,13.8436
2019/6/7 5:48,108.5470,122.2860,138.0980,75.6120,71.8650,81.2260,109.1520,18.6093,7.1950,5.4884,12.4787,11.4816,13.8426
2019/6/7 5:49,108.5490,122.2910,138.1160,75.6220,71.8740,81.2340,109.1530,18.6081,7.1960,5.4896,12.4791,11.4822,13.8429
2019/6/7 5:50,108.5590,122.3020,138.1590,75.6260,71.8820,81.2410,109.1550,18.6111,7.1960,5.4900,12.4803,11.4830,13.8441
2019/6/7 5:51,108.5520,122.2950,138.1250,75.6220,71.8780,81.2370,109.1650,18.6174,7.1960,5.4899,12.4797,11.4825,13.8432
2019/6/7 5:52,108.5530,122.2830,138.0900,75.6140,71.8730,81.2330,109.1930,18.6118,7.1930,5.4897,12.4782,11.4816,13.8434
2019/6/7 5:53,108.5560,122.2840,138.1070,75.6190,71.8810,81.2360,109.1790,18.6137,7.1940,5.4898,12.4784,11.4817,13.8438
2019/6/7 5:54,108.5530,122.2780,138.0690,75.6180,71.8790,81.2390,109.1740,18.6133,7.1940,5.4917,12.4780,11.4811,13.8433
2019/6/7 5:55,108.5530,122.2770,138.0690,75.6200,71.8800,81.2390,109.1780,18.6164,7.1960,5.4918,12.4785,11.4809,13.8433
2019/6/7 5:56,108.5560,122.2840,138.0600,75.6250,71.8850,81.2390,109.1820,18.6174,7.1970,5.4908,12.4792,11.4817,13.8436
2019/6/7 5:57,108.5690,122.2720,138.0660,75.6260,71.8750,81.2450,109.1730,18.6177,7.1980,5.4897,12.4767,11.4805,13.8453
2019/6/7 5:58,108.5710,122.2380,138.0480,75.6290,71.8730,81.2390,109.1470,18.6163,7.1950,5.4889,12.4736,11.4763,13.8456
2019/6/7 5:59,108.5900,122.2360,138.0630,75.6330,71.8790,81.2530,109.1500,18.6061,7.1930,5.4903,12.4734,11.4775,13.8481
2019/6/7 6:00,108.5870,122.2000,138.0330,75.6160,71.8620,81.2390,109.1360,18.6003,7.1850,5.4880,12.4697,11.4746,13.8476
2019/6/7 6:01,108.6020,122.1990,138.0550,75.6250,71.8730,81.2510,109.1450,18.5910,7.1870,5.4889,12.4700,11.4732,13.8496
2019/6/7 6:02,108.6010,122.2280,138.0780,75.6380,71.8770,81.2560,109.1610,18.6025,7.1870,5.4930,12.4759,11.4780,13.8494
2019/6/7 6:03,108.5960,122.2220,138.0420,75.6340,71.8730,81.2510,109.1550,18.6010,7.1850,5.4926,12.4745,11.4773,13.8488
2019/6/7 6:04,108.5860,122.2230,138.0460,75.6280,71.8660,81.2440,109.1480,18.5955,7.1850,5.4913,12.4734,11.4777,13.8476
2019/6/7 6:05,108.5850,122.2160,138.0410,75.6290,71.8650,81.2450,109.1440,18.5947,7.1840,5.4898,12.4728,11.4768,13.8475
2019/6/7 6:06,108.5740,122.2230,138.0280,75.6260,71.8680,81.2410,109.1420,18.5963,7.1840,5.4918,12.4735,11.4776,13.8461
2019/6/7 6:07,108.5920,122.2450,138.0330,75.6390,71.8740,81.2620,109.1550,18.6018,7.1850,5.4927,12.4756,11.4795,13.8484
2019/6/7 6:08,108.5820,122.2550,138.0390,75.6410,71.8790,81.2590,109.1630,18.6012,7.1830,5.4921,12.4768,11.4804,13.8470
2019/6/7 6:09,108.5790,122.2540,138.0280,75.6440,71.8830,81.2630,109.1650,18.6009,7.1840,5.4916,12.4767,11.4803,13.8466
2019/6/7 6:10,108.5670,122.2510,138.0210,75.6360,71.8750,81.2520,109.1610,18.6021,7.1830,5.4912,12.4765,11.4794,13.8451
2019/6/7 6:11,108.5550,122.2430,138.0080,75.6290,71.8710,81.2510,109.1570,18.5966,7.1830,5.4907,12.4768,11.4779,13.8436
2019/6/7 6:12,108.5530,122.2420,138.0040,75.6250,71.8670,81.2430,109.1540,18.5927,7.1820,5.4896,12.4771,11.4781,13.8434
2019/6/7 6:13,108.5630,122.2560,138.0270,75.6320,71.8700,81.2510,109.1690,18.5957,7.1830,5.4901,12.4790,11.4795,13.8446
2019/6/7 6:14,108.5750,122.2590,138.0190,75.6420,71.8770,81.2610,109.1700,18.5965,7.1840,5.4907,12.4797,11.4790,13.8460
2019/6/7 6:15,108.5770,122.2640,138.0240,75.6500,71.8830,81.2720,109.1800,18.5999,7.1850,5.4917,12.4799,11.4796,13.8462
2019/6/7 6:16,108.5890,122.2770,138.0280,75.6530,71.8890,81.2900,109.1760,18.6055,7.1840,5.4923,12.4822,11.4810,13.8477
2019/6/7 6:17,108.5830,122.2630,138.0110,75.6380,71.8770,81.2750,109.1680,18.6035,7.1790,5.4898,12.4790,11.4775,13.8470
2019/6/7 6:18,108.5770,122.2640,138.0240,75.6380,71.8790,81.2750,109.1820,18.6019,7.1800,5.4876,12.4791,11.4778,13.8462
2019/6/7 6:19,108.5770,122.2840,138.0430,75.6500,71.8840,81.2820,109.2020,18.6032,7.1860,5.4920,12.4797,11.4792,13.8462
2019/6/7 6:20,108.5830,122.2900,138.0480,75.6530,71.8870,81.2860,109.1970,18.6049,7.1840,5.4913,12.4810,11.4798,13.8470
2019/6/7 6:21,108.5770,122.2900,138.0470,75.6500,71.8820,81.2810,109.1960,18.5992,7.1830,5.4913,12.4824,11.4798,13.8462
2019/6/7 6:22,108.5770,122.2850,138.0750,75.6490,71.8840,81.2860,109.1950,18.5929,7.1840,5.4905,12.4818,11.4796,13.8472
2019/6/7 6:23,108.5870,122.2860,138.0460,75.6530,71.8900,81.2950,109.2020,18.5874,7.1840,5.4927,12.4824,11.4797,13.8479
2019/6/7 6:24,108.5890,122.2890,138.0410,75.6580,71.8920,81.3020,109.2000,18.5973,7.1840,5.4927,12.4828,11.4799,13.8481
2019/6/7 6:25,108.5910,122.2850,138.0370,75.6580,71.8890,81.3150,109.1960,18.5975,7.1810,5.4912,12.4836,11.4794,13.8484
2019/6/7 6:26,108.5730,122.2840,138.0410,75.6470,71.8810,81.3050,109.1880,18.5974,7.1810,5.4910,12.4836,11.4787,13.8461
2019/6/7 6:27,108.5740,122.2810,138.0170,75.6470,71.8800,81.3020,109.1800,18.5969,7.1790,5.4902,12.4838,11.4775,13.8462
2019/6/7 6:28,108.5820,122.2920,138.0380,75.6540,71.8870,81.3170,109.1850,18.5975,7.1800,5.4908,12.4844,11.4785,13.8473
2019/6/7 6:29,108.5940,122.3010,138.0460,75.6610,71.8940,81.3260,109.1910,18.6003,7.1800,5.4932,12.4864,11.4791,13.8486
2019/6/7 6:30,108.5860,122.2920,138.0250,75.6540,71.8900,81.3210,109.1880,18.6004,7.1790,5.4917,12.4850,11.4781,13.8475
2019/6/7 6:31,108.5940,122.2990,138.0230,75.6500,71.8840,81.3260,109.1790,18.6013,7.1790,5.4909,12.4840,11.4774,13.8484
2019/6/7 6:32,108.5870,122.2940,138.0180,75.6460,71.8840,81.3210,109.1790,18.6000,7.1800,5.4906,12.4839,11.4774,13.8475
2019/6/7 6:33,108.5940,122.2940,138.0150,75.6410,71.8820,81.3210,109.1870,18.6014,7.1830,5.4910,12.4860,11.4771,13.8484
2019/6/7 6:34,108.5860,122.2930,137.9950,75.6440,71.8790,81.3210,109.1900,18.5999,7.1840,5.4931,12.4861,11.4767,13.8474
2019/6/7 6:35,108.5890,122.3000,138.0010,75.6560,71.8880,81.3230,109.1930,18.6015,7.1850,5.4947,12.4870,11.4774,13.8478
2019/6/7 6:36,108.5870,122.3010,138.0000,75.6580,71.8910,81.3280,109.1940,18.6154,7.1850,5.4959,12.4882,11.4778,13.8476
2019/6/7 6:37,108.5830,122.3020,137.9980,75.6560,71.8890,81.3250,109.1990,18.6145,7.1860,5.4957,12.4873,11.4778,13.8472
2019/6/7 6:38,108.5810,122.3100,138.0170,75.6590,71.8930,81.3280,109.2080,18.6159,7.1860,5.4957,12.4884,11.4786,13.8468
2019/6/7 6:39,108.5720,122.2980,138.0080,75.6580,71.8890,81.3250,109.2000,18.6136,7.1900,5.4961,12.4873,11.4781,13.8456
2019/6/7 6:40,108.5610,122.2820,137.9920,75.6500,71.8820,81.3030,109.1870,18.6074,7.1840,5.4937,12.4855,11.4768,13.8443
2019/6/7 6:41,108.5640,122.2820,138.0070,75.6520,71.8860,81.3050,109.1880,18.6105,7.1890,5.4957,12.4852,11.4767,13.8447
2019/6/7 6:42,108.5440,122.2640,138.0130,75.6420,71.8810,81.2870,109.1790,18.6071,7.1880,5.4952,12.4821,11.4751,13.8422
2019/6/7 6:43,108.5500,122.2740,138.0250,75.6450,71.8780,81.2930,109.1660,18.6082,7.1930,5.4953,12.4842,11.4759,13.8430
2019/6/7 6:44,108.5640,122.2850,138.0420,75.6490,71.8810,81.3110,109.1690,18.6086,7.1920,5.4963,12.4858,11.4772,13.8455
2019/6/7 6:45,108.5640,122.2860,138.0590,75.6510,71.8870,81.3280,109.1800,18.6097,7.1950,5.4968,12.4861,11.4770,13.8456
2019/6/7 6:46,108.5550,122.2880,138.0450,75.6460,71.8870,81.3160,109.1770,18.6088,7.1950,5.4963,12.4861,11.4764,13.8445
2019/6/7 6:47,108.5460,122.2800,138.0380,75.6390,71.8820,81.3070,109.1750,18.6122,7.1920,5.4958,12.4849,11.4768,13.8433
2019/6/7 6:48,108.5470,122.2730,138.0290,75.6400,71.8810,81.3020,109.1680,18.6052,7.1880,5.4935,12.4839,11.4769,13.8434
2019/6/7 6:49,108.5410,122.2630,138.0210,75.6360,71.8780,81.2930,109.1630,18.5936,7.1850,5.4936,12.4834,11.4763,13.8427
2019/6/7 6:50,108.5400,122.2760,138.0340,75.6470,71.8900,81.3020,109.1740,18.5998,7.1870,5.4935,12.4848,11.4775,13.8426
2019/6/7 6:51,108.5450,122.2700,138.0310,75.6430,71.8880,81.3070,109.1690,18.6013,7.1870,5.4937,12.4839,11.4773,13.8432
2019/6/7 6:52,108.5520,122.2790,138.0420,75.6550,71.8910,81.3120,109.1750,18.6026,7.1880,5.4941,12.4842,11.4783,13.8440
2019/6/7 6:53,108.5510,122.2800,138.0420,75.6470,71.8900,81.3100,109.1720,18.6014,7.1880,5.4924,12.4838,11.4775,13.8439
2019/6/7 6:54,108.5490,122.2830,138.0430,75.6520,71.8890,81.3050,109.1680,18.6002,7.1880,5.4940,12.4837,11.4781,13.8437
2019/6/7 6:55,108.5520,122.2850,138.0670,75.6530,71.8910,81.3100,109.1700,18.5995,7.1880,5.4941,12.4844,11.4791,13.8441
2019/6/7 6:56,108.5520,122.2820,138.0430,75.6490,71.8890,81.3070,109.1750,18.5999,7.1880,5.4929,12.4850,11.4790,13.8441
2019/6/7 6:57,108.5460,122.2730,138.0310,75.6430,71.8860,81.3070,109.1800,18.5960,7.1880,5.4923,12.4848,11.4769,13.8433
2019/6/7 6:58,108.5470,122.2640,138.0330,75.6420,71.8850,81.3080,109.1620,18.5812,7.1890,5.4926,12.4845,11.4751,13.8434
2019/6/7 6:59,108.5520,122.2590,138.0320,75.6430,71.8800,81.3080,109.1630,18.5903,7.1890,5.4921,12.4838,11.4760,13.8441
2019/6/7 7:00,108.5390,122.2500,137.9980,75.6350,71.8810,81.2960,109.1620,18.5838,7.1880,5.4922,12.4820,11.4739,13.8424
2019/6/7 7:01,108.5400,122.2570,138.0080,75.6360,71.8810,81.2990,109.1780,18.5912,7.1910,5.4923,12.4827,11.4746,13.8425
2019/6/7 7:02,108.5380,122.2640,137.9940,75.6380,71.8820,81.2930,109.1870,18.5806,7.1900,5.4920,12.4828,11.4751,13.8423
2019/6/7 7:03,108.5370,122.2680,137.9910,75.6350,71.8790,81.2950,109.1870,18.5754,7.1890,5.4913,12.4827,11.4758,13.8422
2019/6/7 7:04,108.5330,122.2630,137.9850,75.6290,71.8800,81.2870,109.1770,18.5715,7.1880,5.4903,12.4825,11.4753,13.8416
2019/6/7 7:05,108.5320,122.2670,137.9980,75.6320,71.8790,81.2850,109.1680,18.5656,7.1950,5.4919,12.4824,11.4756,13.8415
2019/6/7 7:06,108.5340,122.2760,138.0020,75.6330,71.8850,81.2870,109.1900,18.5585,7.1950,5.4950,12.4857,11.4746,13.8418
2019/6/7 7:07,108.5280,122.2730,138.0030,75.6320,71.8850,81.2850,109.1970,18.5689,7.1980,5.4973,12.4868,11.4738,13.8410
2019/6/7 7:08,108.5220,122.2770,138.0080,75.6350,71.8890,81.2800,109.2150,18.5699,7.1980,5.4971,12.4874,11.4728,13.8402
2019/6/7 7:09,108.5220,122.2740,138.0180,75.6380,71.8900,81.2880,109.2160,18.5783,7.2020,5.4979,12.4910,11.4742,13.8402
2019/6/7 7:10,108.5230,122.2690,138.0080,75.6320,71.8820,81.2830,109.2120,18.5836,7.1990,5.4969,12.4897,11.4725,13.8404
2019/6/7 7:11,108.5150,122.2640,138.0090,75.6340,71.8880,81.2870,109.2050,18.5803,7.2010,5.4975,12.4909,11.4713,13.8394
2019/6/7 7:12,108.5090,122.2680,137.9800,75.6290,71.8840,81.2940,109.2110,18.5788,7.2000,5.4974,12.4903,11.4720,13.8386
2019/6/7 7:13,108.5160,122.2680,137.9630,75.6300,71.8870,81.3000,109.2100,18.5812,7.2000,5.4966,12.4905,11.4718,13.8395
2019/6/7 7:14,108.5160,122.2760,137.9590,75.6310,71.8860,81.3050,109.2060,18.5802,7.1960,5.4956,12.4915,11.4717,13.8395
2019/6/7 7:15,108.5140,122.2730,137.9300,75.6320,71.8860,81.3010,109.2130,18.5772,7.1980,5.4967,12.4897,11.4705,13.8392
2019/6/7 7:16,108.5070,122.2730,137.9110,75.6360,71.8930,81.2960,109.2120,18.5732,7.1960,5.4976,12.4883,11.4697,13.8387
2019/6/7 7:17,108.5130,122.2700,137.8980,75.6390,71.8950,81.2960,109.2120,18.5729,7.1960,5.4967,12.4884,11.4689,13.8394
2019/6/7 7:18,108.5200,122.2830,137.9210,75.6480,71.9010,81.3000,109.2170,18.5766,7.1980,5.4994,12.4875,11.4710,13.8403
2019/6/7 7:19,108.5120,122.2660,137.9160,75.6420,71.8950,81.2930,109.2100,18.5750,7.1970,5.4988,12.4864,11.4698,13.8394
2019/6/7 7:20,108.5090,122.2610,137.9270,75.6400,71.8900,81.2890,109.2100,18.5750,7.1970,5.4978,12.4853,11.4693,13.8405
2019/6/7 7:21,108.5040,122.2580,137.9390,75.6330,71.8860,81.2810,109.2190,18.5732,7.2000,5.4971,12.4841,11.4692,13.8391
2019/6/7 7:22,108.5120,122.2670,137.9520,75.6390,71.8940,81.2860,109.2230,18.5737,7.1980,5.4980,12.4850,11.4701,13.8404
2019/6/7 7:23,108.5170,122.2740,137.9440,75.6400,71.8960,81.2870,109.2230,18.5749,7.1970,5.4970,12.4869,11.4711,13.8410
2019/6/7 7:24,108.5110,122.2640,137.9380,75.6350,71.8910,81.2840,109.2220,18.5755,7.2010,5.4972,12.4849,11.4706,13.8402
2019/6/7 7:25,108.4980,122.2560,137.9540,75.6320,71.8860,81.2730,109.2260,18.5760,7.2000,5.4979,12.4839,11.4704,13.8385
2019/6/7 7:26,108.4990,122.2610,137.9230,75.6320,71.8860,81.2830,109.2140,18.5815,7.2030,5.4983,12.4845,11.4714,13.8386
2019/6/7 7:27,108.5040,122.2570,137.9290,75.6320,71.8860,81.2750,109.2160,18.5829,7.2030,5.4981,12.4839,11.4713,13.8393
2019/6/7 7:28,108.4960,122.2600,137.9100,75.6280,71.8830,81.2630,109.1980,18.5813,7.2010,5.4978,12.4833,11.4713,13.8380
2019/6/7 7:29,108.4830,122.2470,137.8780,75.6220,71.8770,81.2530,109.2030,18.5797,7.2020,5.4964,12.4820,11.4705,13.8356
2019/6/7 7:30,108.4720,122.2300,137.8670,75.6130,71.8690,81.2460,109.1970,18.5782,7.2000,5.4956,12.4799,11.4686,13.8343
2019/6/7 7:31,108.4790,122.2110,137.8490,75.6040,71.8630,81.2460,109.1990,18.5788,7.2000,5.4957,12.4776,11.4671,13.8351
2019/6/7 7:32,108.4740,122.2040,137.8490,75.6020,71.8580,81.2400,109.1930,18.5792,7.2010,5.4959,12.4769,11.4651,13.8344
2019/6/7 7:33,108.4740,122.1990,137.8440,75.6090,71.8670,81.2360,109.1880,18.5801,7.2020,5.4969,12.4762,11.4651,13.8342
2019/6/7 7:34,108.4710,122.1980,137.8240,75.6010,71.8650,81.2310,109.1830,18.5844,7.2070,5.4967,12.4762,11.4647,13.8338
2019/6/7 7:35,108.4750,122.1990,137.8300,75.6050,71.8700,81.2310,109.1860,18.5847,7.2050,5.4970,12.4770,11.4655,13.8343
2019/6/7 7:36,108.4820,122.2050,137.8510,75.6040,71.8660,81.2320,109.1930,18.5843,7.2040,5.4958,12.4753,11.4659,13.8352
2019/6/7 7:37,108.4830,122.1950,137.8400,75.5970,71.8560,81.2270,109.1870,18.5842,7.2010,5.4953,12.4764,11.4679,13.8353
2019/6/7 7:38,108.4780,122.1920,137.8360,75.5940,71.8600,81.2180,109.1820,18.5849,7.2010,5.4958,12.4755,11.4664,13.8346
2019/6/7 7:39,108.4750,122.1990,137.8420,75.5930,71.8620,81.2160,109.1860,18.5856,7.2020,5.4959,12.4749,11.4662,13.8342
2019/6/7 7:40,108.4710,122.1980,137.8340,75.5850,71.8590,81.2000,109.1910,18.5840,7.2020,5.4956,12.4735,11.4638,13.8336
2019/6/7 7:41,108.4750,122.2110,137.8520,75.5870,71.8590,81.2160,109.2070,18.5828,7.2020,5.4968,12.4761,11.4664,13.8341
2019/6/7 7:42,108.4760,122.2100,137.8530,75.5840,71.8580,81.2170,109.2070,18.5799,7.2030,5.4954,12.4769,11.4670,13.8342
2019/6/7 7:43,108.4710,122.2080,137.8720,75.5840,71.8570,81.2150,109.2020,18.5805,7.2050,5.4954,12.4771,11.4683,13.8336
2019/6/7 7:44,108.4760,122.2130,137.8880,75.5880,71.8620,81.2170,109.1950,18.5808,7.2040,5.4968,12.4768,11.4683,13.8342
2019/6/7 7:45,108.4760,122.2040,137.8770,75.5840,71.8580,81.2110,109.1980,18.5808,7.2030,5.4980,12.4752,11.4656,13.8341
2019/6/7 7:46,108.4830,122.2100,137.8650,75.5910,71.8650,81.2110,109.2050,18.5826,7.2050,5.4981,12.4760,11.4665,13.8350
2019/6/7 7:47,108.4760,122.2060,137.8690,75.5910,71.8590,81.2050,109.2030,18.5743,7.2000,5.4978,12.4759,11.4658,13.8341
2019/6/7 7:48,108.4800,122.2050,137.8630,75.5950,71.8620,81.2080,109.2050,18.5779,7.2030,5.4981,12.4754,11.4657,13.8348
2019/6/7 7:49,108.4820,122.2150,137.8670,75.6000,71.8660,81.2100,109.2000,18.5765,7.2030,5.4983,12.4761,11.4683,13.8350
2019/6/7 7:50,108.4890,122.2150,137.8680,75.6010,71.8590,81.2150,109.1990,18.5837,7.2030,5.4995,12.4767,11.4670,13.8358
2019/6/7 7:51,108.4880,122.2220,137.8580,75.6020,71.8610,81.2080,109.2000,18.5823,7.2020,5.4989,12.4771,11.4670,13.8357
2019/6/7 7:52,108.4840,122.2260,137.8660,75.5960,71.8540,81.2050,109.2080,18.5714,7.1990,5.4984,12.4793,11.4678,13.8352
2019/6/7 7:53,108.4840,122.2260,137.8520,75.5990,71.8510,81.1990,109.2090,18.5720,7.1990,5.4975,12.4799,11.4698,13.8352
2019/6/7 7:54,108.4840,122.2240,137.8290,75.5900,71.8490,81.1950,109.2070,18.5712,7.1970,5.4973,12.4802,11.4689,13.8352
2019/6/7 7:55,108.4830,122.2340,137.8180,75.5950,71.8520,81.2100,109.2270,18.5697,7.1960,5.4972,12.4829,11.4699,13.8350
2019/6/7 7:56,108.4840,122.2410,137.8050,75.5950,71.8510,81.2110,109.2190,18.5701,7.1960,5.4973,12.4824,11.4712,13.8352
2019/6/7 7:57,108.4750,122.2570,137.7930,75.5830,71.8430,81.2140,109.2320,18.5607,7.1960,5.4965,12.4841,11.4725,13.8341
2019/6/7 7:58,108.4830,122.2640,137.8190,75.5910,71.8500,81.2260,109.2300,18.5632,7.1960,5.4948,12.4855,11.4730,13.8352
2019/6/7 7:59,108.4740,122.2570,137.8530,75.5840,71.8470,81.2200,109.2360,18.5624,7.1960,5.4953,12.4855,11.4719,13.8340
2019/6/7 8:00,108.4570,122.2320,137.8100,75.5700,71.8360,81.1910,109.2230,18.5555,7.1930,5.4929,12.4804,11.4679,13.8319
2019/6/7 8:01,108.4560,122.2380,137.8250,75.5720,71.8360,81.1810,109.2230,18.5576,7.1930,5.4928,12.4804,11.4685,13.8315
2019/6/7 8:02,108.4550,122.2310,137.8060,75.5650,71.8320,81.1720,109.2240,18.5633,7.1950,5.4950,12.4797,11.4678,13.8314
2019/6/7 8:03,108.4450,122.2200,137.8130,75.5610,71.8270,81.1590,109.2220,18.5621,7.1940,5.4954,12.4783,11.4668,13.8301
2019/6/7 8:04,108.4500,122.2230,137.8160,75.5660,71.8330,81.1630,109.2230,18.5652,7.1960,5.4956,12.4776,11.4673,13.8308
2019/6/7 8:05,108.4490,122.2240,137.8170,75.5620,71.8320,81.1600,109.2280,18.5651,7.1960,5.4953,12.4785,11.4679,13.8307
2019/6/7 8:06,108.4550,122.2290,137.8160,75.5670,71.8360,81.1600,109.2250,18.5643,7.1960,5.4955,12.4781,11.4677,13.8314
2019/6/7 8:07,108.4600,122.2350,137.8420,75.5850,71.8490,81.1930,109.2390,18.5650,7.1980,5.4959,12.4790,11.4683,13.8320
2019/6/7 8:08,108.4600,122.2480,137.8420,75.5870,71.8480,81.1940,109.2430,18.5653,7.1980,5.4959,12.4799,11.4716,13.8319
2019/6/7 8:09,108.4600,122.2460,137.8430,75.5850,71.8470,81.1840,109.2470,18.5653,7.1960,5.4957,12.4798,11.4719,13.8319
2019/6/7 8:10,108.4620,122.2490,137.8470,75.5820,71.8480,81.1730,109.2480,18.5671,7.1980,5.4959,12.4792,11.4702,13.8322
2019/6/7 8:11,108.4600,122.2650,137.8640,75.5840,71.8470,81.1680,109.2610,18.5666,7.1990,5.4957,12.4803,11.4731,13.8320
2019/6/7 8:12,108.4510,122.2500,137.8630,75.5800,71.8500,81.1600,109.2520,18.5657,7.2020,5.4952,12.4777,11.4715,13.8309
2019/6/7 8:13,108.4600,122.2620,137.8760,75.5840,71.8460,81.1770,109.2550,18.5674,7.2040,5.4954,12.4803,11.4738,13.8320
2019/6/7 8:14,108.4650,122.2680,137.8790,75.5940,71.8540,81.1870,109.2610,18.5726,7.2040,5.4958,12.4838,11.4749,13.8326
2019/6/7 8:15,108.4710,122.2750,137.8890,75.5980,71.8560,81.1900,109.2690,18.5736,7.2040,5.4962,12.4850,11.4757,13.8334
2019/6/7 8:16,108.4870,122.2940,137.9110,75.6070,71.8640,81.2030,109.2880,18.5857,7.2050,5.4969,12.4870,11.4778,13.8354
2019/6/7 8:17,108.4880,122.3000,137.9100,75.6030,71.8630,81.1910,109.2920,18.5865,7.2030,5.4969,12.4868,11.4784,13.8355
2019/6/7 8:18,108.4870,122.2970,137.8980,75.5990,71.8560,81.1850,109.2870,18.5953,7.2050,5.4970,12.4855,11.4781,13.8354
2019/6/7 8:19,108.4860,122.3030,137.8980,75.5990,71.8580,81.1930,109.2810,18.5966,7.2090,5.4969,12.4856,11.4781,13.8352
2019/6/7 8:20,108.4770,122.2980,137.8990,75.5940,71.8570,81.1780,109.2770,18.5968,7.2100,5.5005,12.4850,11.4781,13.8341
2019/6/7 8:21,108.4630,122.2770,137.8910,75.5860,71.8500,81.1650,109.2580,18.5965,7.2110,5.4978,12.4848,11.4779,13.8324
2019/6/7 8:22,108.4440,122.2550,137.8560,75.5700,71.8360,81.1490,109.2410,18.6150,7.2070,5.4967,12.4798,11.4723,13.8298
2019/6/7 8:23,108.4580,122.2850,137.8670,75.5790,71.8450,81.1650,109.2540,18.6159,7.2100,5.4965,12.4826,11.4769,13.8316
2019/6/7 8:24,108.4420,122.2650,137.8620,75.5700,71.8370,81.1520,109.2500,18.6106,7.2090,5.4966,12.4803,11.4739,13.8296
2019/6/7 8:25,108.4520,122.2860,137.8670,75.5790,71.8410,81.1610,109.2700,18.6188,7.2100,5.4978,12.4821,11.4733,13.8308
2019/6/7 8:26,108.4390,122.2750,137.8570,75.5790,71.8380,81.1650,109.2680,18.6056,7.2100,5.4959,12.4796,11.4702,13.8292
2019/6/7 8:27,108.4460,122.2560,137.8850,75.5820,71.8490,81.1760,109.2540,18.6068,7.2080,5.4978,12.4777,11.4686,13.8300
2019/6/7 8:28,108.4730,122.2460,137.8680,75.5900,71.8530,81.2020,109.2570,18.6088,7.2000,5.4982,12.4771,11.4703,13.8340
2019/6/7 8:29,108.4550,122.2480,137.7940,75.6030,71.8170,81.1980,109.1810,18.6088,7.1890,5.4990,12.4790,11.4736,13.8322
2019/6/7 8:30,108.1840,122.2700,137.7390,75.5910,71.8460,81.2900,109.2910,18.6069,7.1970,5.4882,12.4827,11.4719,13.7969
2019/6/7 8:31,108.2100,122.3760,137.8090,75.6320,71.9010,81.3450,109.5040,18.6262,7.2060,5.4953,12.4921,11.4821,13.8007
2019/6/7 8:32,108.2060,122.3560,137.8120,75.6130,71.9100,81.3440,109.4730,18.6066,7.2070,5.4923,12.4933,11.4810,13.8001
2019/6/7 8:33,108.1830,122.3370,137.7740,75.5980,71.9060,81.3160,109.4090,18.5800,7.1970,5.4904,12.4889,11.4788,13.7971
2019/6/7 8:34,108.1550,122.2750,137.7450,75.5720,71.8680,81.2940,109.3580,18.5790,7.1900,5.4880,12.4825,11.4708,13.7936
2019/6/7 8:35,108.1020,122.2080,137.6870,75.5230,71.8170,81.2040,109.3100,18.5706,7.1790,5.4848,12.4748,11.4635,13.7868
2019/6/7 8:36,108.0140,122.2670,137.6980,75.5540,71.8590,81.1620,109.4440,18.5571,7.1820,5.4826,12.4786,11.4699,13.7756
2019/6/7 8:37,108.0760,122.3040,137.7470,75.5750,71.8640,81.2150,109.4540,18.5790,7.1850,5.4853,12.4816,11.4731,13.7834
2019/6/7 8:38,108.0690,122.2630,137.7530,75.5490,71.8320,81.2080,109.4040,18.5770,7.1850,5.4838,12.4759,11.4685,13.7822
2019/6/7 8:39,107.9910,122.2420,137.6750,75.5500,71.8400,81.1790,109.3730,18.5618,7.1820,5.4807,12.4766,11.4673,13.7723
2019/6/7 8:40,107.9640,122.1970,137.6470,75.5190,71.8270,81.1410,109.3700,18.5560,7.1790,5.4784,12.4726,11.4625,13.7689
2019/6/7 8:41,107.9330,122.1450,137.6070,75.4980,71.7920,81.1000,109.3180,18.5571,7.1800,5.4761,12.4679,11.4604,13.7650
2019/6/7 8:42,107.9390,122.2100,137.6460,75.5250,71.8100,81.1270,109.3410,18.5579,7.1880,5.4757,12.4761,11.4694,13.7656
2019/6/7 8:43,107.9450,122.1980,137.6420,75.5240,71.8210,81.1310,109.3530,18.5611,7.1900,5.4785,12.4784,11.4713,13.7664
2019/6/7 8:44,107.9300,122.1840,137.5990,75.5080,71.8130,81.0990,109.3160,18.5594,7.1850,5.4731,12.4750,11.4688,13.7645
2019/6/7 8:45,107.9280,122.1880,137.5940,75.4930,71.7880,81.0970,109.3700,18.5511,7.1880,5.4740,12.4743,11.4689,13.7643
2019/6/7 8:46,107.9180,122.2210,137.6370,75.5190,71.8250,81.1260,109.3780,18.5693,7.1940,5.4749,12.4797,11.4746,13.7630
2019/6/7 8:47,107.8970,122.1790,137.6090,75.5020,71.8230,81.1080,109.3610,18.5680,7.1940,5.4748,12.4743,11.4697,13.7603
2019/6/7 8:48,107.9210,122.2110,137.6490,75.5090,71.8290,81.1400,109.3810,18.5884,7.1920,5.4766,12.4781,11.4728,13.7634
2019/6/7 8:49,107.9540,122.2420,137.6480,75.5470,71.8590,81.1570,109.4430,18.5909,7.1940,5.4767,12.4789,11.4753,13.7676
2019/6/7 8:50,108.1010,122.3470,137.7720,75.6490,71.9470,81.2690,109.4190,18.6356,7.2060,5.4851,12.4958,11.4916,13.7862
2019/6/7 8:51,108.0530,122.2700,137.7080,75.6010,71.9160,81.2190,109.3690,18.6415,7.2100,5.4842,12.4870,11.4831,13.7802
2019/6/7 8:52,108.0530,122.2150,137.6790,75.6160,71.9220,81.2350,109.3300,18.6541,7.2110,5.4863,12.4832,11.4779,13.7803
2019/6/7 8:53,107.9770,122.2340,137.6490,75.5740,71.9180,81.1980,109.3800,18.6301,7.2090,5.4848,12.4837,11.4802,13.7706
2019/6/7 8:54,107.9350,122.2150,137.6080,75.5460,71.9040,81.1280,109.3880,18.6344,7.2050,5.4791,12.4816,11.4777,13.7653
2019/6/7 8:55,107.9860,122.2410,137.6270,75.5510,71.9140,81.1560,109.3830,18.6392,7.2020,5.4808,12.4846,11.4797,13.7718
2019/6/7 8:56,108.0190,122.2320,137.6280,75.5500,71.9020,81.1660,109.3520,18.6300,7.2020,5.4834,12.4821,11.4775,13.7760
2019/6/7 8:57,108.0250,122.2000,137.6010,75.5450,71.8900,81.1700,109.3130,18.6239,7.1990,5.4863,12.4809,11.4747,13.7766
2019/6/7 8:58,107.9900,122.2230,137.6020,75.5460,71.8900,81.1650,109.3430,18.5951,7.1920,5.4818,12.4770,11.4752,13.7721
2019/6/7 8:59,107.9910,122.2130,137.6130,75.5310,71.8740,81.1750,109.3440,18.5944,7.1890,5.4811,12.4740,11.4740,13.7721
2019/6/7 9:00,108.0200,122.2150,137.5980,75.5290,71.8700,81.1840,109.3630,18.5987,7.1860,5.4791,12.4746,11.4724,13.7760
2019/6/7 9:01,108.0370,122.2070,137.5990,75.5310,71.8720,81.1860,109.3500,18.5913,7.1850,5.4799,12.4721,11.4702,13.7782
2019/6/7 9:02,108.0050,122.2020,137.5420,75.5160,71.8620,81.1600,109.3650,18.5838,7.1830,5.4791,12.4696,11.4693,13.7740
2019/6/7 9:03,108.0200,122.2050,137.5510,75.5150,71.8650,81.1560,109.3620,18.5858,7.1810,5.4788,12.4682,11.4663,13.7760
2019/6/7 9:04,108.0270,122.2360,137.5500,75.5350,71.8840,81.1500,109.3670,18.5873,7.1790,5.4780,12.4747,11.4716,13.7769
2019/6/7 9:05,107.9970,122.2430,137.5830,75.5420,71.8940,81.1510,109.3850,18.6000,7.1840,5.4779,12.4762,11.4739,13.7731
2019/6/7 9:06,108.0210,122.2490,137.5560,75.5360,71.8870,81.1560,109.3840,18.6151,7.1850,5.4789,12.4775,11.4755,13.7762
2019/6/7 9:07,108.0300,122.2590,137.5600,75.5510,71.8890,81.1790,109.4050,18.6164,7.1850,5.4802,12.4786,11.4783,13.7773
2019/6/7 9:08,108.0240,122.2540,137.5570,75.5560,71.8940,81.1870,109.3960,18.6076,7.1880,5.4799,12.4785,11.4782,13.7765
2019/6/7 9:09,107.9960,122.2630,137.5540,75.5540,71.8950,81.1760,109.4110,18.6046,7.1860,5.4781,12.4784,11.4790,13.7729
2019/6/7 9:10,107.9670,122.2170,137.5150,75.5220,71.8690,81.1380,109.3850,18.5992,7.1810,5.4739,12.4746,11.4753,13.7693
2019/6/7 9:11,107.9530,122.2190,137.5220,75.5220,71.8770,81.1380,109.3990,18.5992,7.1880,5.4689,12.4751,11.4757,13.7675
2019/6/7 9:12,107.9320,122.2170,137.4820,75.5040,71.8680,81.1110,109.3910,18.5752,7.1850,5.4680,12.4755,11.4749,13.7648
2019/6/7 9:13,107.9560,122.2280,137.4970,75.5240,71.8830,81.1400,109.4070,18.5806,7.1870,5.4718,12.4778,11.4767,13.7679
2019/6/7 9:14,107.9650,122.2470,137.5170,75.5380,71.8900,81.1690,109.4080,18.5862,7.1890,5.4752,12.4815,11.4788,13.7690
2019/6/7 9:15,107.9610,122.2340,137.5070,75.5340,71.8880,81.1850,109.4030,18.5877,7.1870,5.4737,12.4811,11.4795,13.7685
2019/6/7 9:16,107.9480,122.2500,137.5230,75.5340,71.8970,81.1610,109.4200,18.5856,7.1870,5.4734,12.4818,11.4816,13.7668
2019/6/7 9:17,108.0010,122.3070,137.5910,75.5660,71.9220,81.2170,109.4870,18.5968,7.1910,5.4756,12.4914,11.4884,13.7736
2019/6/7 9:18,108.0120,122.3040,137.5960,75.5850,71.9360,81.2520,109.4700,18.5985,7.1960,5.4776,12.4937,11.4895,13.7749
2019/6/7 9:19,108.0230,122.3200,137.6130,75.5930,71.9390,81.2760,109.4540,18.6027,7.1940,5.4773,12.4969,11.4912,13.7764
2019/6/7 9:20,108.0270,122.3130,137.6170,75.5960,71.9380,81.2660,109.4220,18.6033,7.1940,5.4780,12.4966,11.4893,13.7769
2019/6/7 9:21,108.0340,122.3060,137.5960,75.5920,71.9340,81.2680,109.4150,18.6049,7.1940,5.4789,12.4950,11.4889,13.7777
2019/6/7 9:22,108.0360,122.2880,137.5520,75.5880,71.9300,81.2700,109.4090,18.6013,7.1910,5.4781,12.4957,11.4888,13.7780
2019/6/7 9:23,108.0360,122.3130,137.5410,75.5900,71.9380,81.2770,109.4110,18.6032,7.1930,5.4792,12.4971,11.4906,13.7780
2019/6/7 9:24,108.0370,122.2870,137.5410,75.5810,71.9370,81.2540,109.3940,18.6071,7.1940,5.4787,12.4897,11.4860,13.7781
2019/6/7 9:25,108.0470,122.2820,137.5670,75.5850,71.9320,81.2440,109.3820,18.6056,7.1920,5.4757,12.4873,11.4862,13.7794
2019/6/7 9:26,108.0340,122.2800,137.5820,75.5800,71.9310,81.2300,109.3890,18.6037,7.1900,5.4762,12.4853,11.4857,13.7778
2019/6/7 9:27,108.0340,122.2640,137.5810,75.5850,71.9330,81.2490,109.3850,18.6031,7.1920,5.4769,12.4840,11.4854,13.7777
2019/6/7 9:28,108.0390,122.2730,137.5850,75.5860,71.9340,81.2600,109.3880,18.6041,7.1920,5.4769,12.4846,11.4876,13.7785
2019/6/7 9:29,108.0610,122.2820,137.6180,75.5940,71.9420,81.2600,109.3920,18.6060,7.1940,5.4753,12.4853,11.4848,13.7811
2019/6/7 9:30,108.0800,122.2760,137.6400,75.5930,71.9380,81.2750,109.3920,18.5866,7.1900,5.4754,12.4870,11.4852,13.7836
2019/6/7 9:31,108.1020,122.2530,137.6100,75.5860,71.9310,81.2930,109.3730,18.5805,7.1920,5.4731,12.4855,11.4848,13.7864
2019/6/7 9:32,108.0860,122.2630,137.6360,75.5820,71.9320,81.2910,109.3680,18.5804,7.1910,5.4757,12.4842,11.4854,13.7843
2019/6/7 9:33,108.0930,122.2560,137.6250,75.5790,71.9280,81.2900,109.3740,18.5754,7.1870,5.4748,12.4840,11.4845,13.7853
2019/6/7 9:34,108.0880,122.2770,137.6490,75.5860,71.9400,81.3000,109.3800,18.5818,7.1900,5.4763,12.4873,11.4859,13.7847
2019/6/7 9:35,108.0890,122.2940,137.6740,75.6110,71.9530,81.3200,109.3900,18.5897,7.1920,5.4778,12.4904,11.4903,13.7847
2019/6/7 9:36,108.0760,122.3020,137.6830,75.6150,71.9540,81.3200,109.3860,18.5857,7.1910,5.4764,12.4924,11.4909,13.7831
2019/6/7 9:37,108.1210,122.3270,137.7450,75.6340,71.9660,81.3560,109.3870,18.5845,7.1920,5.4800,12.4944,11.4944,13.7887
2019/6/7 9:38,108.1290,122.3310,137.7710,75.6440,71.9710,81.3480,109.3680,18.5890,7.1950,5.4847,12.5001,11.4978,13.7898
2019/6/7 9:39,108.1300,122.3150,137.7680,75.6410,71.9590,81.3480,109.3400,18.5989,7.1970,5.4842,12.5021,11.4984,13.7899
2019/6/7 9:40,108.1210,122.3230,137.7780,75.6530,71.9640,81.3490,109.3260,18.6064,7.1980,5.4853,12.5042,11.4987,13.7888
2019/6/7 9:41,108.1090,122.3210,137.7640,75.6480,71.9550,81.3380,109.3440,18.6033,7.1970,5.4841,12.5059,11.4981,13.7873
2019/6/7 9:42,108.0880,122.3350,137.7550,75.6490,71.9590,81.3290,109.3790,18.6012,7.2050,5.4831,12.5040,11.4980,13.7846
2019/6/7 9:43,108.0840,122.3470,137.7200,75.6570,71.9660,81.3390,109.3740,18.6182,7.2050,5.4822,12.5066,11.4971,13.7840
2019/6/7 9:44,108.0890,122.3410,137.6990,75.6510,71.9670,81.3470,109.3570,18.6164,7.2040,5.4825,12.5044,11.4957,13.7846
2019/6/7 9:45,108.0820,122.3360,137.7040,75.6560,71.9720,81.3480,109.3600,18.6154,7.2040,5.4840,12.5046,11.4990,13.7837
2019/6/7 9:46,108.0950,122.3400,137.7090,75.6530,71.9720,81.3520,109.3540,18.6164,7.2030,5.4859,12.5047,11.4989,13.7854
2019/6/7 9:47,108.0650,122.3430,137.7140,75.6580,71.9730,81.3460,109.3470,18.6074,7.2040,5.4847,12.5071,11.4981,13.7816
2019/6/7 9:48,108.0590,122.3310,137.6890,75.6540,71.9690,81.3400,109.3510,18.6078,7.2050,5.4840,12.5049,11.4949,13.7808
2019/6/7 9:49,108.0860,122.3070,137.6870,75.6340,71.9580,81.3340,109.3210,18.6116,7.2030,5.4850,12.4989,11.4888,13.7843
2019/6/7 9:50,108.0970,122.3120,137.6920,75.6480,71.9680,81.3350,109.3230,18.6157,7.2030,5.4862,12.4979,11.4892,13.7857
2019/6/7 9:51,108.1020,122.3230,137.6990,75.6530,71.9740,81.3410,109.3240,18.6095,7.2030,5.4863,12.5028,11.4943,13.7864
2019/6/7 9:52,108.0840,122.2970,137.6860,75.6490,71.9660,81.3550,109.3040,18.6069,7.2030,5.4841,12.5008,11.4927,13.7841
2019/6/7 9:53,108.0790,122.2970,137.6800,75.6410,71.9640,81.3290,109.2820,18.6061,7.2050,5.4851,12.5016,11.4947,13.7834
2019/6/7 9:54,108.0630,122.2970,137.6930,75.6390,71.9670,81.3250,109.2880,18.6045,7.2030,5.4860,12.5039,11.4946,13.7814
2019/6/7 9:55,108.0780,122.3220,137.7320,75.6670,71.9820,81.3620,109.2930,18.6159,7.2080,5.4859,12.5072,11.4974,13.7832
2019/6/7 9:56,108.0610,122.3170,137.6990,75.6580,71.9820,81.3500,109.2840,18.6204,7.2100,5.4870,12.5063,11.4962,13.7811
2019/6/7 9:57,108.0740,122.3060,137.6840,75.6600,71.9890,81.3730,109.2900,18.6226,7.2100,5.4909,12.5048,11.4944,13.7827
2019/6/7 9:58,108.0710,122.3280,137.6780,75.6620,71.9900,81.3560,109.2960,18.6219,7.2100,5.4915,12.5085,11.4967,13.7823
2019/6/7 9:59,108.0880,122.3460,137.6830,75.6600,71.9870,81.3710,109.3010,18.6207,7.2140,5.4897,12.5105,11.4972,13.7844
2019/6/7 10:00,108.0940,122.3480,137.6900,75.6680,71.9900,81.3850,109.3130,18.6229,7.2170,5.4896,12.5126,11.4985,13.7851
2019/6/7 10:01,108.0810,122.3280,137.7140,75.6700,71.9950,81.3780,109.2900,18.6205,7.2150,5.4923,12.5185,11.4986,13.7835
2019/6/7 10:02,108.0940,122.3400,137.7240,75.6800,72.0040,81.3830,109.2990,18.6222,7.2160,5.4962,12.5215,11.5012,13.7852
2019/6/7 10:03,108.0970,122.3530,137.7390,75.6950,72.0150,81.4090,109.2920,18.6233,7.2200,5.4964,12.5248,11.5039,13.7857
2019/6/7 10:04,108.0940,122.3530,137.7360,75.7000,72.0160,81.3870,109.2860,18.6268,7.2210,5.4987,12.5232,11.5033,13.7853
2019/6/7 10:05,108.0760,122.3480,137.7650,75.7160,72.0430,81.3920,109.2760,18.6420,7.2220,5.4998,12.5232,11.5034,13.7830
2019/6/7 10:06,108.0730,122.3600,137.7550,75.7150,72.0550,81.3940,109.2940,18.6411,7.2240,5.5042,12.5208,11.5029,13.7826
2019/6/7 10:07,108.0590,122.3490,137.7450,75.7210,72.0540,81.3780,109.2910,18.6389,7.2240,5.5043,12.5178,11.5018,13.7809
2019/6/7 10:08,108.0410,122.3500,137.7420,75.7240,72.0550,81.3750,109.3030,18.6299,7.2230,5.5022,12.5181,11.5009,13.7786
2019/6/7 10:09,108.0540,122.3790,137.7670,75.7300,72.0670,81.3890,109.3260,18.6326,7.2260,5.5025,12.5215,11.5037,13.7803
2019/6/7 10:10,108.0630,122.3850,137.7180,75.7250,72.0610,81.3890,109.3360,18.6373,7.2240,5.5012,12.5250,11.5050,13.7814
2019/6/7 10:11,108.0560,122.3790,137.7220,75.7240,72.0640,81.3750,109.3350,18.6341,7.2260,5.5010,12.5237,11.5041,13.7805
2019/6/7 10:12,108.0730,122.3950,137.7220,75.7300,72.0680,81.3810,109.3440,18.6419,7.2290,5.5030,12.5242,11.5057,13.7827
2019/6/7 10:13,108.0660,122.3760,137.7150,75.7100,72.0480,81.3630,109.3430,18.6289,7.2240,5.5003,12.5217,11.5031,13.7819
2019/6/7 10:14,108.0550,122.3900,137.7400,75.7110,72.0420,81.3510,109.3530,18.6299,7.2210,5.4996,12.5227,11.5059,13.7803
2019/6/7 10:15,108.0540,122.3970,137.7610,75.7210,72.0430,81.3570,109.3550,18.6254,7.2250,5.5006,12.5261,11.5085,13.7803
2019/6/7 10:16,108.0540,122.3790,137.7510,75.7150,72.0340,81.3480,109.3490,18.6141,7.2210,5.4994,12.5222,11.5046,13.7802
2019/6/7 10:17,108.0450,122.3840,137.7880,75.7230,72.0410,81.3580,109.3660,18.6280,7.2210,5.4980,12.5236,11.5057,13.7791
2019/6/7 10:18,108.0170,122.4100,137.7740,75.7310,72.0560,81.3470,109.3730,18.6122,7.2220,5.4979,12.5254,11.5092,13.7757
2019/6/7 10:19,108.0060,122.4320,137.7710,75.7440,72.0710,81.3590,109.4080,18.6087,7.2250,5.4972,12.5300,11.5122,13.7743
2019/6/7 10:20,107.9910,122.4500,137.7790,75.7440,72.0950,81.3570,109.3810,18.6083,7.2240,5.4953,12.5318,11.5126,13.7723
2019/6/7 10:21,108.0170,122.4460,137.8100,75.7290,72.0860,81.3470,109.3730,18.6106,7.2230,5.4956,12.5308,11.5111,13.7756
2019/6/7 10:22,107.9950,122.4150,137.7600,75.7100,72.0670,81.3330,109.3510,18.6065,7.2200,5.4942,12.5250,11.5066,13.7727
2019/6/7 10:23,108.0080,122.4160,137.7870,75.7260,72.0760,81.3490,109.3630,18.6070,7.2170,5.4934,12.5260,11.5083,13.7744
2019/6/7 10:24,107.9850,122.4170,137.7870,75.7240,72.0750,81.3460,109.3570,18.6062,7.2230,5.4925,12.5273,11.5083,13.7716
2019/6/7 10:25,107.9950,122.4030,137.7900,75.7120,72.0580,81.3220,109.3530,18.6081,7.2230,5.4914,12.5259,11.5041,13.7729
2019/6/7 10:26,107.9900,122.4020,137.7860,75.7120,72.0530,81.3160,109.3420,18.6143,7.2250,5.4918,12.5258,11.5021,13.7722
2019/6/7 10:27,107.9900,122.4080,137.7910,75.7050,72.0520,81.3090,109.3530,18.6142,7.2250,5.4940,12.5249,11.5022,13.7721
2019/6/7 10:28,107.9750,122.4290,137.7730,75.7240,72.0650,81.3150,109.3360,18.6069,7.2250,5.4944,12.5279,11.5040,13.7704
2019/6/7 10:29,107.9840,122.4360,137.7560,75.7270,72.0590,81.3170,109.3390,18.6044,7.2240,5.4958,12.5305,11.5053,13.7714
2019/6/7 10:30,107.9750,122.4160,137.7430,75.7310,72.0720,81.3170,109.3410,18.6124,7.2260,5.4981,12.5297,11.5037,13.7703
2019/6/7 10:31,107.9670,122.4330,137.7210,75.7450,72.0780,81.3140,109.3660,18.6215,7.2300,5.4949,12.5321,11.5056,13.7701
2019/6/7 10:32,107.9410,122.4040,137.6790,75.7290,72.0690,81.2950,109.3300,18.6139,7.2270,5.4949,12.5282,11.5022,13.7667
2019/6/7 10:33,107.9630,122.4280,137.6680,75.7510,72.0780,81.2910,109.3540,18.6205,7.2310,5.4963,12.5300,11.5045,13.7696
2019/6/7 10:34,107.9920,122.4710,137.7410,75.7720,72.0980,81.3190,109.3820,18.6284,7.2350,5.5007,12.5350,11.5081,13.7735
2019/6/7 10:35,107.9900,122.4740,137.7200,75.7690,72.0880,81.3060,109.3880,18.6246,7.2330,5.4990,12.5341,11.5091,13.7733
2019/6/7 10:36,107.9870,122.4800,137.7230,75.7600,72.0840,81.2970,109.3910,18.6229,7.2290,5.4979,12.5319,11.5105,13.7729
2019/6/7 10:37,108.0100,122.4920,137.7390,75.7740,72.0980,81.3090,109.3900,18.6269,7.2310,5.5003,12.5316,11.5100,13.7759
2019/6/7 10:38,108.0050,122.5010,137.7490,75.7730,72.0950,81.3110,109.4060,18.6261,7.2330,5.4991,12.5293,11.5087,13.7752
2019/6/7 10:39,108.0210,122.4970,137.7550,75.7860,72.0980,81.3360,109.4200,18.6288,7.2380,5.5016,12.5300,11.5096,13.7772
2019/6/7 10:40,108.0390,122.5030,137.7650,75.7780,72.0920,81.3480,109.4080,18.6326,7.2390,5.5030,12.5295,11.5100,13.7794
2019/6/7 10:41,108.0220,122.4810,137.7570,75.7600,72.0780,81.3310,109.3910,18.6294,7.2380,5.5034,12.5270,11.5064,13.7773
2019/6/7 10:42,108.0410,122.4760,137.7600,75.7640,72.0870,81.3330,109.4080,18.6334,7.2390,5.5025,12.5257,11.5055,13.7798
2019/6/7 10:43,108.0210,122.4840,137.7360,75.7680,72.0850,81.3280,109.4140,18.6306,7.2400,5.5020,12.5274,11.5070,13.7772
2019/6/7 10:44,108.0250,122.4900,137.7310,75.7720,72.0960,81.3170,109.4240,18.6296,7.2400,5.5024,12.5272,11.5078,13.7777
2019/6/7 10:45,108.0060,122.4800,137.6550,75.7600,72.0870,81.2970,109.4290,18.6258,7.2400,5.4996,12.5354,11.5135,13.7753
2019/6/7 10:46,108.0230,122.5060,137.6970,75.7840,72.1110,81.3280,109.4370,18.6312,7.2420,5.5018,12.5449,11.5184,13.7775
2019/6/7 10:47,108.0250,122.5100,137.6990,75.7960,72.1300,81.3670,109.4290,18.6344,7.2460,5.5007,12.5465,11.5183,13.7778
2019/6/7 10:48,107.9890,122.4810,137.6690,75.7770,72.1150,81.3490,109.4080,18.6358,7.2450,5.4986,12.5406,11.5153,13.7732
2019/6/7 10:49,107.9850,122.5170,137.6700,75.7960,72.1330,81.3720,109.4310,18.6351,7.2450,5.4988,12.5447,11.5173,13.7727
2019/6/7 10:50,107.9760,122.5200,137.6880,75.8040,72.1330,81.3810,109.4430,18.6386,7.2460,5.4982,12.5469,11.5198,13.7715
2019/6/7 10:51,107.9750,122.5060,137.6910,75.7860,72.1220,81.3740,109.4520,18.6436,7.2430,5.5009,12.5467,11.5161,13.7714
2019/6/7 10:52,107.9830,122.4920,137.7310,75.8060,72.1360,81.3910,109.4380,18.6423,7.2450,5.5066,12.5472,11.5169,13.7724
2019/6/7 10:53,107.9970,122.5070,137.7720,75.8090,72.1440,81.3580,109.4300,18.6476,7.2430,5.5093,12.5466,11.5152,13.7742
2019/6/7 10:54,107.9970,122.4690,137.7870,75.8000,72.1300,81.3450,109.4170,18.6440,7.2420,5.5099,12.5383,11.5083,13.7742
2019/6/7 10:55,108.0060,122.4570,137.7490,75.7760,72.1020,81.2930,109.4040,18.6347,7.2420,5.5087,12.5337,11.5040,13.7752
2019/6/7 10:56,108.0210,122.4740,137.7800,75.7680,72.0990,81.2910,109.4100,18.6392,7.2380,5.5072,12.5358,11.5066,13.7771
2019/6/7 10:57,108.0200,122.4590,137.7810,75.7400,72.0870,81.2730,109.4070,18.6394,7.2400,5.5072,12.5308,11.5044,13.7760
2019/6/7 10:58,108.0210,122.4710,137.7920,75.7530,72.1070,81.2780,109.4070,18.6404,7.2420,5.5051,12.5378,11.5077,13.7762
2019/6/7 10:59,108.0180,122.4670,137.8120,75.7510,72.1060,81.2960,109.4160,18.6435,7.2420,5.5051,12.5363,11.5078,13.7758
2019/6/7 11:00,108.0100,122.4500,137.7690,75.7440,72.1110,81.3260,109.4180,18.6479,7.2420,5.5039,12.5351,11.5063,13.7748
2019/6/7 11:01,108.0230,122.4700,137.8260,75.7690,72.1360,81.3420,109.4360,18.6659,7.2440,5.5053,12.5360,11.5087,13.7766
2019/6/7 11:02,108.0160,122.4860,137.8120,75.7750,72.1270,81.3340,109.4450,18.6668,7.2420,5.5030,12.5385,11.5117,13.7758
2019/6/7 11:03,108.0180,122.4870,137.7950,75.7660,72.1060,81.3140,109.4440,18.6616,7.2400,5.5028,12.5367,11.5090,13.7762
2019/6/7 11:04,108.0340,122.5120,137.8290,75.7820,72.1150,81.3380,109.4520,18.6559,7.2410,5.5038,12.5410,11.5123,13.7782
2019/6/7 11:05,108.0330,122.5000,137.8480,75.7760,72.1130,81.3330,109.4410,18.6556,7.2410,5.5023,12.5393,11.5111,13.7782
2019/6/7 11:06,108.0360,122.4990,137.8220,75.7730,72.1060,81.3360,109.4460,18.6467,7.2360,5.5018,12.5379,11.5110,13.7785
2019/6/7 11:07,108.0380,122.5150,137.8320,75.7670,72.1060,81.3240,109.4700,18.6403,7.2360,5.5019,12.5394,11.5108,13.7790
2019/6/7 11:08,108.0450,122.5390,137.8620,75.7880,72.1220,81.3500,109.4930,18.6439,7.2420,5.5031,12.5449,11.5169,13.7799
2019/6/7 11:09,108.0320,122.5290,137.8570,75.7840,72.1240,81.3250,109.4840,18.6412,7.2400,5.5013,12.5437,11.5143,13.7782
2019/6/7 11:10,108.0610,122.5670,137.8910,75.8050,72.1430,81.3650,109.5180,18.6455,7.2420,5.5028,12.5487,11.5194,13.7819
2019/6/7 11:11,108.0450,122.5540,137.8560,75.7920,72.1240,81.3540,109.5040,18.6587,7.2440,5.5072,12.5448,11.5171,13.7800
2019/6/7 11:12,108.0300,122.5310,137.8440,75.7840,72.1220,81.3500,109.4870,18.6520,7.2420,5.5058,12.5409,11.5140,13.7781
2019/6/7 11:13,108.0330,122.5400,137.8300,75.7710,72.1140,81.3430,109.5100,18.6405,7.2410,5.5058,12.5408,11.5145,13.7785
2019/6/7 11:14,108.0140,122.5310,137.7790,75.7610,72.1000,81.3280,109.5090,18.6407,7.2370,5.5025,12.5399,11.5143,13.7760
2019/6/7 11:15,108.0200,122.5440,137.7890,75.7580,72.0920,81.3210,109.5280,18.6357,7.2350,5.5018,12.5406,11.5128,13.7763
2019/6/7 11:16,108.0190,122.5410,137.7920,75.7540,72.0940,81.3160,109.5240,18.6245,7.2330,5.5016,12.5389,11.5127,13.7753
2019/6/7 11:17,108.0110,122.5330,137.8260,75.7570,72.0950,81.3150,109.5190,18.6139,7.2330,5.5014,12.5364,11.5096,13.7741
2019/6/7 11:18,108.0080,122.5200,137.8240,75.7480,72.0960,81.3230,109.5080,18.6171,7.2320,5.5011,12.5315,11.5085,13.7738
2019/6/7 11:19,107.9940,122.5040,137.7670,75.7410,72.0860,81.3070,109.4960,18.6159,7.2320,5.5012,12.5307,11.5070,13.7721
2019/6/7 11:20,108.0060,122.5080,137.7690,75.7390,72.0830,81.3240,109.5020,18.6175,7.2330,5.5017,12.5316,11.5065,13.7736
2019/6/7 11:21,108.0170,122.5080,137.7760,75.7460,72.0910,81.3510,109.5140,18.6195,7.2310,5.5033,12.5329,11.5080,13.7749
2019/6/7 11:22,108.0180,122.4950,137.7420,75.7430,72.0810,81.3470,109.5080,18.6201,7.2280,5.5032,12.5322,11.5068,13.7747
2019/6/7 11:23,108.0280,122.4990,137.7330,75.7380,72.0800,81.3440,109.5030,18.6210,7.2270,5.5026,12.5312,11.5053,13.7760
2019/6/7 11:24,108.0350,122.4920,137.7240,75.7420,72.0840,81.3590,109.4960,18.6232,7.2260,5.5030,12.5350,11.5060,13.7768
2019/6/7 11:25,108.0470,122.4970,137.6930,75.7500,72.0860,81.3680,109.4990,18.6065,7.2270,5.5039,12.5368,11.5059,13.7784
2019/6/7 11:26,108.0540,122.4950,137.6630,75.7440,72.0830,81.3510,109.5010,18.6118,7.2270,5.5028,12.5323,11.5046,13.7793
2019/6/7 11:27,108.0350,122.4630,137.6210,75.7280,72.0710,81.3270,109.4770,18.6051,7.2250,5.5025,12.5272,11.5007,13.7768
2019/6/7 11:28,108.0440,122.4860,137.6480,75.7360,72.0760,81.3330,109.4800,18.6072,7.2260,5.5009,12.5294,11.5035,13.7778
2019/6/7 11:29,108.0510,122.5110,137.6500,75.7360,72.0810,81.3330,109.4900,18.6086,7.2250,5.5015,12.5310,11.5058,13.7786
2019/6/7 11:30,108.0590,122.5200,137.6680,75.7390,72.0750,81.3280,109.4910,18.6117,7.2240,5.5015,12.5318,11.5077,13.7797
2019/6/7 11:31,108.0550,122.4930,137.6540,75.7170,72.0610,81.3130,109.4900,18.6105,7.2240,5.5005,12.5294,11.5058,13.7791
2019/6/7 11:32,108.0650,122.5100,137.6770,75.7200,72.0690,81.3210,109.5000,18.6123,7.2240,5.5018,12.5304,11.5070,13.7804
2019/6/7 11:33,108.0570,122.5010,137.6890,75.7160,72.0630,81.3250,109.4880,18.6121,7.2250,5.5014,12.5309,11.5062,13.7792
2019/6/7 11:34,108.0670,122.5180,137.7100,75.7280,72.0740,81.3510,109.4970,18.6135,7.2250,5.5019,12.5329,11.5091,13.7805
2019/6/7 11:35,108.0790,122.5270,137.7190,75.7340,72.0820,81.3820,109.5000,18.6138,7.2280,5.5025,12.5348,11.5099,13.7823
2019/6/7 11:36,108.0650,122.5200,137.7200,75.7360,72.0800,81.3790,109.4970,18.6145,7.2270,5.5021,12.5352,11.5100,13.7805
2019/6/7 11:37,108.0790,122.5130,137.7270,75.7340,72.0810,81.3910,109.4870,18.6173,7.2270,5.5023,12.5389,11.5106,13.7823
2019/6/7 11:38,108.0840,122.5100,137.7170,75.7370,72.0790,81.3860,109.4920,18.6180,7.2280,5.5019,12.5375,11.5098,13.7830
2019/6/7 11:39,108.0950,122.5270,137.7470,75.7440,72.0820,81.3940,109.4990,18.6219,7.2280,5.5025,12.5391,11.5106,13.7844
2019/6/7 11:40,108.0970,122.5170,137.7410,75.7450,72.0760,81.4020,109.4830,18.5938,7.2220,5.5012,12.5403,11.5099,13.7846
2019/6/7 11:41,108.1020,122.5070,137.7360,75.7360,72.0730,81.4050,109.4890,18.5992,7.2180,5.5013,12.5394,11.5091,13.7854
2019/6/7 11:42,108.1200,122.5030,137.7580,75.7430,72.0790,81.4160,109.4900,18.5944,7.2200,5.5015,12.5401,11.5085,13.7877
2019/6/7 11:43,108.0980,122.4950,137.7420,75.7340,72.0710,81.4100,109.4740,18.5931,7.2210,5.5003,12.5385,11.5078,13.7849
2019/6/7 11:44,108.0920,122.4850,137.7350,75.7330,72.0670,81.4130,109.4690,18.5921,7.2200,5.5003,12.5389,11.5066,13.7842
2019/6/7 11:45,108.0870,122.4860,137.7410,75.7370,72.0710,81.4100,109.4840,18.5848,7.2180,5.5001,12.5389,11.5066,13.7833
2019/6/7 11:46,108.0890,122.4870,137.7400,75.7320,72.0730,81.4180,109.4850,18.5750,7.2180,5.4996,12.5391,11.5066,13.7838
2019/6/7 11:47,108.0780,122.4760,137.7390,75.7320,72.0670,81.4090,109.4650,18.5735,7.2210,5.5014,12.5378,11.5055,13.7824
2019/6/7 11:48,108.1290,122.5020,137.7850,75.7490,72.0790,81.4460,109.4880,18.5829,7.2220,5.5031,12.5406,11.5079,13.7889
2019/6/7 11:49,108.1270,122.4980,137.7910,75.7560,72.0860,81.4480,109.4800,18.5825,7.2240,5.5039,12.5402,11.5077,13.7886
2019/6/7 11:50,108.1420,122.5220,137.8090,75.7670,72.0940,81.4480,109.4970,18.5870,7.2230,5.5059,12.5424,11.5097,13.7905
2019/6/7 11:51,108.1440,122.5270,137.8130,75.7700,72.1020,81.4450,109.5060,18.5891,7.2230,5.5063,12.5433,11.5103,13.7908
2019/6/7 11:52,108.1410,122.5140,137.8180,75.7560,72.0900,81.4370,109.4950,18.5882,7.2200,5.5059,12.5412,11.5088,13.7905
2019/6/7 11:53,108.1410,122.5260,137.8300,75.7570,72.0880,81.4290,109.5090,18.5942,7.2190,5.5056,12.5424,11.5088,13.7904
2019/6/7 11:54,108.1400,122.5180,137.8310,75.7570,72.0880,81.4440,109.4990,18.5908,7.2220,5.5079,12.5415,11.5073,13.7905
2019/6/7 11:55,108.1970,122.5480,137.8640,75.7710,72.0960,81.4860,109.5170,18.6031,7.2220,5.5098,12.5454,11.5101,13.7977
2019/6/7 11:56,108.1820,122.5340,137.8330,75.7570,72.0830,81.4530,109.4940,18.6019,7.2170,5.5078,12.5435,11.5087,13.7957
2019/6/7 11:57,108.1900,122.5120,137.8140,75.7400,72.0670,81.4280,109.4990,18.6031,7.2180,5.5059,12.5397,11.5068,13.7969
2019/6/7 11:58,108.1690,122.4980,137.7910,75.7350,72.0690,81.4060,109.4910,18.5986,7.2160,5.5027,12.5359,11.5041,13.7943
2019/6/7 11:59,108.1560,122.4770,137.7790,75.7260,72.0740,81.3960,109.4890,18.5913,7.2140,5.4993,12.5372,11.5046,13.7928
2019/6/7 12:00,108.1530,122.4700,137.7440,75.7190,72.0650,81.3980,109.4790,18.5922,7.2110,5.4997,12.5347,11.5049,13.7923
2019/6/7 12:01,108.1360,122.4710,137.7490,75.7170,72.0740,81.3820,109.4860,18.5833,7.2100,5.5005,12.5338,11.5049,13.7901
2019/6/7 12:02,108.1240,122.4710,137.7620,75.7090,72.0650,81.3510,109.4820,18.5792,7.2130,5.5007,12.5319,11.5038,13.7886
2019/6/7 12:03,108.1530,122.4810,137.7810,75.7190,72.0760,81.3650,109.4970,18.5765,7.2130,5.5020,12.5325,11.5039,13.7923
2019/6/7 12:04,108.1320,122.4830,137.7720,75.7170,72.0780,81.3670,109.4980,18.5729,7.2120,5.5027,12.5350,11.5042,13.7896
2019/6/7 12:05,108.1370,122.4870,137.7770,75.7290,72.0910,81.3710,109.4930,18.5740,7.2120,5.5021,12.5363,11.5048,13.7903
2019/6/7 12:06,108.1210,122.4760,137.7610,75.7190,72.0760,81.3610,109.4900,18.5712,7.2120,5.5011,12.5346,11.5038,13.7883
2019/6/7 12:07,108.0970,122.4680,137.7540,75.7130,72.0720,81.3550,109.4960,18.5639,7.2120,5.4998,12.5339,11.5046,13.7852
2019/6/7 12:08,108.1090,122.4690,137.7920,75.7200,72.0730,81.3690,109.4880,18.5715,7.2140,5.5002,12.5345,11.5053,13.7867
2019/6/7 12:09,108.0910,122.4720,137.7750,75.7070,72.0660,81.3370,109.4940,18.5707,7.2120,5.4987,12.5344,11.5051,13.7844
2019/6/7 12:10,108.0930,122.4810,137.7870,75.7090,72.0670,81.3490,109.5020,18.5722,7.2140,5.4995,12.5355,11.5061,13.7846
2019/6/7 12:11,108.1020,122.4830,137.8010,75.7160,72.0710,81.3520,109.4980,18.5756,7.2130,5.5002,12.5358,11.5051,13.7858
2019/6/7 12:12,108.1040,122.4800,137.7710,75.7190,72.0620,81.3520,109.5040,18.5755,7.2150,5.4998,12.5364,11.5037,13.7859
2019/6/7 12:13,108.1070,122.4940,137.7720,75.7190,72.0660,81.3700,109.5160,18.5758,7.2180,5.5017,12.5374,11.5054,13.7865
2019/6/7 12:14,108.0880,122.4900,137.7500,75.7100,72.0650,81.3470,109.5070,18.5724,7.2190,5.5005,12.5349,11.5041,13.7841
2019/6/7 12:15,108.0880,122.4940,137.7600,75.7070,72.0680,81.3450,109.5190,18.5732,7.2190,5.5008,12.5357,11.5049,13.7841
2019/6/7 12:16,108.0750,122.4920,137.7640,75.6990,72.0670,81.3400,109.5180,18.5833,7.2160,5.5010,12.5338,11.5040,13.7824
2019/6/7 12:17,108.0900,122.5090,137.7830,75.7090,72.0780,81.3510,109.5310,18.5835,7.2200,5.5033,12.5355,11.5065,13.7843
2019/6/7 12:18,108.0810,122.5130,137.7590,75.7030,72.0790,81.3610,109.5370,18.5825,7.2190,5.5019,12.5347,11.5059,13.7832
2019/6/7 12:19,108.1010,122.5320,137.7850,75.7180,72.0970,81.3920,109.5460,18.5896,7.2200,5.5028,12.5367,11.5073,13.7857
2019/6/7 12:20,108.1020,122.5320,137.8030,75.7170,72.0790,81.3840,109.5460,18.5925,7.2210,5.5028,12.5366,11.5075,13.7858
2019/6/7 12:21,108.1030,122.5220,137.8010,75.7210,72.0830,81.3880,109.5310,18.5910,7.2200,5.5019,12.5357,11.5068,13.7859
2019/6/7 12:22,108.1190,122.5350,137.8110,75.7210,72.0850,81.3970,109.5440,18.5902,7.2220,5.5025,12.5372,11.5091,13.7879
2019/6/7 12:23,108.1200,122.5450,137.8270,75.7290,72.0940,81.4080,109.5500,18.5891,7.2200,5.5027,12.5385,11.5102,13.7880
2019/6/7 12:24,108.1280,122.5450,137.8350,75.7330,72.0920,81.4270,109.5490,18.5906,7.2210,5.5029,12.5398,11.5108,13.7891
2019/6/7 12:25,108.1290,122.5440,137.8510,75.7330,72.0900,81.4250,109.5470,18.5910,7.2200,5.5029,12.5395,11.5103,13.7892
2019/6/7 12:26,108.1230,122.5430,137.8300,75.7310,72.0890,81.4160,109.5420,18.5898,7.2200,5.5016,12.5395,11.5101,13.7884
2019/6/7 12:27,108.1180,122.5300,137.8220,75.7270,72.0850,81.4110,109.5260,18.5890,7.2160,5.5017,12.5384,11.5091,13.7880
2019/6/7 12:28,108.1070,122.5360,137.8290,75.7230,72.0880,81.4040,109.5290,18.5869,7.2160,5.5021,12.5386,11.5094,13.7866
2019/6/7 12:29,108.1120,122.5450,137.8250,75.7220,72.0880,81.4060,109.5340,18.5883,7.2190,5.5033,12.5398,11.5104,13.7872
2019/6/7 12:30,108.1130,122.5580,137.8360,75.7250,72.0900,81.4130,109.5480,18.5885,7.2200,5.5033,12.5424,11.5114,13.7873
2019/6/7 12:31,108.1070,122.5700,137.8380,75.7310,72.0980,81.4030,109.5580,18.5884,7.2210,5.5032,12.5439,11.5126,13.7864
2019/6/7 12:32,108.1070,122.5520,137.8170,75.7200,72.0890,81.3980,109.5500,18.5877,7.2190,5.4997,12.5418,11.5104,13.7864
2019/6/7 12:33,108.1050,122.5450,137.8030,75.7190,72.0870,81.3970,109.5480,18.5870,7.2170,5.4994,12.5411,11.5097,13.7863
2019/6/7 12:34,108.1060,122.5500,137.7930,75.7210,72.0890,81.4020,109.5490,18.5870,7.2170,5.4985,12.5419,11.5102,13.7864
2019/6/7 12:35,108.1000,122.5540,137.7980,75.7180,72.0920,81.3990,109.5520,18.5860,7.2170,5.4976,12.5420,11.5108,13.7855
2019/6/7 12:36,108.0900,122.5430,137.7690,75.7100,72.0880,81.3870,109.5520,18.5842,7.2160,5.4971,12.5410,11.5100,13.7844
2019/6/7 12:37,108.1010,122.5440,137.7620,75.7150,72.0880,81.4110,109.5540,18.5835,7.2130,5.4970,12.5412,11.5102,13.7857
2019/6/7 12:38,108.0850,122.5300,137.7420,75.7080,72.0840,81.4090,109.5540,18.5754,7.2130,5.4960,12.5395,11.5089,13.7837
2019/6/7 12:39,108.0830,122.5290,137.7520,75.7110,72.0880,81.4090,109.5610,18.5682,7.2120,5.4958,12.5396,11.5089,13.7835
2019/6/7 12:40,108.0710,122.5370,137.7480,75.7090,72.0810,81.4140,109.5780,18.5654,7.2110,5.4954,12.5405,11.5098,13.7820
2019/6/7 12:41,108.0830,122.5440,137.7510,75.7130,72.0860,81.4270,109.5780,18.5630,7.2130,5.4963,12.5445,11.5105,13.7835
2019/6/7 12:42,108.0820,122.5520,137.7380,75.7140,72.0870,81.4180,109.5760,18.5630,7.2170,5.4972,12.5457,11.5114,13.7832
2019/6/7 12:43,108.0880,122.5640,137.7470,75.7190,72.0870,81.4160,109.5810,18.5683,7.2180,5.4975,12.5467,11.5131,13.7842
2019/6/7 12:44,108.0840,122.5620,137.7400,75.7170,72.0880,81.4080,109.5800,18.5864,7.2180,5.4964,12.5462,11.5126,13.7837
2019/6/7 12:45,108.0890,122.5640,137.7480,75.7120,72.0890,81.4160,109.5880,18.5964,7.2210,5.4977,12.5459,11.5126,13.7843
2019/6/7 12:46,108.0850,122.5700,137.7540,75.7170,72.0890,81.4120,109.6000,18.5940,7.2200,5.4965,12.5461,11.5131,13.7839
2019/6/7 12:47,108.0900,122.5690,137.7600,75.7160,72.0920,81.4150,109.6060,18.5850,7.2200,5.4967,12.5468,11.5130,13.7844
2019/6/7 12:48,108.0830,122.5730,137.7560,75.7160,72.0900,81.4120,109.6010,18.5841,7.2200,5.4964,12.5468,11.5132,13.7838
2019/6/7 12:49,108.0800,122.5790,137.7570,75.7160,72.0880,81.4090,109.6040,18.5979,7.2200,5.4966,12.5480,11.5169,13.7834
2019/6/7 12:50,108.0660,122.5690,137.7420,75.7110,72.0930,81.4150,109.5940,18.5825,7.2190,5.4965,12.5479,11.5160,13.7816
2019/6/7 12:51,108.0630,122.5610,137.7430,75.7070,72.0920,81.4200,109.5900,18.5820,7.2190,5.4965,12.5468,11.5152,13.7812
2019/6/7 12:52,108.0640,122.5570,137.7410,75.7070,72.0910,81.4300,109.5840,18.5822,7.2180,5.4971,12.5476,11.5149,13.7813
2019/6/7 12:53,108.0660,122.5580,137.7370,75.7090,72.0920,81.4320,109.5820,18.5825,7.2200,5.4970,12.5482,11.5149,13.7815
2019/6/7 12:54,108.1030,122.5850,137.7630,75.7340,72.1110,81.4720,109.5930,18.5889,7.2220,5.4986,12.5515,11.5173,13.7863
2019/6/7 12:55,108.1600,122.6200,137.8140,75.7610,72.1380,81.5010,109.6150,18.5991,7.2250,5.5012,12.5569,11.5210,13.7935
2019/6/7 12:56,108.1180,122.6140,137.7860,75.7340,72.1140,81.4640,109.6010,18.5976,7.2220,5.5006,12.5560,11.5196,13.7882
2019/6/7 12:57,108.1090,122.6130,137.7970,75.7420,72.1190,81.4700,109.5960,18.5962,7.2220,5.5007,12.5564,11.5200,13.7870
2019/6/7 12:58,108.1120,122.6200,137.8200,75.7490,72.1230,81.4740,109.5980,18.5966,7.2240,5.5016,12.5551,11.5205,13.7871
2019/6/7 12:59,108.1240,122.6060,137.8200,75.7560,72.1280,81.4790,109.5870,18.5988,7.2250,5.5013,12.5541,11.5192,13.7887
2019/6/7 13:00,108.1060,122.6100,137.8130,75.7500,72.1230,81.4610,109.5830,18.5941,7.2230,5.5005,12.5518,11.5183,13.7864
2019/6/7 13:01,108.1160,122.6090,137.8000,75.7580,72.1280,81.4700,109.5870,18.5981,7.2240,5.5006,12.5541,11.5197,13.7875
2019/6/7 13:02,108.1070,122.6110,137.8040,75.7620,72.1320,81.4650,109.5860,18.5955,7.2270,5.5025,12.5541,11.5200,13.7864
2019/6/7 13:03,108.1220,122.6170,137.8250,75.7670,72.1300,81.4740,109.5830,18.5946,7.2280,5.5005,12.5557,11.5203,13.7883
2019/6/7 13:04,108.1120,122.6110,137.8100,75.7570,72.1210,81.4660,109.5740,18.5932,7.2270,5.4998,12.5518,11.5187,13.7874
2019/6/7 13:05,108.1210,122.6200,137.8200,75.7580,72.1250,81.4740,109.5720,18.5924,7.2290,5.5008,12.5535,11.5196,13.7883
2019/6/7 13:06,108.1080,122.6170,137.8160,75.7540,72.1220,81.4650,109.5700,18.5901,7.2300,5.5022,12.5523,11.5192,13.7864
2019/6/7 13:07,108.0920,122.6050,137.7970,75.7450,72.1190,81.4520,109.5640,18.5870,7.2290,5.5002,12.5495,11.5175,13.7840
2019/6/7 13:08,108.0960,122.5910,137.7980,75.7420,72.1110,81.4480,109.5570,18.5861,7.2280,5.5006,12.5476,11.5161,13.7845
2019/6/7 13:09,108.0870,122.5890,137.7930,75.7430,72.1080,81.4470,109.5490,18.5886,7.2290,5.5012,12.5474,11.5160,13.7835
2019/6/7 13:10,108.0890,122.5900,137.7930,75.7430,72.1120,81.4500,109.5500,18.5853,7.2280,5.5022,12.5467,11.5161,13.7837
2019/6/7 13:11,108.0930,122.5860,137.8140,75.7380,72.1100,81.4540,109.5530,18.5858,7.2280,5.5035,12.5460,11.5156,13.7842
2019/6/7 13:12,108.0840,122.5810,137.8280,75.7400,72.1030,81.4500,109.5420,18.5838,7.2280,5.5032,12.5459,11.5150,13.7831
2019/6/7 13:13,108.0840,122.5850,137.8390,75.7410,72.1020,81.4500,109.5390,18.5842,7.2290,5.5032,12.5462,11.5155,13.7831
2019/6/7 13:14,108.0930,122.5920,137.8410,75.7450,72.1080,81.4570,109.5460,18.5857,7.2300,5.5043,12.5467,11.5163,13.7843
2019/6/7 13:15,108.0910,122.5880,137.8170,75.7360,72.1070,81.4560,109.5450,18.5850,7.2290,5.5053,12.5459,11.5158,13.7841
2019/6/7 13:16,108.0920,122.5930,137.8200,75.7370,72.1090,81.4530,109.5470,18.5854,7.2290,5.5080,12.5458,11.5163,13.7842
2019/6/7 13:17,108.1510,122.6200,137.8640,75.7760,72.1300,81.5230,109.5630,18.5945,7.2330,5.5253,12.5497,11.5187,13.7917
2019/6/7 13:18,108.1560,122.6330,137.8470,75.7820,72.1280,81.5360,109.5720,18.5951,7.2330,5.5264,12.5535,11.5202,13.7924
2019/6/7 13:19,108.1660,122.6340,137.8350,75.7780,72.1270,81.5320,109.5740,18.5973,7.2350,5.5260,12.5537,11.5202,13.7936
2019/6/7 13:20,108.1540,122.6330,137.8360,75.7710,72.1170,81.5180,109.5710,18.5947,7.2350,5.5283,12.5537,11.5199,13.7921
2019/6/7 13:21,108.1470,122.6240,137.8130,75.7610,72.1140,81.5030,109.5650,18.5979,7.2360,5.5249,12.5524,11.5216,13.7912
2019/6/7 13:22,108.1480,122.6060,137.7910,75.7530,72.1030,81.4880,109.5510,18.5965,7.2350,5.5260,12.5496,11.5180,13.7912
2019/6/7 13:23,108.1580,122.6170,137.7980,75.7610,72.1100,81.4990,109.5550,18.5982,7.2360,5.5256,12.5500,11.5185,13.7926
2019/6/7 13:24,108.1660,122.6150,137.8070,75.7610,72.1050,81.5010,109.5480,18.6011,7.2410,5.5243,12.5493,11.5173,13.7936
2019/6/7 13:25,108.1650,122.6160,137.8060,75.7570,72.1030,81.5010,109.5490,18.6014,7.2420,5.5243,12.5495,11.5176,13.7935
2019/6/7 13:26,108.1740,122.6080,137.8050,75.7560,72.1000,81.5030,109.5470,18.6033,7.2430,5.5268,12.5486,11.5154,13.7947
2019/6/7 13:27,108.1640,122.6020,137.7950,75.7530,72.1020,81.4990,109.5490,18.6018,7.2440,5.5276,12.5496,11.5149,13.7933
2019/6/7 13:28,108.1800,122.6210,137.8130,75.7600,72.1040,81.5020,109.5570,18.6044,7.2430,5.5249,12.5516,11.5169,13.7953
2019/6/7 13:29,108.1650,122.6140,137.8140,75.7550,72.1040,81.4960,109.5500,18.6028,7.2420,5.5232,12.5490,11.5156,13.7934
2019/6/7 13:30,108.1680,122.6130,137.8160,75.7510,72.0970,81.5030,109.5420,18.6036,7.2410,5.5207,12.5495,11.5155,13.7938
2019/6/7 13:31,108.1730,122.6190,137.8240,75.7540,72.0980,81.5050,109.5480,18.6045,7.2410,5.5225,12.5500,11.5151,13.7944
2019/6/7 13:32,108.1900,122.6350,137.8350,75.7560,72.1070,81.5150,109.5540,18.6073,7.2430,5.5242,12.5514,11.5160,13.7966
2019/6/7 13:33,108.1910,122.6320,137.8250,75.7500,72.1000,81.5120,109.5550,18.6072,7.2400,5.5214,12.5511,11.5160,13.7967
2019/6/7 13:34,108.1840,122.6280,137.8280,75.7470,72.0960,81.5050,109.5390,18.6060,7.2380,5.5179,12.5504,11.5154,13.7958
2019/6/7 13:35,108.1890,122.6360,137.8220,75.7570,72.1070,81.5070,109.5340,18.6061,7.2390,5.5177,12.5518,11.5185,13.7964
2019/6/7 13:36,108.1810,122.6390,137.8250,75.7590,72.1030,81.5020,109.5380,18.6053,7.2380,5.5178,12.5534,11.5185,13.7954
2019/6/7 13:37,108.1770,122.6400,137.8410,75.7590,72.1030,81.5000,109.5550,18.6046,7.2380,5.5181,12.5531,11.5181,13.7949
2019/6/7 13:38,108.1750,122.6540,137.8470,75.7690,72.1170,81.5140,109.5680,18.6043,7.2410,5.5224,12.5563,11.5199,13.7946
2019/6/7 13:39,108.1750,122.6530,137.8510,75.7670,72.1110,81.5150,109.5680,18.6028,7.2410,5.5225,12.5561,11.5195,13.7946
2019/6/7 13:40,108.1740,122.6510,137.8550,75.7660,72.1100,81.5250,109.5650,18.6039,7.2370,5.5181,12.5558,11.5202,13.7945
2019/6/7 13:41,108.1620,122.6520,137.8240,75.7590,72.1110,81.5100,109.5720,18.6017,7.2380,5.5175,12.5545,11.5198,13.7930
2019/6/7 13:42,108.1700,122.6430,137.8180,75.7510,72.1060,81.5000,109.5630,18.6031,7.2360,5.5140,12.5525,11.5162,13.7940
2019/6/7 13:43,108.1700,122.6500,137.8380,75.7530,72.1070,81.5010,109.5700,18.6030,7.2360,5.5172,12.5532,11.5170,13.7940
2019/6/7 13:44,108.1700,122.6510,137.8420,75.7550,72.1060,81.5110,109.5720,18.6040,7.2360,5.5157,12.5534,11.5173,13.7940
2019/6/7 13:45,108.1700,122.6500,137.8320,75.7500,72.1070,81.5100,109.5720,18.6039,7.2360,5.5123,12.5529,11.5159,13.7940
2019/6/7 13:46,108.1600,122.6520,137.8440,75.7600,72.1130,81.5090,109.5780,18.6014,7.2330,5.5110,12.5531,11.5159,13.7926
2019/6/7 13:47,108.1690,122.6570,137.8500,75.7670,72.1170,81.5110,109.5920,18.6030,7.2330,5.5145,12.5526,11.5164,13.7939
2019/6/7 13:48,108.1650,122.6520,137.8460,75.7630,72.1130,81.5120,109.5850,18.6034,7.2340,5.5133,12.5521,11.5163,13.7934
2019/6/7 13:49,108.1710,122.6530,137.8510,75.7670,72.1160,81.5170,109.5840,18.6044,7.2340,5.5126,12.5519,11.5170,13.7941
2019/6/7 13:50,108.1550,122.6480,137.8440,75.7580,72.1090,81.5170,109.5770,18.6019,7.2330,5.5140,12.5515,11.5172,13.7921
2019/6/7 13:51,108.1650,122.6460,137.8480,75.7620,72.1130,81.5230,109.5780,18.6033,7.2340,5.5145,12.5516,11.5177,13.7934
2019/6/7 13:52,108.1600,122.6450,137.8400,75.7570,72.1090,81.5200,109.5790,18.6027,7.2340,5.5143,12.5511,11.5167,13.7927
2019/6/7 13:53,108.1610,122.6490,137.8440,75.7620,72.1120,81.5280,109.5830,18.6015,7.2350,5.5189,12.5514,11.5179,13.7928
2019/6/7 13:54,108.1560,122.6520,137.8430,75.7650,72.1180,81.5290,109.5840,18.6001,7.2350,5.5171,12.5518,11.5192,13.7922
2019/6/7 13:55,108.1570,122.6540,137.8490,75.7680,72.1210,81.5290,109.5880,18.6004,7.2370,5.5208,12.5520,11.5194,13.7923
2019/6/7 13:56,108.1450,122.6610,137.8440,75.7720,72.1220,81.5200,109.5870,18.5985,7.2360,5.5201,12.5523,11.5197,13.7908
2019/6/7 13:57,108.1260,122.6510,137.8220,75.7670,72.1240,81.5050,109.5810,18.5948,7.2410,5.5173,12.5492,11.5194,13.7884
2019/6/7 13:58,108.1370,122.6550,137.8380,75.7750,72.1250,81.5170,109.5900,18.5963,7.2400,5.5189,12.5500,11.5200,13.7898
2019/6/7 13:59,108.1410,122.6670,137.8610,75.7810,72.1340,81.5360,109.5940,18.5970,7.2400,5.5190,12.5526,11.5212,13.7903
2019/6/7 14:00,108.1400,122.6630,137.8360,75.7760,72.1340,81.5250,109.5910,18.5969,7.2390,5.5191,12.5520,11.5225,13.7902
2019/6/7 14:01,108.1400,122.6650,137.8580,75.7750,72.1320,81.5290,109.5940,18.5966,7.2370,5.5189,12.5525,11.5209,13.7902
2019/6/7 14:02,108.1370,122.6470,137.8530,75.7650,72.1160,81.5130,109.5890,18.5963,7.2350,5.5180,12.5532,11.5190,13.7898
2019/6/7 14:03,108.1640,122.6540,137.8700,75.7720,72.1150,81.5280,109.5850,18.6011,7.2350,5.5205,12.5539,11.5194,13.7932
2019/6/7 14:04,108.1700,122.6600,137.8640,75.7770,72.1200,81.5360,109.5860,18.5943,7.2360,5.5208,12.5547,11.5201,13.7940
2019/6/7 14:05,108.1630,122.6560,137.8440,75.7750,72.1220,81.5260,109.5870,18.5938,7.2340,5.5204,12.5543,11.5198,13.7931
2019/6/7 14:06,108.1710,122.6560,137.8420,75.7780,72.1190,81.5330,109.5930,18.5952,7.2340,5.5198,12.5543,11.5198,13.7941
2019/6/7 14:07,108.1720,122.6360,137.8220,75.7700,72.1090,81.5280,109.5830,18.5822,7.2350,5.5186,12.5520,11.5163,13.7942
2019/6/7 14:08,108.1720,122.6290,137.8230,75.7690,72.1080,81.5180,109.5820,18.5812,7.2340,5.5182,12.5513,11.5164,13.7942
2019/6/7 14:09,108.1750,122.6280,137.8170,75.7740,72.1130,81.5210,109.5810,18.5761,7.2350,5.5178,12.5515,11.5176,13.7946
2019/6/7 14:10,108.1740,122.6250,137.8240,75.7730,72.1130,81.5190,109.5800,18.5776,7.2350,5.5177,12.5515,11.5185,13.7945
2019/6/7 14:11,108.1660,122.6340,137.8240,75.7700,72.1160,81.5120,109.5850,18.5752,7.2330,5.5182,12.5561,11.5210,13.7934
2019/6/7 14:12,108.1640,122.6460,137.8340,75.7680,72.1150,81.5060,109.5940,18.5818,7.2330,5.5181,12.5570,11.5213,13.7932
2019/6/7 14:13,108.1790,122.6350,137.8380,75.7650,72.1130,81.5250,109.5860,18.5814,7.2350,5.5191,12.5572,11.5194,13.7951
2019/6/7 14:14,108.1810,122.6330,137.8340,75.7650,72.1070,81.5240,109.5800,18.5805,7.2340,5.5200,12.5571,11.5207,13.7954
2019/6/7 14:15,108.1680,122.6430,137.8300,75.7620,72.1070,81.5200,109.5870,18.5687,7.2340,5.5195,12.5582,11.5193,13.7937
2019/6/7 14:16,108.1660,122.6510,137.8350,75.7610,72.1100,81.5250,109.5880,18.5648,7.2340,5.5194,12.5595,11.5191,13.7935
2019/6/7 14:17,108.1590,122.6670,137.8380,75.7620,72.1130,81.5280,109.6110,18.5523,7.2330,5.5196,12.5614,11.5210,13.7926
2019/6/7 14:18,108.1710,122.6850,137.8410,75.7700,72.1190,81.5330,109.6260,18.5479,7.2340,5.5204,12.5627,11.5223,13.7941
2019/6/7 14:19,108.1730,122.6820,137.8430,75.7690,72.1200,81.5350,109.6220,18.5522,7.2350,5.5209,12.5620,11.5223,13.7943
2019/6/7 14:20,108.1740,122.6820,137.8350,75.7710,72.1120,81.5400,109.6230,18.5512,7.2350,5.5206,12.5619,11.5223,13.7944
2019/6/7 14:21,108.1750,122.6780,137.8280,75.7740,72.1140,81.5400,109.6220,18.5396,7.2350,5.5210,12.5629,11.5225,13.7946
2019/6/7 14:22,108.1830,122.6810,137.8250,75.7790,72.1150,81.5460,109.6250,18.5476,7.2350,5.5214,12.5632,11.5231,13.7956
2019/6/7 14:23,108.1840,122.6710,137.8220,75.7790,72.1150,81.5490,109.6180,18.5488,7.2350,5.5213,12.5623,11.5238,13.7958
2019/6/7 14:24,108.2000,122.6760,137.8370,75.7810,72.1180,81.5620,109.6230,18.5615,7.2360,5.5219,12.5658,11.5244,13.7978
2019/6/7 14:25,108.1830,122.6600,137.8220,75.7690,72.1100,81.5460,109.6090,18.5587,7.2370,5.5231,12.5648,11.5228,13.7956
2019/6/7 14:26,108.1980,122.6610,137.8250,75.7710,72.1080,81.5540,109.6090,18.5631,7.2360,5.5230,12.5599,11.5219,13.7975
2019/6/7 14:27,108.1820,122.6600,137.8150,75.7680,72.1050,81.5520,109.5990,18.5609,7.2350,5.5231,12.5627,11.5219,13.7955
2019/6/7 14:28,108.1960,122.6730,137.8300,75.7770,72.1130,81.5620,109.6080,18.5633,7.2360,5.5240,12.5646,11.5236,13.7973
2019/6/7 14:29,108.1880,122.6680,137.8310,75.7800,72.1130,81.5570,109.6000,18.5620,7.2370,5.5247,12.5632,11.5230,13.7963
2019/6/7 14:30,108.1880,122.6610,137.8210,75.7750,72.1100,81.5510,109.5980,18.5620,7.2370,5.5247,12.5625,11.5224,13.7963
2019/6/7 14:31,108.1940,122.6590,137.8200,75.7780,72.1120,81.5510,109.5920,18.5621,7.2370,5.5244,12.5624,11.5230,13.7970
2019/6/7 14:32,108.1930,122.6540,137.8090,75.7780,72.1120,81.5420,109.5910,18.5598,7.2360,5.5245,12.5619,11.5226,13.7969
2019/6/7 14:33,108.2000,122.6430,137.7930,75.7700,72.1060,81.5320,109.5870,18.5621,7.2350,5.5245,12.5580,11.5215,13.7978
2019/6/7 14:34,108.2320,122.6530,137.8250,75.7820,72.1030,81.5570,109.5880,18.5727,7.2310,5.5256,12.5609,11.5227,13.8019
2019/6/7 14:35,108.2380,122.6510,137.8320,75.7840,72.0990,81.5570,109.5840,18.5733,7.2360,5.5286,12.5584,11.5219,13.8026
2019/6/7 14:36,108.2460,122.6650,137.8410,75.7790,72.1040,81.5650,109.5950,18.5759,7.2360,5.5290,12.5623,11.5238,13.8037
2019/6/7 14:37,108.2440,122.6720,137.8600,75.7860,72.1090,81.5670,109.6030,18.5756,7.2370,5.5299,12.5635,11.5245,13.8034
2019/6/7 14:38,108.2450,122.6810,137.8630,75.7870,72.1130,81.5660,109.6070,18.5758,7.2360,5.5301,12.5619,11.5261,13.8035
2019/6/7 14:39,108.2420,122.6800,137.8670,75.7920,72.1250,81.5630,109.6100,18.5765,7.2380,5.5300,12.5625,11.5261,13.8032
2019/6/7 14:40,108.2340,122.6890,137.8690,75.7910,72.1220,81.5530,109.6160,18.5791,7.2370,5.5296,12.5623,11.5265,13.8021
2019/6/7 14:41,108.2340,122.6890,137.8680,75.7920,72.1200,81.5570,109.6140,18.5805,7.2380,5.5294,12.5627,11.5267,13.8021
2019/6/7 14:42,108.2370,122.7030,137.8770,75.7960,72.1190,81.5540,109.6290,18.5791,7.2370,5.5283,12.5640,11.5280,13.8025
2019/6/7 14:43,108.2450,122.6970,137.8510,75.7980,72.1140,81.5570,109.6270,18.5805,7.2350,5.5266,12.5634,11.5272,13.8035
2019/6/7 14:44,108.2520,122.6960,137.8380,75.7950,72.1070,81.5600,109.6240,18.5816,7.2360,5.5270,12.5627,11.5264,13.8044
2019/6/7 14:45,108.2310,122.6850,137.8320,75.7890,72.1050,81.5490,109.6160,18.5801,7.2350,5.5267,12.5615,11.5251,13.8018
2019/6/7 14:46,108.2340,122.6830,137.8440,75.7900,72.1090,81.5480,109.6170,18.5806,7.2350,5.5274,12.5612,11.5251,13.8021
2019/6/7 14:47,108.2340,122.6820,137.8340,75.7890,72.1080,81.5480,109.6170,18.5805,7.2370,5.5283,12.5604,11.5246,13.8021
2019/6/7 14:48,108.2380,122.6820,137.8410,75.7860,72.1080,81.5520,109.6150,18.5810,7.2370,5.5283,12.5598,11.5248,13.8026
2019/6/7 14:49,108.2310,122.6740,137.8320,75.7790,72.1030,81.5440,109.6120,18.5773,7.2350,5.5281,12.5586,11.5230,13.8018
2019/6/7 14:50,108.2430,122.6810,137.8260,75.7720,72.1010,81.5480,109.6160,18.5793,7.2350,5.5285,12.5578,11.5219,13.8033
2019/6/7 14:51,108.2530,122.6920,137.8480,75.7800,72.0970,81.5500,109.6350,18.5810,7.2370,5.5292,12.5591,11.5228,13.8046
2019/6/7 14:52,108.2380,122.6800,137.8280,75.7700,72.0900,81.5380,109.6190,18.5785,7.2360,5.5293,12.5576,11.5191,13.8026
2019/6/7 14:53,108.2100,122.6490,137.8050,75.7530,72.0780,81.5170,109.5970,18.5737,7.2340,5.5289,12.5542,11.5173,13.7991
2019/6/7 14:54,108.1980,122.6440,137.8040,75.7470,72.0700,81.5040,109.5960,18.5716,7.2330,5.5284,12.5519,11.5156,13.7975
2019/6/7 14:55,108.1840,122.6310,137.7850,75.7470,72.0630,81.4930,109.5860,18.5692,7.2320,5.5282,12.5504,11.5136,13.7958
2019/6/7 14:56,108.1850,122.6310,137.7860,75.7480,72.0650,81.4930,109.5870,18.5694,7.2330,5.5257,12.5491,11.5174,13.7959
2019/6/7 14:57,108.1770,122.6430,137.8010,75.7500,72.0670,81.4980,109.5950,18.5680,7.2300,5.5263,12.5511,11.5165,13.7949
2019/6/7 14:58,108.1770,122.6500,137.8050,75.7460,72.0690,81.4970,109.6050,18.5680,7.2320,5.5264,12.5509,11.5174,13.7949
2019/6/7 14:59,108.1560,122.6400,137.7950,75.7460,72.0670,81.4940,109.5950,18.5644,7.2280,5.5242,12.5504,11.5170,13.7922
2019/6/7 15:00,108.1650,122.6360,137.7960,75.7400,72.0710,81.5010,109.5930,18.5659,7.2290,5.5249,12.5497,11.5173,13.7933
2019/6/7 15:01,108.1630,122.6180,137.7990,75.7420,72.0720,81.5040,109.5860,18.5656,7.2290,5.5269,12.5485,11.5164,13.7932
2019/6/7 15:02,108.1630,122.6220,137.8010,75.7430,72.0710,81.5020,109.5840,18.5656,7.2290,5.5258,12.5487,11.5169,13.7931
2019/6/7 15:03,108.1650,122.6150,137.7950,75.7440,72.0720,81.4990,109.5820,18.5659,7.2290,5.5278,12.5478,11.5161,13.7933
2019/6/7 15:04,108.1580,122.6070,137.7730,75.7330,72.0710,81.4840,109.5720,18.5647,7.2260,5.5255,12.5462,11.5153,13.7924
2019/6/7 15:05,108.1590,122.6030,137.7830,75.7290,72.0710,81.4840,109.5800,18.5704,7.2270,5.5236,12.5456,11.5151,13.7926
2019/6/7 15:06,108.1580,122.5970,137.7690,75.7260,72.0700,81.4820,109.5700,18.5868,7.2280,5.5233,12.5453,11.5148,13.7924
2019/6/7 15:07,108.1770,122.6010,137.7820,75.7310,72.0790,81.4970,109.5780,18.5653,7.2290,5.5225,12.5455,11.5161,13.7946
2019/6/7 15:08,108.1670,122.5950,137.7810,75.7240,72.0740,81.4950,109.5670,18.5778,7.2280,5.5214,12.5448,11.5146,13.7934
2019/6/7 15:09,108.1750,122.5930,137.7910,75.7270,72.0790,81.5010,109.5630,18.5818,7.2290,5.5206,12.5451,11.5145,13.7944
2019/6/7 15:10,108.1710,122.5880,137.7750,75.7220,72.0670,81.4880,109.5580,18.5724,7.2280,5.5207,12.5446,11.5141,13.7939
2019/6/7 15:11,108.1680,122.5750,137.7750,75.7190,72.0640,81.4900,109.5470,18.5768,7.2290,5.5202,12.5434,11.5126,13.7935
2019/6/7 15:12,108.1760,122.5840,137.7680,75.7240,72.0700,81.5010,109.5550,18.5835,7.2300,5.5200,12.5451,11.5135,13.7945
2019/6/7 15:13,108.1700,122.5770,137.7650,75.7160,72.0670,81.4920,109.5480,18.5881,7.2290,5.5208,12.5442,11.5128,13.7938
2019/6/7 15:14,108.1810,122.5790,137.7770,75.7180,72.0660,81.4950,109.5510,18.5855,7.2290,5.5209,12.5445,11.5131,13.7952
2019/6/7 15:15,108.1810,122.5690,137.7670,75.7160,72.0630,81.4890,109.5450,18.5833,7.2280,5.5223,12.5447,11.5125,13.7951
2019/6/7 15:16,108.1720,122.5680,137.7800,75.7180,72.0680,81.4880,109.5390,18.5692,7.2270,5.5231,12.5455,11.5125,13.7939
2019/6/7 15:17,108.1770,122.5720,137.7840,75.7160,72.0700,81.4930,109.5410,18.5733,7.2280,5.5233,12.5461,11.5129,13.7946
2019/6/7 15:18,108.1800,122.5680,137.7810,75.7100,72.0630,81.4940,109.5450,18.5770,7.2280,5.5235,12.5455,11.5124,13.7949
2019/6/7 15:19,108.1940,122.5660,137.7720,75.7180,72.0730,81.5020,109.5390,18.5791,7.2290,5.5249,12.5451,11.5127,13.7970
2019/6/7 15:20,108.1980,122.5580,137.7570,75.7130,72.0630,81.5030,109.5210,18.5798,7.2280,5.5257,12.5444,11.5119,13.7974
2019/6/7 15:21,108.1990,122.5680,137.7820,75.7130,72.0580,81.5090,109.5290,18.5804,7.2300,5.5254,12.5456,11.5130,13.7975
2019/6/7 15:22,108.2200,122.5860,137.8060,75.7250,72.0720,81.5180,109.5440,18.5840,7.2310,5.5266,12.5482,11.5148,13.8001
2019/6/7 15:23,108.2150,122.5830,137.7910,75.7220,72.0750,81.5260,109.5380,18.5841,7.2310,5.5266,12.5480,11.5144,13.7994
2019/6/7 15:24,108.2140,122.5880,137.7890,75.7200,72.0760,81.5310,109.5380,18.5844,7.2300,5.5265,12.5482,11.5121,13.7993
2019/6/7 15:25,108.2050,122.5790,137.7750,75.7140,72.0690,81.5170,109.5340,18.5829,7.2290,5.5261,12.5472,11.5123,13.7982
2019/6/7 15:26,108.2070,122.5820,137.7880,75.7150,72.0720,81.5220,109.5350,18.5832,7.2310,5.5273,12.5475,11.5131,13.7985
2019/6/7 15:27,108.2010,122.5790,137.7860,75.7120,72.0690,81.5140,109.5340,18.5821,7.2310,5.5269,12.5472,11.5130,13.7976
2019/6/7 15:28,108.2000,122.5850,137.8040,75.7210,72.0780,81.5160,109.5340,18.5834,7.2320,5.5275,12.5485,11.5135,13.7976
2019/6/7 15:29,108.1820,122.5650,137.7820,75.7070,72.0670,81.4950,109.5180,18.5798,7.2290,5.5262,12.5459,11.5115,13.7953
2019/6/7 15:30,108.1810,122.5740,137.7890,75.7100,72.0660,81.4960,109.5280,18.5797,7.2300,5.5259,12.5460,11.5128,13.7953
2019/6/7 15:31,108.1950,122.5910,137.7970,75.7180,72.0710,81.5060,109.5320,18.5825,7.2300,5.5266,12.5477,11.5141,13.7970
2019/6/7 15:32,108.1830,122.5740,137.7810,75.7020,72.0610,81.4900,109.5280,18.5794,7.2280,5.5245,12.5454,11.5126,13.7955
2019/6/7 15:33,108.1900,122.5800,137.7910,75.7060,72.0580,81.4970,109.5350,18.5795,7.2260,5.5239,12.5456,11.5131,13.7964
2019/6/7 15:34,108.1880,122.5900,137.7980,75.7130,72.0680,81.4990,109.5350,18.5803,7.2290,5.5241,12.5493,11.5145,13.7962
2019/6/7 15:35,108.1800,122.5810,137.7860,75.7060,72.0630,81.4880,109.5340,18.5791,7.2290,5.5228,12.5481,11.5134,13.7951
2019/6/7 15:36,108.1800,122.5850,137.7990,75.7070,72.0620,81.4890,109.5370,18.5789,7.2290,5.5196,12.5485,11.5136,13.7951
2019/6/7 15:37,108.1750,122.5860,137.7840,75.7040,72.0600,81.4860,109.5340,18.5781,7.2280,5.5191,12.5484,11.5137,13.7944
2019/6/7 15:38,108.1740,122.5820,137.7860,75.7060,72.0600,81.4850,109.5330,18.5777,7.2290,5.5167,12.5471,11.5126,13.7943
2019/6/7 15:39,108.1750,122.5840,137.7940,75.7080,72.0620,81.4900,109.5340,18.5777,7.2280,5.5167,12.5472,11.5127,13.7944
2019/6/7 15:40,108.1690,122.5840,137.7920,75.7030,72.0560,81.4810,109.5280,18.5773,7.2280,5.5163,12.5471,11.5130,13.7937
2019/6/7 15:41,108.1690,122.5820,137.7950,75.7060,72.0570,81.4690,109.5320,18.5769,7.2290,5.5183,12.5467,11.5113,13.7937
2019/6/7 15:42,108.1700,122.5830,137.7860,75.7040,72.0580,81.4650,109.5310,18.5769,7.2280,5.5176,12.5465,11.5126,13.7939
2019/6/7 15:43,108.1710,122.5800,137.7900,75.7010,72.0590,81.4540,109.5290,18.5774,7.2290,5.5177,12.5463,11.5127,13.7940
2019/6/7 15:44,108.1610,122.5800,137.7840,75.6930,72.0530,81.4530,109.5300,18.5746,7.2270,5.5159,12.5459,11.5123,13.7927
2019/6/7 15:45,108.1570,122.5770,137.7710,75.6890,72.0500,81.4450,109.5250,18.5732,7.2250,5.5158,12.5453,11.5118,13.7922
2019/6/7 15:46,108.1620,122.5810,137.7780,75.6880,72.0530,81.4490,109.5300,18.5727,7.2240,5.5145,12.5476,11.5123,13.7928
2019/6/7 15:47,108.1590,122.5770,137.7720,75.6860,72.0500,81.4510,109.5270,18.5708,7.2240,5.5155,12.5473,11.5119,13.7924
2019/6/7 15:48,108.1520,122.5750,137.7660,75.6900,72.0430,81.4530,109.5280,18.5696,7.2240,5.5155,12.5469,11.5113,13.7915
2019/6/7 15:49,108.1510,122.5690,137.7610,75.6870,72.0410,81.4460,109.5290,18.5701,7.2230,5.5154,12.5465,11.5109,13.7915
2019/6/7 15:50,108.1650,122.5840,137.7780,75.6910,72.0430,81.4570,109.5350,18.5757,7.2250,5.5160,12.5480,11.5124,13.7932
2019/6/7 15:51,108.1700,122.5840,137.7790,75.6910,72.0450,81.4580,109.5380,18.5780,7.2240,5.5163,12.5480,11.5120,13.7939
2019/6/7 15:52,108.1520,122.5740,137.7680,75.6850,72.0380,81.4510,109.5270,18.5747,7.2230,5.5158,12.5469,11.5108,13.7916
2019/6/7 15:53,108.1620,122.5760,137.7490,75.6910,72.0400,81.4580,109.5280,18.5802,7.2240,5.5164,12.5474,11.5112,13.7929
2019/6/7 15:54,108.1620,122.5810,137.7410,75.6890,72.0410,81.4520,109.5270,18.5632,7.2240,5.5159,12.5475,11.5103,13.7929
2019/6/7 15:55,108.1680,122.5890,137.7480,75.6850,72.0440,81.4570,109.5320,18.5758,7.2190,5.5161,12.5483,11.5112,13.7936
2019/6/7 15:56,108.1740,122.5960,137.7590,75.6880,72.0500,81.4560,109.5390,18.5790,7.2210,5.5177,12.5484,11.5121,13.7943
2019/6/7 15:57,108.1740,122.6000,137.7600,75.6920,72.0510,81.4570,109.5400,18.5781,7.2210,5.5165,12.5483,11.5126,13.7943
2019/6/7 15:58,108.1890,122.6150,137.7670,75.7040,72.0570,81.4730,109.5570,18.5814,7.2230,5.5165,12.5502,11.5152,13.7962
2019/6/7 15:59,108.1710,122.5920,137.7420,75.6960,72.0450,81.4490,109.5400,18.5771,7.2190,5.5129,12.5477,11.5107,13.7938
2019/6/7 16:00,108.1610,122.5850,137.7350,75.6860,72.0410,81.4260,109.5380,18.5739,7.2180,5.5108,12.5468,11.5102,13.7923
2019/6/7 16:01,108.1620,122.5880,137.7300,75.6880,72.0430,81.4190,109.5410,18.5749,7.2190,5.5099,12.5469,11.5102,13.7924
2019/6/7 16:02,108.1650,122.5920,137.7380,75.6890,72.0440,81.4220,109.5470,18.5730,7.2210,5.5100,12.5470,11.5092,13.7930
2019/6/7 16:03,108.1640,122.5930,137.7330,75.6900,72.0440,81.4270,109.5440,18.5615,7.2210,5.5109,12.5475,11.5112,13.7930
2019/6/7 16:04,108.1620,122.5910,137.7380,75.6910,72.0520,81.4270,109.5430,18.5616,7.2220,5.5112,12.5469,11.5102,13.7927
2019/6/7 16:05,108.1630,122.5910,137.7390,75.6920,72.0530,81.4320,109.5430,18.5736,7.2210,5.5111,12.5474,11.5102,13.7929
2019/6/7 16:06,108.1610,122.5910,137.7390,75.6890,72.0540,81.4390,109.5410,18.5709,7.2210,5.5112,12.5489,11.5112,13.7924
2019/6/7 16:07,108.1620,122.5890,137.7380,75.6890,72.0550,81.4440,109.5430,18.5704,7.2210,5.5112,12.5486,11.5114,13.7927
2019/6/7 16:08,108.1610,122.5950,137.7450,75.6990,72.0630,81.4430,109.5400,18.5707,7.2210,5.5113,12.5455,11.5122,13.7926
2019/6/7 16:09,108.1610,122.5940,137.7460,75.6900,72.0610,81.4420,109.5400,18.5714,7.2210,5.5113,12.5447,11.5123,13.7925
2019/6/7 16:10,108.1560,122.5900,137.7480,75.6910,72.0590,81.4390,109.5480,18.5669,7.2210,5.5111,12.5443,11.5108,13.7919
2019/6/7 16:11,108.1610,122.5950,137.7550,75.6940,72.0600,81.4420,109.5530,18.5672,7.2210,5.5114,12.5450,11.5114,13.7926
2019/6/7 16:12,108.1630,122.5910,137.7540,75.6940,72.0620,81.4440,109.5490,18.5681,7.2210,5.5115,12.5448,11.5108,13.7928
2019/6/7 16:13,108.1630,122.5930,137.7580,75.6940,72.0610,81.4440,109.5500,18.5679,7.2210,5.5113,12.5446,11.5107,13.7928
2019/6/7 16:14,108.1610,122.5940,137.7580,75.6950,72.0600,81.4390,109.5500,18.5683,7.2210,5.5129,12.5439,11.5109,13.7926
2019/6/7 16:15,108.1490,122.5790,137.7400,75.6880,72.0520,81.4280,109.5390,18.5656,7.2200,5.5113,12.5424,11.5090,13.7910
2019/6/7 16:16,108.1480,122.5840,137.7440,75.6870,72.0520,81.4300,109.5490,18.5643,7.2190,5.5113,12.5431,11.5096,13.7909
2019/6/7 16:17,108.1470,122.5880,137.7400,75.6880,72.0510,81.4260,109.5470,18.5642,7.2200,5.5112,12.5427,11.5095,13.7907
2019/6/7 16:18,108.1500,122.5880,137.7430,75.6890,72.0540,81.4330,109.5490,18.5649,7.2200,5.5105,12.5434,11.5094,13.7910
2019/6/7 16:19,108.1520,122.5980,137.7450,75.6920,72.0560,81.4300,109.5510,18.5651,7.2200,5.5094,12.5439,11.5104,13.7909
2019/6/7 16:20,108.1630,122.6040,137.7590,75.6980,72.0620,81.4370,109.5630,18.5672,7.2210,5.5087,12.5445,11.5114,13.7925
2019/6/7 16:21,108.1630,122.6060,137.7580,75.6990,72.0610,81.4370,109.5630,18.5674,7.2210,5.5089,12.5445,11.5113,13.7925
2019/6/7 16:22,108.1630,122.6040,137.7610,75.6990,72.0610,81.4370,109.5630,18.5672,7.2200,5.5091,12.5445,11.5113,13.7925
2019/6/7 16:23,108.1630,122.6100,137.7700,75.7100,72.0620,81.4380,109.5620,18.5677,7.2210,5.5089,12.5457,11.5112,13.7925
2019/6/7 16:24,108.1610,122.6100,137.7700,75.7080,72.0600,81.4370,109.5680,18.5431,7.2210,5.5103,12.5459,11.5111,13.7922
2019/6/7 16:25,108.1560,122.6120,137.7640,75.7050,72.0550,81.4320,109.5690,18.5526,7.2210,5.5108,12.5457,11.5110,13.7916
2019/6/7 16:26,108.1570,122.6120,137.7640,75.7140,72.0660,81.4320,109.5670,18.5592,7.2200,5.5112,12.5461,11.5114,13.7917
2019/6/7 16:27,108.1550,122.6120,137.7660,75.7130,72.0670,81.4330,109.5670,18.5588,7.2200,5.5113,12.5458,11.5113,13.7915
2019/6/7 16:28,108.1620,122.5940,137.7590,75.7060,72.0670,81.4360,109.5730,18.5599,7.2220,5.5118,12.5437,11.5095,13.7924
2019/6/7 16:29,108.1630,122.5950,137.7620,75.7150,72.0660,81.4390,109.5720,18.5600,7.2220,5.5119,12.5439,11.5099,13.7925
2019/6/7 16:30,108.1680,122.6000,137.7750,75.7170,72.0650,81.4420,109.5730,18.5609,7.2220,5.5109,12.5446,11.5101,13.7931
2019/6/7 16:31,108.1670,122.6070,137.7740,75.7160,72.0640,81.4350,109.5730,18.5607,7.2220,5.5108,12.5454,11.5106,13.7930
2019/6/7 16:32,108.1720,122.6100,137.7800,75.7080,72.0650,81.4420,109.5750,18.5591,7.2210,5.5111,12.5459,11.5124,13.7937
2019/6/7 16:33,108.1720,122.6100,137.7850,75.7040,72.0580,81.4400,109.5770,18.5587,7.2220,5.5119,12.5455,11.5120,13.7937
2019/6/7 16:34,108.1730,122.6050,137.7810,75.6970,72.0550,81.4400,109.5740,18.5531,7.2220,5.5119,12.5450,11.5083,13.7938
2019/6/7 16:35,108.1810,122.6060,137.7910,75.7010,72.0580,81.4510,109.5560,18.5545,7.2220,5.5128,12.5468,11.5094,13.7948
2019/6/7 16:36,108.1850,122.6090,137.7970,75.7040,72.0600,81.4530,109.5580,18.5651,7.2230,5.5129,12.5451,11.5089,13.7953
2019/6/7 16:37,108.1870,122.6090,137.7980,75.7050,72.0560,81.4550,109.5530,18.5610,7.2220,5.5107,12.5449,11.5163,13.7956
2019/6/7 16:38,108.1850,122.6070,137.7990,75.7010,72.0500,81.4510,109.5550,18.5634,7.2230,5.5070,12.5444,11.5168,13.7954
2019/6/7 16:39,108.1790,122.6020,137.7900,75.6990,72.0490,81.4450,109.5500,18.5660,7.2220,5.5064,12.5436,11.5153,13.7946
2019/6/7 16:40,108.1720,122.5940,137.7800,75.6920,72.0450,81.4450,109.5460,18.5668,7.2210,5.5059,12.5409,11.5149,13.7936
2019/6/7 16:41,108.1760,122.5980,137.7840,75.6900,72.0470,81.4480,109.5430,18.5675,7.2220,5.5082,12.5414,11.5147,13.7941
2019/6/7 16:42,108.1780,122.5970,137.7880,75.6880,72.0410,81.4400,109.5200,18.5666,7.2220,5.5076,12.5417,11.5149,13.7943
2019/6/7 16:43,108.1760,122.5960,137.7860,75.6940,72.0420,81.4420,109.5180,18.5658,7.2220,5.5075,12.5424,11.5147,13.7944
2019/6/7 16:44,108.1830,122.6030,137.7860,75.6990,72.0490,81.4490,109.5240,18.5607,7.2230,5.5079,12.5432,11.5154,13.7954
2019/6/7 16:45,108.1800,122.6010,137.7620,75.6950,72.0510,81.4500,109.5210,18.5654,7.2230,5.5075,12.5428,11.5151,13.7950
2019/6/7 16:46,108.1790,122.6020,137.7650,75.6950,72.0500,81.4540,109.5170,18.5541,7.2210,5.5066,12.5438,11.5150,13.7949
2019/6/7 16:47,108.1790,122.5980,137.7580,75.6930,72.0520,81.4530,109.5140,18.5600,7.2210,5.5066,12.5433,11.5142,13.7949
2019/6/7 16:48,108.1830,122.6010,137.7680,75.6950,72.0550,81.4650,109.5080,18.5607,7.2230,5.5077,12.5436,11.5150,13.7952
2019/6/7 16:49,108.1890,122.6030,137.7780,75.6990,72.0580,81.4730,109.5060,18.5617,7.2220,5.5088,12.5441,11.5152,13.7966
2019/6/7 16:50,108.1950,122.5900,137.7690,75.7020,72.0680,81.4770,109.5110,18.5595,7.2220,5.5089,12.5429,11.5153,13.7975
2019/6/7 16:51,108.2020,122.5910,137.7900,75.7150,72.0740,81.4810,109.5040,18.5621,7.2250,5.5131,12.5435,11.5166,13.7984
2019/6/7 16:52,108.2010,122.5960,137.7980,75.7140,72.0790,81.4870,109.5030,18.5610,7.2230,5.5143,12.5455,11.5181,13.7986
2019/6/7 16:53,108.2070,122.6070,137.7940,75.7130,72.0820,81.4870,109.5060,18.5621,7.2240,5.5173,12.5459,11.5192,13.7994
2019/6/7 16:54,108.2070,122.6050,137.8070,75.7230,72.0810,81.4880,109.5060,18.5624,7.2210,5.5152,12.5470,11.5181,13.7994
2019/6/7 16:55,108.2020,122.6040,137.8060,75.7230,72.0780,81.4870,109.5030,18.5603,7.2210,5.5147,12.5467,11.5185,13.7987
2019/6/7 16:56,108.1920,122.6100,137.8050,75.7230,72.0790,81.5130,109.5070,18.5588,7.2190,5.5141,12.5479,11.5196,13.7974
2019/6/7 16:57,108.1930,122.6170,137.8230,75.7220,72.0840,81.5420,109.5150,18.5590,7.2190,5.5154,12.5492,11.5202,13.7976
2019/6/7 16:58,108.1930,122.6120,137.8030,75.7250,72.0910,81.5240,109.5000,18.5590,7.2190,5.5149,12.5488,11.5193,13.7976
2019/6/7 16:59,108.1890,122.5880,137.7740,75.7170,72.0560,81.5390,109.4810,18.5588,7.2190,5.5126,12.5489,11.5233,13.7970
